{
    "intensive": {
        "appr": {
            "0.5": [
                0.5,
                0.7
            ],
            "0.6": [
                1.0,
                0.8
            ],
            "0.7": [
                1.0,
                0.9
            ],
            "0.8": [
                0.9,
                1.0
            ],
            "0.9": [
                0.8,
                1.0
            ],
            "1.0": [
                0.8,
                1.0
            ]
        },
        "disappr": {
            "0.5": [
                0.30000000000000004,
                0.2
            ],
            "0.4": [
                0.19999999999999996,
                0.2
            ],
            "0.3": [
                0.09999999999999998,
                0.1
            ],
            "0.2": [
                0.0,
                0.0
            ],
            "0.1": [
                0.0,
                0.0
            ],
            "0.0": [
                0.0,
                0.5
            ]
        }
    },
    "extensive": {
        "appr": {
            "0.5": [
                0.5,
                0.5
            ],
            "0.6": [
                0.5,
                0.5
            ],
            "0.7": [
                0.5,
                0.5
            ],
            "0.8": [
                0.6,
                0.6
            ],
            "0.9": [
                0.7,
                0.7
            ],
            "1.0": [
                0.8,
                0.8
            ]
        },
        "disappr": {
            "0.0": [
                0.2,
                0.2
            ],
            "0.1": [
                0.3,
                0.3
            ],
            "0.2": [
                0.4,
                0.4
            ],
            "0.3": [
                0.5,
                0.5
            ],
            "0.4": [
                0.5,
                0.5
            ],
            "0.5": [
                0.5,
                0.5
            ]
        }
    }
}