{
    "intensive": {
        "appr": -0.35590618383224926,
        "disappr": 0.43285493412987086
    },
    "extensive": {
        "appr": -0.8298337456100552,
        "disappr": -0.816529272741422
    }
}