{
    "intensive": {
        "appr": -0.2624800279014668,
        "disappr": 0.1404265058958822
    },
    "extensive": {
        "appr": -0.330210283313885,
        "disappr": -0.3114008250179901
    }
}