{
    "intensive": {
        "appr": -0.4457169347441429,
        "disappr": 0.23848635683040564
    },
    "extensive": {
        "appr": -0.7029891952657408,
        "disappr": -0.6785805256742969
    }
}