,run_id,time_step,opinion,out_belief,in_belief,group_type,tau,alpha,participation
0,0,0,0.6683240229019597,0.336553640106458,0.670963485686314,treatment,0.2,0.6,0.0
1,0,0,0.3217930910991625,0.6299137472394155,0.3372116248039683,treatment,0.2,0.6,0.0
2,1,1,0.6683240229019597,0.301441429954446,0.7246277942310333,treatment,0.2,0.6,0.2777777777777778
3,1,1,0.3217930910991625,0.6896138781236205,0.2601026984480295,treatment,0.2,0.6,0.34782608695652173
4,1,2,0.6683240229019597,0.28073616744988955,0.7493263075501481,treatment,0.2,0.6,0.2037037037037037
5,1,2,0.3217930910991625,0.7104944711971162,0.22468691951957415,treatment,0.2,0.6,0.1956521739130435
6,1,3,0.6683240229019597,0.2624397872328425,0.7596663650059431,treatment,0.2,0.6,0.14814814814814814
7,1,3,0.3217930910991625,0.7249955899099324,0.21467041695047492,treatment,0.2,0.6,0.21739130434782608
8,1,4,0.6683240229019597,0.2505157255799137,0.7681959388184967,treatment,0.2,0.6,0.12962962962962962
9,1,4,0.3217930910991625,0.7369322553698909,0.2056605002793301,treatment,0.2,0.6,0.1956521739130435
10,1,5,0.6683240229019597,0.24241003711550832,0.7750104685683177,treatment,0.2,0.6,0.12962962962962962
11,1,5,0.3217930910991625,0.7455805285628456,0.1995860415558025,treatment,0.2,0.6,0.1956521739130435
12,1,6,0.6683240229019597,0.23524927589749273,0.7810352843314051,treatment,0.2,0.6,0.12962962962962962
13,1,6,0.3217930910991625,0.7527541815696553,0.19433957118645012,treatment,0.2,0.6,0.1956521739130435
14,1,7,0.6683240229019597,0.228847911282569,0.7864141195023476,treatment,0.2,0.6,0.12962962962962962
15,1,7,0.3217930910991625,0.7597602730324025,0.18971755965147144,treatment,0.2,0.6,0.1956521739130435
16,1,8,0.6683240229019597,0.22308112521052934,0.7912535344890046,treatment,0.2,0.6,0.12962962962962962
17,1,8,0.3217930910991625,0.7659747656554167,0.18559502414974285,treatment,0.2,0.6,0.1956521739130435
18,1,9,0.6683240229019597,0.21957394665253346,0.7956360292871607,treatment,0.2,0.6,0.12962962962962962
19,1,9,0.3217930910991625,0.7714528287593028,0.18290663219333997,treatment,0.2,0.6,0.2391304347826087
20,1,10,0.6683240229019597,0.21538676484335376,0.7996269179482872,treatment,0.2,0.6,0.12962962962962962
21,1,10,0.3217930910991625,0.7763153557758508,0.1800685072649739,treatment,0.2,0.6,0.2391304347826087
22,1,11,0.6683240229019597,0.21154690834288217,0.8032788841668518,treatment,0.2,0.6,0.12962962962962962
23,1,11,0.3217930910991625,0.7807589057073043,0.1775090469516976,treatment,0.2,0.6,0.2391304347826087
24,1,12,0.6683240229019597,0.20714195532725826,0.8066350823246258,treatment,0.2,0.6,0.12962962962962962
25,1,12,0.3217930910991625,0.7848172816938412,0.1741431611079949,treatment,0.2,0.6,0.21739130434782608
26,1,13,0.6683240229019597,0.203610538129397,0.8097313161252983,treatment,0.2,0.6,0.12962962962962962
27,1,13,0.3217930910991625,0.7885401790109876,0.1718314177935549,treatment,0.2,0.6,0.21739130434782608
28,1,14,0.6683240229019597,0.20034373921151705,0.8125976138882607,treatment,0.2,0.6,0.12962962962962962
29,1,14,0.3217930910991625,0.7919688648676965,0.1696580081317136,treatment,0.2,0.6,0.21739130434782608
30,1,15,0.6683240229019597,0.19731043376381494,0.8152593958849045,treatment,0.2,0.6,0.12962962962962962
31,1,15,0.3217930910991625,0.795137874519016,0.16762263542429026,treatment,0.2,0.6,0.21739130434782608
32,1,16,0.6683240229019597,0.1944860275475801,0.8177383574156236,treatment,0.2,0.6,0.12962962962962962
33,1,16,0.3217930910991625,0.8009059189557853,0.1657182029018515,treatment,0.2,0.6,0.21739130434782608
34,1,17,0.6683240229019597,0.19184932760519058,0.8200531486101276,treatment,0.2,0.6,0.12962962962962962
35,1,17,0.3217930910991625,0.8028091352732835,0.16393492279197708,treatment,0.2,0.6,0.21739130434782608
36,1,18,0.6683240229019597,0.18938195667760627,0.8222199056037567,treatment,0.2,0.6,0.12962962962962962
37,1,18,0.3217930910991625,0.8052644070094856,0.1622627515231733,treatment,0.2,0.6,0.21739130434782608
38,1,19,0.6683240229019597,0.18706789337577914,0.8242526709675903,treatment,0.2,0.6,0.12962962962962962
39,1,19,0.3217930910991625,0.8075636897846676,0.16069219596289408,treatment,0.2,0.6,0.21739130434782608
40,1,20,0.6683240229019597,0.18489310118286947,0.8261637302563536,treatment,0.2,0.6,0.12962962962962962
41,1,20,0.3217930910991625,0.8097181793039434,0.159214559259162,treatment,0.2,0.6,0.21739130434782608
42,1,21,0.6683240229019597,0.18284522646716256,0.8279638841113497,treatment,0.2,0.6,0.12962962962962962
43,1,21,0.3217930910991625,0.8117413538001077,0.1578219783984897,treatment,0.2,0.6,0.21739130434782608
44,1,22,0.6683240229019597,0.18091335072643652,0.8296626702288559,treatment,0.2,0.6,0.12962962962962962
45,1,22,0.3217930910991625,0.8136450604544304,0.156507382838677,treatment,0.2,0.6,0.21739130434782608
46,1,23,0.6683240229019597,0.17908778586605031,0.8312685458918229,treatment,0.2,0.6,0.12962962962962962
47,1,23,0.3217930910991625,0.8154397410885019,0.15526442566938825,treatment,0.2,0.6,0.21739130434782608
48,1,24,0.6683240229019597,0.17735990392406137,0.832789039170622,treatment,0.2,0.6,0.12962962962962962
49,1,24,0.3217930910991625,0.8171346376230472,0.15408740863765438,treatment,0.2,0.6,0.21739130434782608
50,1,25,0.6683240229019597,0.1757219945887858,0.8342308750087272,treatment,0.2,0.6,0.12962962962962962
51,1,25,0.3217930910991625,0.8187379620479472,0.15297120987346388,treatment,0.2,0.6,0.21739130434782608
52,1,26,0.6683240229019597,0.1741671453024767,0.8356000810116272,treatment,0.2,0.6,0.12962962962962962
53,1,26,0.3217930910991625,0.8202570378810554,0.15191121771189844,treatment,0.2,0.6,0.21739130434782608
54,1,27,0.6683240229019597,0.17268913984277443,0.8369020767104574,treatment,0.2,0.6,0.12962962962962962
55,1,27,0.3217930910991625,0.8216984186270423,0.15090327158873088,treatment,0.2,0.6,0.21739130434782608
56,1,28,0.6683240229019597,0.17128237211450165,0.8381417492787321,treatment,0.2,0.6,0.12962962962962962
57,1,28,0.3217930910991625,0.8230679875439387,0.1499436099190076,treatment,0.2,0.6,0.21739130434782608
58,1,29,0.6683240229019597,0.16994177253435458,0.8393235180733846,treatment,0.2,0.6,0.12962962962962962
59,1,29,0.3217930910991625,0.8243710421137501,0.1490288244250619,treatment,0.2,0.6,0.21739130434782608
60,1,30,0.6683240229019597,0.1686627448976703,0.8404513899020721,treatment,0.2,0.6,0.12962962962962962
61,1,30,0.3217930910991625,0.8256123659167783,0.14815582022935245,treatment,0.2,0.6,0.21739130434782608
62,1,31,0.6683240229019597,0.16744111201439046,0.8415290065528528,treatment,0.2,0.6,0.12962962962962962
63,1,31,0.3217930910991625,0.8267962900715525,0.1473217810116819,treatment,0.2,0.6,0.21739130434782608
64,1,32,0.6683240229019597,0.1662730687161572,0.842559685834866,treatment,0.2,0.6,0.12962962962962962
65,1,32,0.3217930910991625,0.8279267459836304,0.14652413857412908,treatment,0.2,0.6,0.21739130434782608
66,1,33,0.6683240229019597,0.1651551410871864,0.8435464571510128,treatment,0.2,0.6,0.12962962962962962
67,1,33,0.3217930910991625,0.8290073108179967,0.14576054622368895,treatment,0.2,0.6,0.21739130434782608
68,1,34,0.6683240229019597,0.1640841509724638,0.8444920924421973,treatment,0.2,0.6,0.12962962962962962
69,1,34,0.3217930910991625,0.8300412468500619,0.1450288554544829,treatment,0.2,0.6,0.21739130434782608
70,1,35,0.6683240229019597,0.16305718497873797,0.8453991331971046,treatment,0.2,0.6,0.12962962962962962
71,1,35,0.3217930910991625,0.8310315356434976,0.144327095480301,treatment,0.2,0.6,0.21739130434782608
72,1,36,0.6683240229019597,0.16207156731501934,0.846269914103994,treatment,0.2,0.6,0.12962962962962962
73,1,36,0.3217930910991625,0.8319809078375068,0.14365345523074283,treatment,0.2,0.6,0.21739130434782608
74,1,37,0.6683240229019597,0.1611248359262008,0.8471065838255983,treatment,0.2,0.6,0.12962962962962962
75,1,37,0.3217930910991625,0.8328918691926269,0.14300626747928438,treatment,0.2,0.6,0.21739130434782608
76,1,38,0.6683240229019597,0.16021472146094187,0.8479111233004032,treatment,0.2,0.6,0.12962962962962962
77,1,38,0.3217930910991625,0.8337667234359337,0.1423839948192802,treatment,0.2,0.6,0.21739130434782608
78,1,39,0.6683240229019597,0.15933912868693637,0.8486853619097368,treatment,0.2,0.6,0.12962962962962962
79,1,39,0.3217930910991625,0.834607592358353,0.14178521724481108,treatment,0.2,0.6,0.21739130434782608
80,1,40,0.6683240229019597,0.15849612002615354,0.8494309917975174,treatment,0.2,0.6,0.12962962962962962
81,1,40,0.3217930910991625,0.8354164335445684,0.1412086211281662,treatment,0.2,0.6,0.21739130434782608
82,1,41,0.6683240229019597,0.15768390093197368,0.8501495805859568,treatment,0.2,0.6,0.12962962962962962
83,1,41,0.3217930910991625,0.8361950560565843,0.14065298941540938,treatment,0.2,0.6,0.21739130434782608
84,1,42,0.6683240229019597,0.1569008068712288,0.850842582694344,treatment,0.2,0.6,0.12962962962962962
85,1,42,0.3217930910991625,0.836945134342903,0.1401171928866721,treatment,0.2,0.6,0.21739130434782608
86,1,43,0.6683240229019597,0.15614529170851618,0.8515113494378191,treatment,0.2,0.6,0.12962962962962962
87,1,43,0.3217930910991625,0.837668220604491,0.1396001823492055,treatment,0.2,0.6,0.21739130434782608
88,1,44,0.6683240229019597,0.15541591731898452,0.8521571380577483,treatment,0.2,0.6,0.12962962962962962
89,1,44,0.3217930910991625,0.838365755814736,0.13910098164940418,treatment,0.2,0.6,0.21739130434782608
90,1,45,0.6683240229019597,0.154711344280071,0.8527811198140272,treatment,0.2,0.6,0.12962962962962962
91,1,45,0.3217930910991625,0.8390390795621627,0.1386186814054819,treatment,0.2,0.6,0.21739130434782608
92,1,46,0.6683240229019597,0.15403032351318693,0.8533843872516832,treatment,0.2,0.6,0.12962962962962962
93,1,46,0.3217930910991625,0.8396894388607904,0.13815243337565508,treatment,0.2,0.6,0.21739130434782608
94,1,47,0.6683240229019597,0.15337168876373847,0.853967960738938,treatment,0.2,0.6,0.12962962962962962
95,1,47,0.3217930910991625,0.8403179960528983,0.1377014453879449,treatment,0.2,0.6,0.21739130434782608
96,1,48,0.6683240229019597,0.15273434982266199,0.8545327943609782,treatment,0.2,0.6,0.12962962962962962
97,1,48,0.3217930910991625,0.8409258359119431,0.13726497676732635,treatment,0.2,0.6,0.21739130434782608
98,1,49,0.6683240229019597,0.1521172864052623,0.8550797812426661,treatment,0.2,0.6,0.12962962962962962
99,1,49,0.3217930910991625,0.8415139720389292,0.13684233420420408,treatment,0.2,0.6,0.21739130434782608
100,1,50,0.6683240229019597,0.1515195426139369,0.8556097583640295,treatment,0.2,0.6,0.12962962962962962
101,1,50,0.3217930910991625,0.8420833526332474,0.1364328680152753,treatment,0.2,0.6,0.21739130434782608
102,1,51,0.6683240229019597,0.15094022192061762,0.8561235109242896,treatment,0.2,0.6,0.12962962962962962
103,1,51,0.3217930910991625,0.8426348657085141,0.1360359687539376,treatment,0.2,0.6,0.21739130434782608
104,1,52,0.6683240229019597,0.15037848261272335,0.8566217763032663,treatment,0.2,0.6,0.12962962962962962
105,1,52,0.3217930910991625,0.8431693438149487,0.1356510641326605,treatment,0.2,0.6,0.21739130434782608
106,1,53,0.6683240229019597,0.14983353365327612,0.8571052476630302,treatment,0.2,0.6,0.12962962962962962
107,1,53,0.3217930910991625,0.8436875683221292,0.13527761622428258,treatment,0.2,0.6,0.21739130434782608
108,1,54,0.6683240229019597,0.14930463091176646,0.8575745772275009,treatment,0.2,0.6,0.12962962962962962
109,1,54,0.3217930910991625,0.844190273309334,0.13491511891313765,treatment,0.2,0.6,0.21739130434782608
110,1,55,0.6683240229019597,0.14879107372749056,0.8580303792732354,treatment,0.2,0.6,0.12962962962962962
111,1,55,0.3217930910991625,0.8446781491049344,0.13456309557033033,treatment,0.2,0.6,0.21739130434782608
112,1,56,0.6683240229019597,0.14829220177154512,0.8584732328607615,treatment,0.2,0.6,0.12962962962962962
113,1,56,0.3217930910991625,0.8451518455113723,0.13422109693045692,treatment,0.2,0.6,0.21739130434782608
114,1,57,0.6683240229019597,0.14780739217755093,0.8589036843324442,treatment,0.2,0.6,0.12962962962962962
115,1,57,0.3217930910991625,0.845611974747945,0.1338886991496592,treatment,0.2,0.6,0.21739130434782608
116,1,58,0.6683240229019597,0.14733605691456275,0.8593222495999233,treatment,0.2,0.6,0.12962962962962962
117,1,58,0.3217930910991625,0.8460591141398864,0.13356550202716452,treatment,0.2,0.6,0.21739130434782608
118,1,59,0.6683240229019597,0.14687764037858628,0.8597294162415929,treatment,0.2,0.6,0.12962962962962962
119,1,59,0.3217930910991625,0.8464938085790013,0.13325112737444558,treatment,0.2,0.6,0.21739130434782608
120,1,60,0.6683240229019597,0.1464316171817159,0.8601256454283409,treatment,0.2,0.6,0.12962962962962962
121,1,60,0.3217930910991625,0.8469165727782375,0.13294521751787233,treatment,0.2,0.6,0.21739130434782608
122,1,61,0.6683240229019597,0.14599749012018462,0.8605113736937864,treatment,0.2,0.6,0.12962962962962962
123,1,61,0.3217930910991625,0.8473278933401298,0.13264743392225473,treatment,0.2,0.6,0.21739130434782608
124,1,62,0.6683240229019597,0.14557478830461865,0.8608870145635196,treatment,0.2,0.6,0.12962962962962962
125,1,62,0.3217930910991625,0.8477282306568457,0.13235745592401654,treatment,0.2,0.6,0.21739130434782608
126,1,63,0.6683240229019597,0.14516306543755325,0.8612529600563197,treatment,0.2,0.6,0.12962962962962962
127,1,63,0.3217930910991625,0.8481180206576715,0.1320749795639279,treatment,0.2,0.6,0.21739130434782608
128,1,64,0.6683240229019597,0.14476189822482277,0.8616095820689652,treatment,0.2,0.6,0.12962962962962962
129,1,64,0.3217930910991625,0.8484976764180792,0.1317997165103663,treatment,0.2,0.6,0.21739130434782608
130,1,65,0.6683240229019597,0.14437088490881342,0.8619572336550747,treatment,0.2,0.6,0.12962962962962962
131,1,65,0.3217930910991625,0.8488675896430374,0.1315313930650039,treatment,0.2,0.6,0.21739130434782608
132,1,66,0.6683240229019597,0.14398964391278676,0.8622962502073376,treatment,0.2,0.6,0.12962962962962962
133,1,66,0.3217930910991625,0.8492281320359223,0.13126974924363735,treatment,0.2,0.6,0.21739130434782608
134,1,67,0.6683240229019597,0.14361781258656184,0.8626269505515799,treatment,0.2,0.6,0.12962962962962962
135,1,67,0.3217930910991625,0.8495796565632159,0.13101453792560383,treatment,0.2,0.6,0.21739130434782608
136,1,68,0.6683240229019597,0.14325504604480543,0.8629496379602528,treatment,0.2,0.6,0.12962962962962962
137,1,68,0.3217930910991625,0.8499224986241588,0.13076552406587452,treatment,0.2,0.6,0.21739130434782608
138,1,69,0.6683240229019597,0.14290101609003342,0.8632646010922101,treatment,0.2,0.6,0.12962962962962962
139,1,69,0.3217930910991625,0.8502569771336149,0.13052248396449137,treatment,0.2,0.6,0.21739130434782608
140,1,70,0.6683240229019597,0.14255541021318902,0.8635721148649691,treatment,0.2,0.6,0.12962962962962962
141,1,70,0.3217930910991625,0.8505833955255795,0.1302852045885271,treatment,0.2,0.6,0.21739130434782608
142,1,71,0.6683240229019597,0.1422179306653432,0.8638724412650606,treatment,0.2,0.6,0.12962962962962962
143,1,71,0.3217930910991625,0.8509020426840641,0.13005348294220714,treatment,0.2,0.6,0.21739130434782608
144,1,72,0.6683240229019597,0.14188829359466937,0.8641658301015505,treatment,0.2,0.6,0.12962962962962962
145,1,72,0.3217930910991625,0.8512131938074208,0.12982712548124006,treatment,0.2,0.6,0.21739130434782608
146,1,73,0.6683240229019597,0.14156622824339077,0.8644525197073373,treatment,0.2,0.6,0.12962962962962962
147,1,73,0.3217930910991625,0.851517111211612,0.1296059475677727,treatment,0.2,0.6,0.21739130434782608
148,1,74,0.6683240229019597,0.14125147619988343,0.8647327375924158,treatment,0.2,0.6,0.12962962962962962
149,1,74,0.3217930910991625,0.851814045077416,0.12938977296271278,treatment,0.2,0.6,0.21739130434782608
150,1,75,0.6683240229019597,0.14094379070155838,0.8650067010529072,treatment,0.2,0.6,0.12962962962962962
151,1,75,0.3217930910991625,0.8521042341460815,0.12917843335245904,treatment,0.2,0.6,0.21739130434782608
152,1,76,0.6683240229019597,0.14064293598453795,0.8652746177393179,treatment,0.2,0.6,0.12962962962962962
153,1,76,0.3217930910991625,0.8523879063675526,0.12897176790734313,treatment,0.2,0.6,0.21739130434782608
154,1,77,0.6683240229019597,0.14034868667649553,0.8655366861871896,treatment,0.2,0.6,0.12962962962962962
155,1,77,0.3217930910991625,0.8526652795049982,0.12876962286932717,treatment,0.2,0.6,0.21739130434782608
156,1,78,0.6683240229019597,0.1400608272293477,0.8657930963130143,treatment,0.2,0.6,0.12962962962962962
157,1,78,0.3217930910991625,0.8529365616990532,0.12857185116671638,treatment,0.2,0.6,0.21739130434782608
158,1,79,0.6683240229019597,0.13977915138877495,0.8660440298780449,treatment,0.2,0.6,0.12962962962962962
159,1,79,0.3217930910991625,0.8532019519948781,0.12837831205383973,treatment,0.2,0.6,0.21739130434782608
160,1,80,0.6683240229019597,0.13950346169780586,0.8662896609224097,treatment,0.2,0.6,0.12962962962962962
161,1,80,0.3217930910991625,0.8534616408348683,0.1281888707738287,treatment,0.2,0.6,0.21739130434782608
162,1,81,0.6683240229019597,0.13923356903193734,0.8665301561717241,treatment,0.2,0.6,0.12962962962962962
163,1,81,0.3217930910991625,0.8537158105196043,0.1280033982427805,treatment,0.2,0.6,0.21739130434782608
164,1,82,0.6683240229019597,0.13896929216347284,0.8667656754182201,treatment,0.2,0.6,0.12962962962962962
165,1,82,0.3217930910991625,0.8539646356394105,0.12782177075373896,treatment,0.2,0.6,0.21739130434782608
166,1,83,0.6683240229019597,0.1387104573529562,0.8669963718782406,treatment,0.2,0.6,0.12962962962962962
167,1,83,0.3217930910991625,0.8542082834786898,0.12764386969905384,treatment,0.2,0.6,0.21739130434782608
168,1,84,0.6683240229019597,0.13845689796575117,0.8672223925277918,treatment,0.2,0.6,0.12962962962962962
169,1,84,0.3217930910991625,0.854446914395023,0.12746958130979893,treatment,0.2,0.6,0.21739130434782608
170,1,85,0.6683240229019597,0.1382084541119777,0.8674438784177151,treatment,0.2,0.6,0.12962962962962962
171,1,85,0.3217930910991625,0.8546806821748518,0.12729879641103717,treatment,0.2,0.6,0.21739130434782608
172,1,86,0.6683240229019597,0.13796497230815805,0.8676609649699112,treatment,0.2,0.6,0.12962962962962962
173,1,86,0.3217930910991625,0.854909734367424,0.12713141019181678,treatment,0.2,0.6,0.21739130434782608
174,1,87,0.6683240229019597,0.13772630515905981,0.8678737822559301,treatment,0.2,0.6,0.12962962962962962
175,1,87,0.3217930910991625,0.8551342125985331,0.12696732198887348,treatment,0.2,0.6,0.21739130434782608
176,1,88,0.6683240229019597,0.13749231105834045,0.8680824552591503,treatment,0.2,0.6,0.12962962962962962
177,1,88,0.3217930910991625,0.8553542528654706,0.1268064350830933,treatment,0.2,0.6,0.21739130434782608
178,1,89,0.6683240229019597,0.13726285390670753,0.8682871041216559,treatment,0.2,0.6,0.12962962962962962
179,1,89,0.3217930910991625,0.8555699858144916,0.12664865650786483,treatment,0.2,0.6,0.21739130434782608
180,1,90,0.6683240229019597,0.13703780284640996,0.8684878443768554,treatment,0.2,0.6,0.12962962962962962
181,1,90,0.3217930910991625,0.8557815370019952,0.12649389686851717,treatment,0.2,0.6,0.21739130434782608
182,1,91,0.6683240229019597,0.13681703201096457,0.8686847871687883,treatment,0.2,0.6,0.12962962962962962
183,1,91,0.3217930910991625,0.8559890271405223,0.1263420701721021,treatment,0.2,0.6,0.21739130434782608
184,1,92,0.6683240229019597,0.13660042028910618,0.8688780394590047,treatment,0.2,0.6,0.12962962962962962
185,1,92,0.3217930910991625,0.8561925723305993,0.1261930936668335,treatment,0.2,0.6,0.21739130434782608
186,1,93,0.6683240229019597,0.13638785110202664,0.8690677042218328,treatment,0.2,0.6,0.12962962962962962
187,1,93,0.3217930910991625,0.8563922842793615,0.12604688769055084,treatment,0.2,0.6,0.21739130434782608
188,1,94,0.6683240229019597,0.13617921219303558,0.8692538806287884,treatment,0.2,0.6,0.12962962962962962
189,1,94,0.3217930910991625,0.8565882705068384,0.12590337552761868,treatment,0.2,0.6,0.21739130434782608
190,1,95,0.6683240229019597,0.13597439542884293,0.869436664222827,treatment,0.2,0.6,0.12962962962962962
191,1,95,0.3217930910991625,0.8567806345406983,0.12576248327371964,treatment,0.2,0.6,0.21739130434782608
192,1,96,0.6683240229019597,0.13577329661171852,0.8696161470830818,treatment,0.2,0.6,0.12962962962962962
193,1,96,0.3217930910991625,0.8569694761002087,0.1256241397080357,treatment,0.2,0.6,0.21739130434782608
194,1,97,0.6683240229019597,0.13557581530183996,0.8697924179806982,treatment,0.2,0.6,0.12962962962962962
195,1,97,0.3217930910991625,0.8571548912700939,0.12548827617235095,treatment,0.2,0.6,0.21739130434782608
196,1,98,0.6683240229019597,0.1353818546491896,0.86996556252631,treatment,0.2,0.6,0.12962962962962962
197,1,98,0.3217930910991625,0.8573369726649432,0.12535482645664192,treatment,0.2,0.6,0.21739130434782608
198,1,99,0.6683240229019597,0.13519132123440597,0.8701356633096885,treatment,0.2,0.6,0.12962962962962962
199,1,99,0.3217930910991625,0.857515809584755,0.12522372669075174,treatment,0.2,0.6,0.21739130434782608
200,2,1,0.7028866823529374,0.2913922117144756,0.7105841507040266,treatment,0.2,0.6,0.36
201,2,1,0.2926028295790992,0.6967671103123059,0.27246557010771794,treatment,0.2,0.6,0.42
202,2,2,0.7028866823529374,0.2707857824330762,0.7499435771611671,treatment,0.2,0.6,0.28
203,2,2,0.2926028295790992,0.7207497468912806,0.23949616460928586,treatment,0.2,0.6,0.28
204,2,3,0.7028866823529374,0.23823917290437147,0.7641808533316177,treatment,0.2,0.6,0.26
205,2,3,0.2926028295790992,0.7323780176291743,0.23157970148150425,treatment,0.2,0.6,0.3
206,2,4,0.7028866823529374,0.22743661699561496,0.7781110699814026,treatment,0.2,0.6,0.22
207,2,4,0.2926028295790992,0.7468677743277664,0.22533787945350855,treatment,0.2,0.6,0.3
208,2,5,0.7028866823529374,0.22176936425909904,0.7880529231719465,treatment,0.2,0.6,0.22
209,2,5,0.2926028295790992,0.7608468329456408,0.21980773445035529,treatment,0.2,0.6,0.28
210,2,6,0.7028866823529374,0.21596450633159014,0.7966930201756722,treatment,0.2,0.6,0.22
211,2,6,0.2926028295790992,0.7725207527261031,0.2141455876782038,treatment,0.2,0.6,0.26
212,2,7,0.7028866823529374,0.21149330328943058,0.8043104439579807,treatment,0.2,0.6,0.22
213,2,7,0.2926028295790992,0.7798868954624953,0.2097765840132034,treatment,0.2,0.6,0.26
214,2,8,0.7028866823529374,0.20748827668901781,0.8110942742124269,treatment,0.2,0.6,0.22
215,2,8,0.2926028295790992,0.7871139685376203,0.205808669675149,treatment,0.2,0.6,0.26
216,2,9,0.7028866823529374,0.20387200198723168,0.8171845404947996,treatment,0.2,0.6,0.22
217,2,9,0.2926028295790992,0.7936078089064752,0.2022014952508594,treatment,0.2,0.6,0.26
218,2,10,0.7028866823529374,0.1999561342144972,0.822688852555279,treatment,0.2,0.6,0.22
219,2,10,0.2926028295790992,0.7994795506616426,0.19850362529750748,treatment,0.2,0.6,0.24
220,2,11,0.7028866823529374,0.1968244136918787,0.8276921119465129,treatment,0.2,0.6,0.22
221,2,11,0.2926028295790992,0.8048197914841617,0.1954874985805196,treatment,0.2,0.6,0.24
222,2,12,0.7028866823529374,0.19395528298376086,0.8322626502436574,treatment,0.2,0.6,0.22
223,2,12,0.2926028295790992,0.8097011853010833,0.1926778548825443,treatment,0.2,0.6,0.24
224,2,13,0.7028866823529374,0.18963475512537997,0.8364563345240665,treatment,0.2,0.6,0.22
225,2,13,0.2926028295790992,0.8141829788003014,0.18887469902482942,treatment,0.2,0.6,0.2
226,2,14,0.7028866823529374,0.18687167314890737,0.840319432707743,treatment,0.2,0.6,0.22
227,2,14,0.2926028295790992,0.8183141555373992,0.18628750850012302,treatment,0.2,0.6,0.2
228,2,15,0.7028866823529374,0.18431672875695282,0.8438906801565959,treatment,0.2,0.6,0.22
229,2,15,0.2926028295790992,0.8221356811796712,0.18382460776001858,treatment,0.2,0.6,0.2
230,2,16,0.7028866823529374,0.18194198649571763,0.8472028094560773,treatment,0.2,0.6,0.22
231,2,16,0.2926028295790992,0.8256821525366104,0.18150352699642688,treatment,0.2,0.6,0.2
232,2,17,0.7028866823529374,0.17972837646599796,0.8502837069613798,treatment,0.2,0.6,0.22
233,2,17,0.2926028295790992,0.8289830366471383,0.17932386058855188,treatment,0.2,0.6,0.2
234,2,18,0.7028866823529374,0.17765954647772944,0.8531573026041086,treatment,0.2,0.6,0.22
235,2,18,0.2926028295790992,0.8320636195691649,0.17727816278093603,treatment,0.2,0.6,0.2
236,2,19,0.7028866823529374,0.17572135796270005,0.8558442646913004,treatment,0.2,0.6,0.22
237,2,19,0.2926028295790992,0.8349457445222441,0.17535694625671888,treatment,0.2,0.6,0.2
238,2,20,0.7028866823529374,0.17390150950132185,0.8583625493956404,treatment,0.2,0.6,0.22
239,2,20,0.2926028295790992,0.8376483940182129,0.17355049130957126,treatment,0.2,0.6,0.2
240,2,21,0.7028866823529374,0.17218923797529745,0.8607278401956172,treatment,0.2,0.6,0.22
241,2,21,0.2926028295790992,0.8401881544129527,0.17184952886801574,treatment,0.2,0.6,0.2
242,2,22,0.7028866823529374,0.1705750783788309,0.8629539027886411,treatment,0.2,0.6,0.22
243,2,22,0.2926028295790992,0.8425795905027601,0.17024548274518259,treatment,0.2,0.6,0.2
244,2,23,0.7028866823529374,0.16905066873644073,0.8650528742756591,treatment,0.2,0.6,0.22
245,2,23,0.2926028295790992,0.8448355503904142,0.16873052826002766,treatment,0.2,0.6,0.2
246,2,24,0.7028866823529374,0.16760859019069174,0.8670355006735848,treatment,0.2,0.6,0.22
247,2,24,0.2926028295790992,0.8469674156695385,0.16729757298098014,treatment,0.2,0.6,0.2
248,2,25,0.7028866823529374,0.16624223484340794,0.8689113334065537,treatment,0.2,0.6,0.22
249,2,25,0.2926028295790992,0.8489853082837553,0.1659402058791938,treatment,0.2,0.6,0.2
250,2,26,0.7028866823529374,0.16494569572977483,0.8706888929426226,treatment,0.2,0.6,0.22
251,2,26,0.2926028295790992,0.8508982627389793,0.16465263590734003,treatment,0.2,0.6,0.2
252,2,27,0.7028866823529374,0.16371367460870695,0.8723758059043715,treatment,0.2,0.6,0.22
253,2,27,0.2926028295790992,0.8527143703753837,0.16342962963356022,treatment,0.2,0.6,0.2
254,2,28,0.7028866823529374,0.1625414042152899,0.8739789206046912,treatment,0.2,0.6,0.22
255,2,28,0.2926028295790992,0.8544409009343316,0.16226645221397637,treatment,0.2,0.6,0.2
256,2,29,0.7028866823529374,0.16142458234171794,0.8755044049155148,treatment,0.2,0.6,0.22
257,2,29,0.2926028295790992,0.8560844055446846,0.16115881341396016,treatment,0.2,0.6,0.2
258,2,30,0.7028866823529374,0.16104696641803465,0.8769578295784356,treatment,0.2,0.6,0.22
259,2,30,0.2926028295790992,0.8581996019961565,0.1600344916687223,treatment,0.2,0.6,0.22
260,2,31,0.7028866823529374,0.16012014529980567,0.8783442394489143,treatment,0.2,0.6,0.22
261,2,31,0.2926028295790992,0.8595870051441118,0.1590452940465948,treatment,0.2,0.6,0.22
262,2,32,0.7028866823529374,0.15923180354357408,0.8796682146847674,treatment,0.2,0.6,0.22
263,2,32,0.2926028295790992,0.8609824180603297,0.15818198642620515,treatment,0.2,0.6,0.22
264,2,33,0.7028866823529374,0.15838175401890794,0.8809339235117846,treatment,0.2,0.6,0.22
265,2,33,0.2926028295790992,0.8623170782768855,0.1573558031503712,treatment,0.2,0.6,0.22
266,2,34,0.7028866823529374,0.15756756308259437,0.8821451679003606,treatment,0.2,0.6,0.22
267,2,34,0.2926028295790992,0.8635945331021949,0.1565641103545415,treatment,0.2,0.6,0.22
268,2,35,0.7028866823529374,0.15678699187514394,0.8833054232488657,treatment,0.2,0.6,0.22
269,2,35,0.2926028295790992,0.8648184169708919,0.15580481348787528,treatment,0.2,0.6,0.22
270,2,36,0.7028866823529374,0.15670611840704954,0.8844178729785276,treatment,0.2,0.6,0.22
271,2,36,0.2926028295790992,0.8665686912704228,0.15513157241426787,treatment,0.2,0.6,0.24
272,2,37,0.7028866823529374,0.1560661029037469,0.8854854387906036,treatment,0.2,0.6,0.22
273,2,37,0.2926028295790992,0.8675889518774561,0.15442627195730504,treatment,0.2,0.6,0.24
274,2,38,0.7028866823529374,0.15544861947533856,0.8865108072117357,treatment,0.2,0.6,0.22
275,2,38,0.2926028295790992,0.8686394441265715,0.15383113308461444,treatment,0.2,0.6,0.24
276,2,39,0.7028866823529374,0.1548546883446771,0.8874964529515398,treatment,0.2,0.6,0.22
277,2,39,0.2926028295790992,0.8696497625231925,0.15325855004193714,treatment,0.2,0.6,0.24
278,2,40,0.7028866823529374,0.1553800162140016,0.8884446595130667,treatment,0.2,0.6,0.22
279,2,40,0.2926028295790992,0.8717835462786309,0.15282367738631863,treatment,0.2,0.6,0.28
280,2,41,0.7028866823529374,0.15495171356273418,0.8893575374280743,treatment,0.2,0.6,0.22
281,2,41,0.2926028295790992,0.8725044516394311,0.15221732790175266,treatment,0.2,0.6,0.28
282,2,42,0.7028866823529374,0.15453501044803278,0.8902370404322594,treatment,0.2,0.6,0.22
283,2,42,0.2926028295790992,0.8733448606662857,0.1518056548214387,treatment,0.2,0.6,0.28
284,2,43,0.7028866823529374,0.1541331415083398,0.8910849798484377,treatment,0.2,0.6,0.22
285,2,43,0.2926028295790992,0.8741560711976105,0.15140906691413794,treatment,0.2,0.6,0.28
286,2,44,0.7028866823529374,0.15374534709908091,0.8919030374063217,treatment,0.2,0.6,0.22
287,2,44,0.2926028295790992,0.8749387969886553,0.15102607764881149,treatment,0.2,0.6,0.28
288,2,45,0.7028866823529374,0.15337090357346153,0.892692776694646,treatment,0.2,0.6,0.22
289,2,45,0.2926028295790992,0.8756945195270874,0.15065599953986183,treatment,0.2,0.6,0.28
290,2,46,0.7028866823529374,0.15300913584212825,0.8934556534137225,treatment,0.2,0.6,0.22
291,2,46,0.2926028295790992,0.8764246230967287,0.15029819311207415,treatment,0.2,0.6,0.28
292,2,47,0.7028866823529374,0.15265941344109046,0.8941930245732013,treatment,0.2,0.6,0.22
293,2,47,0.2926028295790992,0.8771303983494204,0.14995206017629112,treatment,0.2,0.6,0.28
294,2,48,0.7028866823529374,0.15232114691580415,0.8949061567600937,treatment,0.2,0.6,0.22
295,2,48,0.2926028295790992,0.8778130501119057,0.14961704057095812,treatment,0.2,0.6,0.28
296,2,49,0.7028866823529374,0.15199378454963355,0.8955962335853711,treatment,0.2,0.6,0.22
297,2,49,0.2926028295790992,0.8784737044444922,0.14929260921408033,treatment,0.2,0.6,0.28
298,2,50,0.7028866823529374,0.15167680939946435,0.896264362403215,treatment,0.2,0.6,0.22
299,2,50,0.2926028295790992,0.8791134150107525,0.14897827342180545,treatment,0.2,0.6,0.28
300,2,51,0.7028866823529374,0.15136973660550757,0.896911580384822,treatment,0.2,0.6,0.22
301,2,51,0.2926028295790992,0.8797331688357174,0.1486735704663882,treatment,0.2,0.6,0.28
302,2,52,0.7028866823529374,0.1510721109462866,0.8975388600182529,treatment,0.2,0.6,0.22
303,2,52,0.2926028295790992,0.8803338915203104,0.14837806534938588,treatment,0.2,0.6,0.28
304,2,53,0.7028866823529374,0.1507835046132323,0.898147114096878,treatment,0.2,0.6,0.22
305,2,53,0.2926028295790992,0.8809164519712843,0.14809134876861121,treatment,0.2,0.6,0.28
306,2,54,0.7028866823529374,0.15050351518229976,0.8987372002512609,treatment,0.2,0.6,0.22
307,2,54,0.2926028295790992,0.8814816666986203,0.14781303525973047,treatment,0.2,0.6,0.28
308,2,55,0.7028866823529374,0.15023176376262193,0.8993099250726868,treatment,0.2,0.6,0.22
309,2,55,0.2926028295790992,0.8820303037260534,0.14754276149547574,treatment,0.2,0.6,0.28
310,2,56,0.7028866823529374,0.14996789330448904,0.8998660478707845,treatment,0.2,0.6,0.22
311,2,56,0.2926028295790992,0.8825630861549305,0.14728018472727739,treatment,0.2,0.6,0.28
312,2,57,0.7028866823529374,0.14971156705092956,0.9004062841027092,treatment,0.2,0.6,0.22
313,2,57,0.2926028295790992,0.8830806954168857,0.14702498135574754,treatment,0.2,0.6,0.28
314,2,58,0.7028866823529374,0.14946246711891187,0.9009313085070122,treatment,0.2,0.6,0.22
315,2,58,0.2926028295790992,0.8835837742467096,0.14677684561787963,treatment,0.2,0.6,0.28
316,2,59,0.7028866823529374,0.14922029319771266,0.9014417579715557,treatment,0.2,0.6,0.22
317,2,59,0.2926028295790992,0.8840729294032096,0.14653548838009942,treatment,0.2,0.6,0.28
318,2,60,0.7028866823529374,0.14898476135334382,0.9019382341615172,treatment,0.2,0.6,0.22
319,2,60,0.2926028295790992,0.8845487341627353,0.14630063602743001,treatment,0.2,0.6,0.28
320,2,61,0.7028866823529374,0.14875560292911322,0.902421305930661,treatment,0.2,0.6,0.22
321,2,61,0.2926028295790992,0.8850117306073099,0.1460720294400298,treatment,0.2,0.6,0.28
322,2,62,0.7028866823529374,0.14853256353343838,0.9028915115365106,treatment,0.2,0.6,0.22
323,2,62,0.2926028295790992,0.8854624317269112,0.14584942304925083,treatment,0.2,0.6,0.28
324,2,63,0.7028866823529374,0.14831540210695576,0.9033493606778353,treatment,0.2,0.6,0.22
325,2,63,0.2926028295790992,0.8859013233533422,0.14563258396615208,treatment,0.2,0.6,0.28
326,2,64,0.7028866823529374,0.14810389006178454,0.9037953363709182,treatment,0.2,0.6,0.22
327,2,64,0.2926028295790992,0.8863288659412839,0.1454212911761043,treatment,0.2,0.6,0.28
328,2,65,0.7028866823529374,0.14789781048652834,0.904229896679331,treatment,0.2,0.6,0.22
329,2,65,0.2926028295790992,0.8867454962104783,0.1452153347937479,treatment,0.2,0.6,0.28
330,2,66,0.7028866823529374,0.14769695741123987,0.9046534763104342,treatment,0.2,0.6,0.22
331,2,66,0.2926028295790992,0.8871516286615602,0.14501451537312365,treatment,0.2,0.6,0.28
332,2,67,0.7028866823529374,0.14750113512714594,0.9050664880904659,treatment,0.2,0.6,0.22
333,2,67,0.2926028295790992,0.8875476569767726,0.14481864326829325,treatment,0.2,0.6,0.28
334,2,68,0.7028866823529374,0.14731015755643856,0.9054693243288788,treatment,0.2,0.6,0.22
335,2,68,0.2926028295790992,0.8879339553156684,0.1446275380402129,treatment,0.2,0.6,0.28
336,2,69,0.7028866823529374,0.14712384766789066,0.9058623580815467,treatment,0.2,0.6,0.22
337,2,69,0.2926028295790992,0.8883108795149051,0.14444102790602195,treatment,0.2,0.6,0.28
338,2,70,0.7028866823529374,0.14694203693446156,0.9062459443214915,treatment,0.2,0.6,0.22
339,2,70,0.2926028295790992,0.8886787682003313,0.14425894922726537,treatment,0.2,0.6,0.28
340,2,71,0.7028866823529374,0.14676456482941705,0.9066204210249645,treatment,0.2,0.6,0.22
341,2,71,0.2926028295790992,0.8890379438187894,0.14408114603389008,treatment,0.2,0.6,0.28
342,2,72,0.7028866823529374,0.14659127835781624,0.906986110179951,treatment,0.2,0.6,0.22
343,2,72,0.2926028295790992,0.8893887135963249,0.14390746958114348,treatment,0.2,0.6,0.28
344,2,73,0.7028866823529374,0.14642203162050393,0.9073433187235047,treatment,0.2,0.6,0.22
345,2,73,0.2926028295790992,0.8897313704288804,0.14373777793676099,treatment,0.2,0.6,0.28
346,2,74,0.7028866823529374,0.14625668540801182,0.9076923394137204,treatment,0.2,0.6,0.22
347,2,74,0.2926028295790992,0.8900661937109733,0.1435719355960631,treatment,0.2,0.6,0.28
348,2,75,0.7028866823529374,0.14609510682200383,0.9080334516416115,treatment,0.2,0.6,0.22
349,2,75,0.2926028295790992,0.8903934501073497,0.14340981312279272,treatment,0.2,0.6,0.28
350,2,76,0.7028866823529374,0.14593716892211273,0.908366922187685,treatment,0.2,0.6,0.22
351,2,76,0.2926028295790992,0.8907133942721566,0.1432512868137135,treatment,0.2,0.6,0.28
352,2,77,0.7028866823529374,0.14578275039620503,0.9086930059275672,treatment,0.2,0.6,0.22
353,2,77,0.2926028295790992,0.8910262695197596,0.14309623838516022,treatment,0.2,0.6,0.28
354,2,78,0.7028866823529374,0.14563173525228232,0.9090119464906491,treatment,0.2,0.6,0.22
355,2,78,0.2926028295790992,0.8913323084509678,0.14294455467988887,treatment,0.2,0.6,0.28
356,2,79,0.7028866823529374,0.1454840125303822,0.9093239768753708,treatment,0.2,0.6,0.22
357,2,79,0.2926028295790992,0.8916317335380929,0.14279612739271244,treatment,0.2,0.6,0.28
358,2,80,0.7028866823529374,0.14533947603298206,0.9096293200244446,treatment,0.2,0.6,0.22
359,2,80,0.2926028295790992,0.8919247576719807,0.14265085281353748,treatment,0.2,0.6,0.28
360,2,81,0.7028866823529374,0.1451980240725345,0.9099281893630362,treatment,0.2,0.6,0.22
361,2,81,0.2926028295790992,0.8922115846738673,0.1425086315865299,treatment,0.2,0.6,0.28
362,2,82,0.7028866823529374,0.14505955923487954,0.9102207893026621,treatment,0.2,0.6,0.22
363,2,82,0.2926028295790992,0.8924924097746806,0.14236936848424414,treatment,0.2,0.6,0.28
364,2,83,0.7028866823529374,0.14492398815738114,0.910507315713331,treatment,0.2,0.6,0.22
365,2,83,0.2926028295790992,0.8927674200641853,0.14223297219564482,treatment,0.2,0.6,0.28
366,2,84,0.7028866823529374,0.1447912213207311,0.9107879563662453,treatment,0.2,0.6,0.22
367,2,84,0.2926028295790992,0.8930367949121643,0.14209935512703623,treatment,0.2,0.6,0.28
368,2,85,0.7028866823529374,0.14466117285344873,0.9110628913491852,treatment,0.2,0.6,0.22
369,2,85,0.2926028295790992,0.8933007063636534,0.1419684332149937,treatment,0.2,0.6,0.28
370,2,86,0.7028866823529374,0.14453376034818283,0.9113322934565276,treatment,0.2,0.6,0.22
371,2,86,0.2926028295790992,0.8935593195100796,0.1418401257504628,treatment,0.2,0.6,0.28
372,2,87,0.7028866823529374,0.14440890468899364,0.9115963285556927,treatment,0.2,0.6,0.22
373,2,87,0.2926028295790992,0.8938127928380025,0.1417143552132577,treatment,0.2,0.6,0.28
374,2,88,0.7028866823529374,0.14428652988885726,0.9118551559316667,treatment,0.2,0.6,0.22
375,2,88,0.2926028295790992,0.8940612785570243,0.1415910471162497,treatment,0.2,0.6,0.28
376,2,89,0.7028866823529374,0.14416656293669405,0.912108928611118,treatment,0.2,0.6,0.22
377,2,89,0.2926028295790992,0.8943049229083102,0.14147012985859178,treatment,0.2,0.6,0.28
378,2,90,0.7028866823529374,0.14404893365327656,0.9123577936675076,treatment,0.2,0.6,0.22
379,2,90,0.2926028295790992,0.8945438664550451,0.14135153458737415,treatment,0.2,0.6,0.28
380,2,91,0.7028866823529374,0.14393357455542183,0.9126018925084831,treatment,0.2,0.6,0.22
381,2,91,0.2926028295790992,0.8947782443560501,0.14123519506715268,treatment,0.2,0.6,0.28
382,2,92,0.7028866823529374,0.1438204207279179,0.9128413611467485,treatment,0.2,0.6,0.22
383,2,92,0.2926028295790992,0.8950081866236943,0.1411210475568328,treatment,0.2,0.6,0.28
384,2,93,0.7028866823529374,0.14370940970267618,0.9130763304555073,treatment,0.2,0.6,0.22
385,2,93,0.2926028295790992,0.8952338183671398,0.14100903069343038,treatment,0.2,0.6,0.28
386,2,94,0.7028866823529374,0.14360048134463857,0.9133069264094996,treatment,0.2,0.6,0.22
387,2,94,0.2926028295790992,0.8954552600218904,0.14089908538226636,treatment,0.2,0.6,0.28
388,2,95,0.7028866823529374,0.1434935777440031,0.9135332703125694,treatment,0.2,0.6,0.22
389,2,95,0.2926028295790992,0.8956726275665348,0.14079115469318385,treatment,0.2,0.6,0.28
390,2,96,0.7028866823529374,0.14338864311436425,0.9137554790126415,treatment,0.2,0.6,0.22
391,2,96,0.2926028295790992,0.8958860327275121,0.1406851837624063,treatment,0.2,0.6,0.28
392,2,97,0.7028866823529374,0.14328562369639256,0.9139736651049043,treatment,0.2,0.6,0.22
393,2,97,0.2926028295790992,0.8960955831726681,0.14058111969968295,treatment,0.2,0.6,0.28
394,2,98,0.7028866823529374,0.14318446766670564,0.9141879371239569,treatment,0.2,0.6,0.22
395,2,98,0.2926028295790992,0.89630138269431,0.14047891150039218,treatment,0.2,0.6,0.28
396,2,99,0.7028866823529374,0.14308512505160725,0.9143983997256122,treatment,0.2,0.6,0.22
397,2,99,0.2926028295790992,0.8965035313824228,0.14037850996229742,treatment,0.2,0.6,0.28
398,3,1,0.6911096642534712,0.3418399332810742,0.7226183589682467,treatment,0.2,0.6,0.35294117647058826
399,3,1,0.32604675585131027,0.690588289838384,0.30625581247470945,treatment,0.2,0.6,0.3673469387755102
400,3,2,0.6911096642534712,0.3166181082944487,0.7564343974170564,treatment,0.2,0.6,0.2549019607843137
401,3,2,0.32604675585131027,0.7126561827549899,0.27077803076098467,treatment,0.2,0.6,0.14285714285714285
402,3,3,0.6911096642534712,0.27729663471226584,0.7713066034510332,treatment,0.2,0.6,0.19607843137254902
403,3,3,0.32604675585131027,0.725291096521004,0.2563237114442814,treatment,0.2,0.6,0.14285714285714285
404,3,4,0.6911096642534712,0.26525905791303467,0.7850510796305705,treatment,0.2,0.6,0.13725490196078433
405,3,4,0.32604675585131027,0.7408441969964827,0.2462897592282511,treatment,0.2,0.6,0.1836734693877551
406,3,5,0.6911096642534712,0.25662601063909785,0.7945625381756913,treatment,0.2,0.6,0.13725490196078433
407,3,5,0.32604675585131027,0.7525190775349895,0.23824885703295057,treatment,0.2,0.6,0.1836734693877551
408,3,6,0.6911096642534712,0.24956355585913617,0.8027090709058466,treatment,0.2,0.6,0.13725490196078433
409,3,6,0.32604675585131027,0.7627780723100599,0.23115411015032677,treatment,0.2,0.6,0.20408163265306123
410,3,7,0.6911096642534712,0.24167009562471467,0.8098327138837563,treatment,0.2,0.6,0.13725490196078433
411,3,7,0.32604675585131027,0.7715103857318624,0.22382560665799126,treatment,0.2,0.6,0.1836734693877551
412,3,8,0.6911096642534712,0.2353291026774161,0.8161472004155439,treatment,0.2,0.6,0.13725490196078433
413,3,8,0.32604675585131027,0.7823741721783184,0.21819725952529928,treatment,0.2,0.6,0.1836734693877551
414,3,9,0.6911096642534712,0.2296310229734717,0.8218015532075279,treatment,0.2,0.6,0.13725490196078433
415,3,9,0.32604675585131027,0.7884945388354255,0.21314046061074848,treatment,0.2,0.6,0.1836734693877551
416,3,10,0.6911096642534712,0.224475263842226,0.8269055109083174,treatment,0.2,0.6,0.13725490196078433
417,3,10,0.32604675585131027,0.7947125957945806,0.2085733091226006,treatment,0.2,0.6,0.1836734693877551
418,3,11,0.6911096642534712,0.21978485267152123,0.8315430410757452,treatment,0.2,0.6,0.13725490196078433
419,3,11,0.32604675585131027,0.8003765879984395,0.2044277839349372,treatment,0.2,0.6,0.1836734693877551
420,3,12,0.6911096642534712,0.2154975667627131,0.8357802306030154,treatment,0.2,0.6,0.13725490196078433
421,3,12,0.32604675585131027,0.8086092661504463,0.20064704275584946,treatment,0.2,0.6,0.1836734693877551
422,3,13,0.6911096642534712,0.21156228030351854,0.8396702284804588,treatment,0.2,0.6,0.13725490196078433
423,3,13,0.32604675585131027,0.8155570216998579,0.1971839034671865,treatment,0.2,0.6,0.1836734693877551
424,3,14,0.6911096642534712,0.2079364515129302,0.8432565151284473,treatment,0.2,0.6,0.13725490196078433
425,3,14,0.32604675585131027,0.8189522402251841,0.19399905399994516,treatment,0.2,0.6,0.1836734693877551
426,3,15,0.6911096642534712,0.20458431258119292,0.8465751594121081,treatment,0.2,0.6,0.13725490196078433
427,3,15,0.32604675585131027,0.8227752787453448,0.19105951687330444,treatment,0.2,0.6,0.1836734693877551
428,3,16,0.6911096642534712,0.20147552526006393,0.8496564310083502,treatment,0.2,0.6,0.13725490196078433
429,3,16,0.32604675585131027,0.8263283065956625,0.1883374231797454,treatment,0.2,0.6,0.1836734693877551
430,3,17,0.6911096642534712,0.1985841589197887,0.852525984676464,treatment,0.2,0.6,0.13725490196078433
431,3,17,0.32604675585131027,0.829636315894353,0.18580905067145284,treatment,0.2,0.6,0.1836734693877551
432,3,18,0.6911096642534712,0.19588789943774493,0.8552057502305717,treatment,0.2,0.6,0.13725490196078433
433,3,18,0.32604675585131027,0.8327244314675308,0.18345406944160572,treatment,0.2,0.6,0.1836734693877551
434,3,19,0.6911096642534712,0.19336742761217884,0.8577146142764064,treatment,0.2,0.6,0.13725490196078433
435,3,19,0.32604675585131027,0.8356143863022885,0.18125494707463594,treatment,0.2,0.6,0.1836734693877551
436,3,20,0.6911096642534712,0.19100592464585214,0.8600689509873334,treatment,0.2,0.6,0.13725490196078433
437,3,20,0.32604675585131027,0.8383250735456323,0.17919647589421217,treatment,0.2,0.6,0.1836734693877551
438,3,21,0.6911096642534712,0.18878867448465458,0.8622830411581701,treatment,0.2,0.6,0.13725490196078433
439,3,21,0.32604675585131027,0.84087300690407,0.1772653940983773,treatment,0.2,0.6,0.1836734693877551
440,3,22,0.6911096642534712,0.1867027410265031,0.8643694070962477,treatment,0.2,0.6,0.13725490196078433
441,3,22,0.32604675585131027,0.8432726920694048,0.17545007961816508,treatment,0.2,0.6,0.1836734693877551
442,3,23,0.6911096642534712,0.18473670390889682,0.8663390831270013,treatment,0.2,0.6,0.13725490196078433
443,3,23,0.32604675585131027,0.8455369290620369,0.17374030077924327,treatment,0.2,0.6,0.1836734693877551
444,3,24,0.6911096642534712,0.18288044061441508,0.8682018361749777,treatment,0.2,0.6,0.13725490196078433
445,3,24,0.32604675585131027,0.8476770603966618,0.17212701171187877,treatment,0.2,0.6,0.1836734693877551
446,3,25,0.6911096642534712,0.18112494554371428,0.8699663471688643,treatment,0.2,0.6,0.13725490196078433
447,3,25,0.32604675585131027,0.8497031763178523,0.17060218330755259,treatment,0.2,0.6,0.1836734693877551
448,3,26,0.6911096642534712,0.17946217884188426,0.871640361376606,treatment,0.2,0.6,0.13725490196078433
449,3,26,0.32604675585131027,0.8516242857002284,0.16915866263792112,treatment,0.2,0.6,0.1836734693877551
450,3,27,0.6911096642534712,0.1771015521198585,0.8722246624549671,treatment,0.2,0.6,0.1568627450980392
451,3,27,0.32604675585131027,0.8521005854839308,0.1677900553351917,treatment,0.2,0.6,0.1836734693877551
452,3,28,0.6911096642534712,0.17584341894888272,0.8745429405924718,treatment,0.2,0.6,0.13725490196078433
453,3,28,0.32604675585131027,0.8549435764065003,0.1664906266270016,treatment,0.2,0.6,0.1836734693877551
454,3,29,0.6911096642534712,0.17453961848231883,0.8759808312178028,treatment,0.2,0.6,0.13725490196078433
455,3,29,0.32604675585131027,0.8566070952257135,0.1652552176270477,treatment,0.2,0.6,0.1836734693877551
456,3,30,0.6911096642534712,0.17325612725528466,0.8773536867449109,treatment,0.2,0.6,0.13725490196078433
457,3,30,0.32604675585131027,0.8581866492451056,0.16407917417929238,treatment,0.2,0.6,0.1836734693877551
458,3,31,0.6911096642534712,0.1720119322892878,0.8786668675970055,treatment,0.2,0.6,0.13725490196078433
459,3,31,0.32604675585131027,0.8596940270906367,0.16295828609222388,treatment,0.2,0.6,0.1836734693877551
460,3,32,0.6911096642534712,0.1708128904655792,0.8799234327383455,treatment,0.2,0.6,0.13725490196078433
461,3,32,0.32604675585131027,0.8611341522158652,0.16188873501942413,treatment,0.2,0.6,0.1836734693877551
462,3,33,0.6911096642534712,0.16966015843251653,0.8811266308137934,treatment,0.2,0.6,0.13725490196078433
463,3,33,0.32604675585131027,0.862511474460581,0.1608670495722426,treatment,0.2,0.6,0.1836734693877551
464,3,34,0.6911096642534712,0.16855297633049782,0.8822796341862967,treatment,0.2,0.6,0.13725490196078433
465,3,34,0.32604675585131027,0.8638300554130705,0.1598900665108973,treatment,0.2,0.6,0.1836734693877551
466,3,35,0.6911096642534712,0.16748976123796366,0.8833854463495584,treatment,0.2,0.6,0.13725490196078433
467,3,35,0.32604675585131027,0.8650936104261823,0.15895489706763843,treatment,0.2,0.6,0.1836734693877551
468,3,36,0.6911096642534712,0.16646858866832362,0.8844468748558705,treatment,0.2,0.6,0.13725490196078433
469,3,36,0.32604675585131027,0.8663055450773846,0.15805889762160807,treatment,0.2,0.6,0.1836734693877551
470,3,37,0.6911096642534712,0.1654874211496547,0.8854665295477065,treatment,0.2,0.6,0.13725490196078433
471,3,37,0.32604675585131027,0.8674689870755461,0.1571996440787329,treatment,0.2,0.6,0.1836734693877551
472,3,38,0.6911096642534712,0.16454422166648427,0.8864468309138556,treatment,0.2,0.6,0.13725490196078433
473,3,38,0.32604675585131027,0.8685868142709273,0.15637490941827634,treatment,0.2,0.6,0.1836734693877551
474,3,39,0.6911096642534712,0.16363701077606843,0.8873900222986649,treatment,0.2,0.6,0.13725490196078433
475,3,39,0.32604675585131027,0.8696616793170652,0.1555826439558436,treatment,0.2,0.6,0.1836734693877551
476,3,40,0.6911096642534712,0.16276389466367402,0.8882981832166442,treatment,0.2,0.6,0.13725490196078433
477,3,40,0.32604675585131027,0.8706960314459499,0.15482095794477801,treatment,0.2,0.6,0.1836734693877551
478,3,41,0.6911096642534712,0.16192307762856142,0.8891732425366317,treatment,0.2,0.6,0.13725490196078433
479,3,41,0.32604675585131027,0.8716921357460752,0.1540881061972012,treatment,0.2,0.6,0.1836734693877551
480,3,42,0.6911096642534712,0.1611128660334724,0.8900169909887375,treatment,0.2,0.6,0.13725490196078433
481,3,42,0.32604675585131027,0.8726520902735444,0.1533824744549342,treatment,0.2,0.6,0.1836734693877551
482,3,43,0.6911096642534712,0.16033166753823608,0.8908310927746214,treatment,0.2,0.6,0.13725490196078433
483,3,43,0.32604675585131027,0.8735778412770984,0.15270256728116313,treatment,0.2,0.6,0.1836734693877551
484,3,44,0.6911096642534712,0.1595779877608483,0.8916170962206735,treatment,0.2,0.6,0.13725490196078433
485,3,44,0.32604675585131027,0.874471196776806,0.15204699727754892,treatment,0.2,0.6,0.1836734693877551
486,3,45,0.6911096642534712,0.15885042559732418,0.8923764434908762,treatment,0.2,0.6,0.13725490196078433
487,3,45,0.32604675585131027,0.8753338387017302,0.15141447545976622,treatment,0.2,0.6,0.1836734693877551
488,3,46,0.6911096642534712,0.15814766791864016,0.8931104794121664,treatment,0.2,0.6,0.13725490196078433
489,3,46,0.32604675585131027,0.8761673337629532,0.15080380264819485,treatment,0.2,0.6,0.1836734693877551
490,3,47,0.6911096642534712,0.15746848406643504,0.8938204594801175,treatment,0.2,0.6,0.13725490196078433
491,3,47,0.32604675585131027,0.8769731432139493,0.1502138617504767,treatment,0.2,0.6,0.1836734693877551
492,3,48,0.6911096642534712,0.15681172039371302,0.8945075571168569,treatment,0.2,0.6,0.13725490196078433
493,3,48,0.32604675585131027,0.8777526316296563,0.14964361082954408,treatment,0.2,0.6,0.1836734693877551
494,3,49,0.6911096642534712,0.15617629499126529,0.8951728702517056,treatment,0.2,0.6,0.13725490196078433
495,3,49,0.32604675585131027,0.8785070748180724,0.14909207686504605,treatment,0.2,0.6,0.1836734693877551
496,3,50,0.6911096642534712,0.1555611926762903,0.8958174272909266,treatment,0.2,0.6,0.13725490196078433
497,3,50,0.32604675585131027,0.879237666963276,0.14855835012827912,treatment,0.2,0.6,0.1836734693877551
498,3,51,0.6911096642534712,0.15496546028035615,0.8964421925376942,treatment,0.2,0.6,0.13725490196078433
499,3,51,0.32604675585131027,0.8799455270860362,0.14804157910111848,treatment,0.2,0.6,0.1836734693877551
500,3,52,0.6911096642534712,0.15438820224978594,0.897048071117812,treatment,0.2,0.6,0.13725490196078433
501,3,52,0.32604675585131027,0.8806317048972456,0.147540965878333,treatment,0.2,0.6,0.1836734693877551
502,3,53,0.6911096642534712,0.15316671766329662,0.896725213499211,treatment,0.2,0.6,0.1568627450980392
503,3,53,0.32604675585131027,0.880044078839578,0.14705576200029322,treatment,0.2,0.6,0.1836734693877551
504,3,54,0.6911096642534712,0.15285975549393088,0.8980969903796318,treatment,0.2,0.6,0.13725490196078433
505,3,54,0.32604675585131027,0.8817944416137171,0.1465852646696392,treatment,0.2,0.6,0.1836734693877551
506,3,55,0.6911096642534712,0.15245021539010564,0.8986437458991887,treatment,0.2,0.6,0.13725490196078433
507,3,55,0.32604675585131027,0.8824298190870983,0.1461288133111329,treatment,0.2,0.6,0.1836734693877551
508,3,56,0.6911096642534712,0.1520086563129007,0.8991765358596588,treatment,0.2,0.6,0.13725490196078433
509,3,56,0.32604675585131027,0.8830406090894919,0.14568578643880872,treatment,0.2,0.6,0.1836734693877551
510,3,57,0.6911096642534712,0.15155816310457668,0.8996967991984821,treatment,0.2,0.6,0.13725490196078433
511,3,57,0.32604675585131027,0.8836339994697886,0.14525559879877473,treatment,0.2,0.6,0.1836734693877551
512,3,58,0.6911096642534712,0.1511082832031756,0.9002040408079188,treatment,0.2,0.6,0.13725490196078433
513,3,58,0.32604675585131027,0.8842107606153334,0.1448376987596987,treatment,0.2,0.6,0.1836734693877551
514,3,59,0.6911096642534712,0.15066350884822982,0.9006982885370511,treatment,0.2,0.6,0.13725490196078433
515,3,59,0.32604675585131027,0.8847715845711077,0.14443156592621836,treatment,0.2,0.6,0.1836734693877551
516,3,60,0.6911096642534712,0.1502261029000449,0.9011797918383739,treatment,0.2,0.6,0.13725490196078433
517,3,60,0.32604675585131027,0.8853171251392676,0.14403670895331155,treatment,0.2,0.6,0.1836734693877551
518,3,61,0.6911096642534712,0.14979722788008767,0.9016488968165288,treatment,0.2,0.6,0.13725490196078433
519,3,61,0.32604675585131027,0.885848000686381,0.14365266354210804,treatment,0.2,0.6,0.1836734693877551
520,3,62,0.6911096642534712,0.14937745811191067,0.9021059904391528,treatment,0.2,0.6,0.13725490196078433
521,3,62,0.32604675585131027,0.8863647965232408,0.14327899059976626,treatment,0.2,0.6,0.1836734693877551
522,3,63,0.6911096642534712,0.1489670349115157,0.9025514735019392,treatment,0.2,0.6,0.13725490196078433
523,3,63,0.32604675585131027,0.8868680670935987,0.14291527454791977,treatment,0.2,0.6,0.1836734693877551
524,3,64,0.6911096642534712,0.14856600326017488,0.902985746792296,treatment,0.2,0.6,0.13725490196078433
525,3,64,0.32604675585131027,0.8873583379905994,0.14256112176585256,treatment,0.2,0.6,0.1836734693877551
526,3,65,0.6911096642534712,0.14817428928087722,0.903409203791809,treatment,0.2,0.6,0.13725490196078433
527,3,65,0.32604675585131027,0.8878361078165965,0.14221615915601893,treatment,0.2,0.6,0.1836734693877551
528,3,66,0.6911096642534712,0.14779174619561822,0.9038222268153957,treatment,0.2,0.6,0.13725490196078433
529,3,66,0.32604675585131027,0.8883018499004048,0.14188003282081216,treatment,0.2,0.6,0.1836734693877551
530,3,67,0.6911096642534712,0.14741818259716247,0.9042251850408953,treatment,0.2,0.6,0.13725490196078433
531,3,67,0.32604675585131027,0.8887560138846278,0.14155240684062304,treatment,0.2,0.6,0.1836734693877551
532,3,68,0.6911096642534712,0.14705338035481202,0.9046184336145003,treatment,0.2,0.6,0.13725490196078433
533,3,68,0.32604675585131027,0.8891990271944166,0.1412329621442377,treatment,0.2,0.6,0.1836734693877551
534,3,69,0.6911096642534712,0.14669710621710014,0.9050023133828424,treatment,0.2,0.6,0.13725490196078433
535,3,69,0.32604675585131027,0.8896312963979053,0.14092139546351878,treatment,0.2,0.6,0.1836734693877551
536,3,70,0.6911096642534712,0.14634911946068932,0.9053771509945169,treatment,0.2,0.6,0.13725490196078433
537,3,70,0.32604675585131027,0.8900532084675558,0.14061741836510921,treatment,0.2,0.6,0.1836734693877551
538,3,71,0.6911096642534712,0.1460091769925533,0.905743259219118,treatment,0.2,0.6,0.13725490196078433
539,3,71,0.32604675585131027,0.890465131950758,0.14032075635260463,treatment,0.2,0.6,0.1836734693877551
540,3,72,0.6911096642534712,0.14567703677437727,0.9061009373917787,treatment,0.2,0.6,0.13725490196078433
541,3,72,0.32604675585131027,0.8908674180572387,0.14003114803327216,treatment,0.2,0.6,0.1836734693877551
542,3,73,0.6911096642534712,0.14535246012033096,0.9064504719264102,treatment,0.2,0.6,0.13725490196078433
543,3,73,0.32604675585131027,0.8912604016701092,0.13974834434395605,treatment,0.2,0.6,0.1836734693877551
544,3,74,0.6911096642534712,0.14503521322611992,0.9067921368620888,treatment,0.2,0.6,0.13725490196078433
545,3,74,0.32604675585131027,0.8916444022867613,0.13947210783131395,treatment,0.2,0.6,0.1836734693877551
546,3,75,0.6911096642534712,0.14472506816659067,0.907126194420168,treatment,0.2,0.6,0.13725490196078433
547,3,75,0.32604675585131027,0.8920197248952378,0.13920221198197932,treatment,0.2,0.6,0.1836734693877551
548,3,76,0.6911096642534712,0.14442180352209646,0.9074528955579826,treatment,0.2,0.6,0.13725490196078433
549,3,76,0.32604675585131027,0.8923866607911948,0.13893844059864846,treatment,0.2,0.6,0.1836734693877551
550,3,77,0.6911096642534712,0.1441252047435473,0.9077724805103115,treatment,0.2,0.6,0.13725490196078433
551,3,77,0.32604675585131027,0.8927454883401198,0.1386805872184546,treatment,0.2,0.6,0.1836734693877551
552,3,78,0.6911096642534712,0.1438350643326438,0.9080851793132094,treatment,0.2,0.6,0.13725490196078433
553,3,78,0.32604675585131027,0.8930964736890447,0.13842845457031716,treatment,0.2,0.6,0.1836734693877551
554,3,79,0.6911096642534712,0.1428893560892503,0.9075256805864421,treatment,0.2,0.6,0.1568627450980392
555,3,79,0.32604675585131027,0.8922271950678988,0.13818185406824765,treatment,0.2,0.6,0.1836734693877551
556,3,80,0.6911096642534712,0.14284736121621067,0.9086252290098319,treatment,0.2,0.6,0.13725490196078433
557,3,80,0.32604675585131027,0.8936668611905991,0.13794060533785943,treatment,0.2,0.6,0.1836734693877551
558,3,81,0.6911096642534712,0.14269257239162716,0.9089100351700721,treatment,0.2,0.6,0.13725490196078433
559,3,81,0.32604675585131027,0.894003370039847,0.1377045357735655,treatment,0.2,0.6,0.1836734693877551
560,3,82,0.6911096642534712,0.14249607222497507,0.9091906372241042,treatment,0.2,0.6,0.13725490196078433
561,3,82,0.32604675585131027,0.894326519845851,0.13747348012416621,treatment,0.2,0.6,0.1836734693877551
562,3,83,0.6911096642534712,0.1422814356652485,0.9094679888593993,treatment,0.2,0.6,0.13725490196078433
563,3,83,0.32604675585131027,0.8946429368082786,0.1372472801047217,treatment,0.2,0.6,0.1836734693877551
564,3,84,0.6911096642534712,0.14205866936036007,0.9097411398281801,treatment,0.2,0.6,0.13725490196078433
565,3,84,0.32604675585131027,0.8949528647379646,0.13702578403278276,treatment,0.2,0.6,0.1836734693877551
566,3,85,0.6911096642534712,0.14183269620943442,0.9100096907433604,treatment,0.2,0.6,0.13725490196078433
567,3,85,0.32604675585131027,0.8952565015524617,0.13680884648721156,treatment,0.2,0.6,0.1836734693877551
568,3,86,0.6911096642534712,0.14160618330956268,0.9102734896841504,treatment,0.2,0.6,0.13725490196078433
569,3,86,0.32604675585131027,0.8955540369803867,0.13659632798797122,treatment,0.2,0.6,0.1836734693877551
570,3,87,0.6911096642534712,0.1413806729360008,0.910532505371034,treatment,0.2,0.6,0.13725490196078433
571,3,87,0.32604675585131027,0.8958456531792433,0.13638809469539295,treatment,0.2,0.6,0.1836734693877551
572,3,88,0.6911096642534712,0.14115709645625335,0.9107867696587085,treatment,0.2,0.6,0.13725490196078433
573,3,88,0.32604675585131027,0.8961315251114509,0.13618401812755138,treatment,0.2,0.6,0.1836734693877551
574,3,89,0.6911096642534712,0.140936031143939,0.911036348925659,treatment,0.2,0.6,0.13725490196078433
575,3,89,0.32604675585131027,0.8964118208969939,0.13598397489448658,treatment,0.2,0.6,0.1836734693877551
576,3,90,0.6911096642534712,0.14071783834008528,0.9112813287917867,treatment,0.2,0.6,0.13725490196078433
577,3,90,0.32604675585131027,0.8966867021454743,0.13578784644811154,treatment,0.2,0.6,0.1836734693877551
578,3,91,0.6911096642534712,0.14050274229590645,0.9115218054923783,treatment,0.2,0.6,0.13725490196078433
579,3,91,0.32604675585131027,0.8969563242689697,0.13559551884673415,treatment,0.2,0.6,0.1836734693877551
580,3,92,0.6911096642534712,0.14029087738572893,0.9117578807954934,treatment,0.2,0.6,0.13725490196078433
581,3,92,0.32604675585131027,0.8972208367769796,0.13540688253320574,treatment,0.2,0.6,0.1836734693877551
582,3,93,0.6911096642534712,0.1400823175339208,0.9119896589067857,treatment,0.2,0.6,0.13725490196078433
583,3,93,0.32604675585131027,0.8974803835546494,0.135221832125784,treatment,0.2,0.6,0.1836734693877551
584,3,94,0.6911096642534712,0.13987709518451213,0.9122172445383983,treatment,0.2,0.6,0.13725490196078433
585,3,94,0.32604675585131027,0.8977351031253661,0.13504026622086732,treatment,0.2,0.6,0.1836734693877551
586,3,95,0.6911096642534712,0.13967521388464374,0.9124407416848602,treatment,0.2,0.6,0.13725490196078433
587,3,95,0.32604675585131027,0.8979851288987505,0.1348620872068207,treatment,0.2,0.6,0.1836734693877551
588,3,96,0.6911096642534712,0.13947665683850904,0.9126602528416804,treatment,0.2,0.6,0.13725490196078433
589,3,96,0.32604675585131027,0.8982305894049772,0.13468720108817145,treatment,0.2,0.6,0.1836734693877551
590,3,97,0.6911096642534712,0.13928139284551824,0.9128758785083025,treatment,0.2,0.6,0.13725490196078433
591,3,97,0.32604675585131027,0.8984716085163026,0.13451551731950692,treatment,0.2,0.6,0.1836734693877551
592,3,98,0.6911096642534712,0.1390893804976154,0.9130877168776517,treatment,0.2,0.6,0.13725490196078433
593,3,98,0.32604675585131027,0.8987083056566074,0.13434694864845378,treatment,0.2,0.6,0.1836734693877551
594,3,99,0.6911096642534712,0.1389005711923142,0.9132958636502491,treatment,0.2,0.6,0.13725490196078433
595,3,99,0.32604675585131027,0.8989407959997028,0.13418141096716488,treatment,0.2,0.6,0.1836734693877551
596,4,1,0.6923750569644455,0.2688083811476358,0.7010892713871469,treatment,0.2,0.6,0.2619047619047619
597,4,1,0.30659754713433723,0.6910614655011001,0.2712917590190977,treatment,0.2,0.6,0.3620689655172414
598,4,2,0.6923750569644455,0.25521308367414364,0.7304002580675235,treatment,0.2,0.6,0.14285714285714285
599,4,2,0.30659754713433723,0.7207063689510629,0.23919361498143468,treatment,0.2,0.6,0.22413793103448276
600,4,3,0.6923750569644455,0.24752792293281226,0.7482128452059621,treatment,0.2,0.6,0.11904761904761904
601,4,3,0.30659754713433723,0.7337564683723239,0.23138603004135597,treatment,0.2,0.6,0.22413793103448276
602,4,4,0.6923750569644455,0.24156438600533783,0.7613228860459829,treatment,0.2,0.6,0.11904761904761904
603,4,4,0.30659754713433723,0.7472667208233236,0.2242420339768759,treatment,0.2,0.6,0.25862068965517243
604,4,5,0.6923750569644455,0.2358944028599619,0.7724694677526687,treatment,0.2,0.6,0.11904761904761904
605,4,5,0.30659754713433723,0.7581940476567766,0.21887799615640302,treatment,0.2,0.6,0.25862068965517243
606,4,6,0.6923750569644455,0.23081203243924167,0.7821597404744155,treatment,0.2,0.6,0.11904761904761904
607,4,6,0.30659754713433723,0.7678155208948817,0.21415570323168925,treatment,0.2,0.6,0.25862068965517243
608,4,7,0.6923750569644455,0.22505350759067377,0.7907062697466299,treatment,0.2,0.6,0.11904761904761904
609,4,7,0.30659754713433723,0.7763778680956092,0.2087199741746622,treatment,0.2,0.6,0.22413793103448276
610,4,8,0.6923750569644455,0.2204525835105915,0.7983242842014816,treatment,0.2,0.6,0.11904761904761904
611,4,8,0.30659754713433723,0.7840613996449604,0.20476831748560284,treatment,0.2,0.6,0.22413793103448276
612,4,9,0.6923750569644455,0.21573408644977524,0.805171303677143,treatment,0.2,0.6,0.11904761904761904
613,4,9,0.30659754713433723,0.7910033153472927,0.20057552199620954,treatment,0.2,0.6,0.20689655172413793
614,4,10,0.6923750569644455,0.21173284686191898,0.8113674327987038,treatment,0.2,0.6,0.11904761904761904
615,4,10,0.30659754713433723,0.7999973966444776,0.19716037375192352,treatment,0.2,0.6,0.20689655172413793
616,4,11,0.6923750569644455,0.2080755220037222,0.8170069581367143,treatment,0.2,0.6,0.11904761904761904
617,4,11,0.30659754713433723,0.8077387914282766,0.19399854923994683,treatment,0.2,0.6,0.20689655172413793
618,4,12,0.6923750569644455,0.20471713802709834,0.822165531414211,treatment,0.2,0.6,0.11904761904761904
619,4,12,0.30659754713433723,0.8121426241550898,0.19107610002440745,treatment,0.2,0.6,0.20689655172413793
620,4,13,0.6923750569644455,0.20162144780085467,0.8269048957335795,treatment,0.2,0.6,0.11904761904761904
621,4,13,0.30659754713433723,0.8195047806370471,0.1883724667896159,treatment,0.2,0.6,0.20689655172413793
622,4,14,0.6923750569644455,0.19875802618837776,0.8312761417657238,treatment,0.2,0.6,0.11904761904761904
623,4,14,0.30659754713433723,0.8256714272275758,0.18586633916286363,treatment,0.2,0.6,0.20689655172413793
624,4,15,0.6923750569644455,0.1961010999154902,0.8353220328695469,treatment,0.2,0.6,0.11904761904761904
625,4,15,0.30659754713433723,0.8287811587742423,0.18353789934372883,treatment,0.2,0.6,0.20689655172413793
626,4,16,0.6923750569644455,0.1936286637816293,0.8390787131657061,treatment,0.2,0.6,0.11904761904761904
627,4,16,0.30659754713433723,0.8322578402502331,0.18136937320284718,treatment,0.2,0.6,0.20689655172413793
628,4,17,0.6923750569644455,0.1913217980899675,0.8425769914853007,treatment,0.2,0.6,0.11904761904761904
629,4,17,0.30659754713433723,0.8355031407016709,0.17934503337422736,treatment,0.2,0.6,0.20689655172413793
630,4,18,0.6923750569644455,0.18916413369893692,0.8458433249970339,treatment,0.2,0.6,0.11904761904761904
631,4,18,0.30659754713433723,0.8385368445026018,0.17745102648411112,treatment,0.2,0.6,0.20689655172413793
632,4,19,0.6923750569644455,0.187141427500361,0.8489005848842889,treatment,0.2,0.6,0.11904761904761904
633,4,19,0.30659754713433723,0.8413793127182485,0.1756751561642507,treatment,0.2,0.6,0.20689655172413793
634,4,20,0.6923750569644455,0.18524122185256942,0.8517686605560277,treatment,0.2,0.6,0.11904761904761904
635,4,20,0.30659754713433723,0.8440483474472937,0.17400666977767593,treatment,0.2,0.6,0.20689655172413793
636,4,21,0.6923750569644455,0.18345256873547805,0.8544649421217517,treatment,0.2,0.6,0.11904761904761904
637,4,21,0.30659754713433723,0.8465595737822499,0.17243606527646035,treatment,0.2,0.6,0.20689655172413793
638,4,22,0.6923750569644455,0.18176580440736145,0.8570047096883755,treatment,0.2,0.6,0.11904761904761904
639,4,22,0.30659754713433723,0.8489267681179723,0.1709549222828381,treatment,0.2,0.6,0.20689655172413793
640,4,23,0.6923750569644455,0.18017236388994354,0.859401450392401,treatment,0.2,0.6,0.11904761904761904
641,4,23,0.30659754713433723,0.8511621277874513,0.16955575669755074,treatment,0.2,0.6,0.20689655172413793
642,4,24,0.6923750569644455,0.17866462716477186,0.861667118732682,treatment,0.2,0.6,0.11904761904761904
643,4,24,0.30659754713433723,0.8532764940741018,0.16823189644155886,treatment,0.2,0.6,0.20689655172413793
644,4,25,0.6923750569644455,0.1772357908358786,0.8638123519544814,treatment,0.2,0.6,0.11904761904761904
645,4,25,0.30659754713433723,0.8552795379116127,0.16697737552205744,treatment,0.2,0.6,0.20689655172413793
646,4,26,0.6923750569644455,0.17587976040394557,0.8658466494681429,treatment,0.2,0.6,0.11904761904761904
647,4,26,0.30659754713433723,0.8571799154745862,0.1657868437166253,treatment,0.2,0.6,0.20689655172413793
648,4,27,0.6923750569644455,0.17459105934246924,0.8677785232477107,treatment,0.2,0.6,0.11904761904761904
649,4,27,0.30659754713433723,0.8589853992884521,0.16465548945984343,treatment,0.2,0.6,0.20689655172413793
650,4,28,0.6923750569644455,0.17336475196111004,0.869615624633803,treatment,0.2,0.6,0.11904761904761904
651,4,28,0.30659754713433723,0.8607029892968123,0.16357897385220208,treatment,0.2,0.6,0.20689655172413793
652,4,29,0.6923750569644455,0.17219637765166973,0.8713648518161575,treatment,0.2,0.6,0.11904761904761904
653,4,29,0.30659754713433723,0.8623390074148192,0.16255337403244388,treatment,0.2,0.6,0.20689655172413793
654,4,30,0.6923750569644455,0.17141537986847344,0.8730324413940115,treatment,0.2,0.6,0.11904761904761904
655,4,30,0.30659754713433723,0.8644452226871355,0.16148855384649566,treatment,0.2,0.6,0.22413793103448276
656,4,31,0.6923750569644455,0.17043214617180305,0.8746240467360593,treatment,0.2,0.6,0.11904761904761904
657,4,31,0.30659754713433723,0.8658429357632357,0.1605571357967367,treatment,0.2,0.6,0.22413793103448276
658,4,32,0.6923750569644455,0.16986355072476433,0.8761448053354054,treatment,0.2,0.6,0.11904761904761904
659,4,32,0.30659754713433723,0.8677940814709942,0.1597923840145114,treatment,0.2,0.6,0.2413793103448276
660,4,33,0.6923750569644455,0.16905063146992255,0.877599396942036,treatment,0.2,0.6,0.11904761904761904
661,4,33,0.30659754713433723,0.8690351561819595,0.1590072425664785,treatment,0.2,0.6,0.2413793103448276
662,4,34,0.6923750569644455,0.16827070021847332,0.8789920939289573,treatment,0.2,0.6,0.11904761904761904
663,4,34,0.30659754713433723,0.8702786904371174,0.15832022421286404,treatment,0.2,0.6,0.2413793103448276
664,4,35,0.6923750569644455,0.16752282736773424,0.8803268050882777,treatment,0.2,0.6,0.11904761904761904
665,4,35,0.30659754713433723,0.8714709005254578,0.15766168444711154,treatment,0.2,0.6,0.2413793103448276
666,4,36,0.6923750569644455,0.16680508048307374,0.8816071138453113,treatment,0.2,0.6,0.11904761904761904
667,4,36,0.30659754713433723,0.872614624130931,0.1570296344041195,treatment,0.2,0.6,0.2413793103448276
668,4,37,0.6923750569644455,0.1661156752216579,0.8828363117108783,treatment,0.2,0.6,0.11904761904761904
669,4,37,0.30659754713433723,0.8737127772541746,0.15642250399426375,treatment,0.2,0.6,0.2413793103448276
670,4,38,0.6923750569644455,0.16545296544242755,0.8840174276558337,treatment,0.2,0.6,0.11904761904761904
671,4,38,0.30659754713433723,0.8747680469282147,0.1558388457659892,treatment,0.2,0.6,0.2413793103448276
672,4,39,0.6923750569644455,0.164815430102353,0.885153253980864,treatment,0.2,0.6,0.11904761904761904
673,4,39,0.30659754713433723,0.8757829117921685,0.15527732221854648,treatment,0.2,0.6,0.2413793103448276
674,4,40,0.6923750569644455,0.16420166159734936,0.8862463691636171,treatment,0.2,0.6,0.11904761904761904
675,4,40,0.30659754713433723,0.8767596620096979,0.15473669557624858,treatment,0.2,0.6,0.2413793103448276
676,4,41,0.6923750569644455,0.16361035538159596,0.8872991580903369,treatment,0.2,0.6,0.11904761904761904
677,4,41,0.30659754713433723,0.8777004169428366,0.1542158186814519,treatment,0.2,0.6,0.2413793103448276
678,4,42,0.6923750569644455,0.16304030070514605,0.8883138300172162,treatment,0.2,0.6,0.11904761904761904
679,4,42,0.30659754713433723,0.8786071408637685,0.15371362686342258,treatment,0.2,0.6,0.2413793103448276
680,4,43,0.6923750569644455,0.16249037233206448,0.8892924345552138,treatment,0.2,0.6,0.11904761904761904
681,4,43,0.30659754713433723,0.8794816569552586,0.15322913066410904,treatment,0.2,0.6,0.2413793103448276
682,4,44,0.6923750569644455,0.16195952312032152,0.8902368759291379,treatment,0.2,0.6,0.11904761904761904
683,4,44,0.30659754713433723,0.8803256598143488,0.15276140931795745,treatment,0.2,0.6,0.2413793103448276
684,4,45,0.6923750569644455,0.16144677736077856,0.8911489257258606,treatment,0.2,0.6,0.11904761904761904
685,4,45,0.30659754713433723,0.8811407266435686,0.15230960489663592,treatment,0.2,0.6,0.2413793103448276
686,4,46,0.6923750569644455,0.16095122478630697,0.892030234316288,treatment,0.2,0.6,0.11904761904761904
687,4,46,0.30659754713433723,0.8819283272883215,0.15187291704126987,treatment,0.2,0.6,0.2413793103448276
688,4,47,0.6923750569644455,0.16047201517377005,0.8928823411102327,treatment,0.2,0.6,0.11904761904761904
689,4,47,0.30659754713433723,0.8826898332574682,0.1514505982148368,treatment,0.2,0.6,0.2413793103448276
690,4,48,0.6923750569644455,0.16000835347159426,0.8937066837817478,treatment,0.2,0.6,0.11904761904761904
691,4,48,0.30659754713433723,0.8834265258457619,0.151041949415991,treatment,0.2,0.6,0.2413793103448276
692,4,49,0.6923750569644455,0.15955949539422412,0.8945046065841638,treatment,0.2,0.6,0.11904761904761904
693,4,49,0.30659754713433723,0.8841396034611632,0.15064631630300188,treatment,0.2,0.6,0.2413793103448276
694,4,50,0.6923750569644455,0.15912474343211958,0.8952773678584656,treatment,0.2,0.6,0.11904761904761904
695,4,50,0.30659754713433723,0.8848301882467261,0.15026308568287394,treatment,0.2,0.6,0.2413793103448276
696,4,51,0.6923750569644455,0.15870344323229882,0.896026146825302,treatment,0.2,0.6,0.11904761904761904
697,4,51,0.30659754713433723,0.8854993320753202,0.14989168232622968,treatment,0.2,0.6,0.2413793103448276
698,4,52,0.6923750569644455,0.158294980309905,0.896752049739503,treatment,0.2,0.6,0.11904761904761904
699,4,52,0.30659754713433723,0.8861480219856532,0.1495315660733053,treatment,0.2,0.6,0.2413793103448276
700,4,53,0.6923750569644455,0.15789877705601782,0.8974561154761619,treatment,0.2,0.6,0.11904761904761904
701,4,53,0.30659754713433723,0.8867771851196181,0.14918222920054308,treatment,0.2,0.6,0.2413793103448276
702,4,54,0.6923750569644455,0.15751429001103934,0.8981393206088814,treatment,0.2,0.6,0.11904761904761904
703,4,54,0.30659754713433723,0.8873876932137034,0.1488431940208533,treatment,0.2,0.6,0.2413793103448276
704,4,55,0.6923750569644455,0.15714100737655828,0.8988025840334747,treatment,0.2,0.6,0.11904761904761904
705,4,55,0.30659754713433723,0.8879803666909132,0.1485140106937433,treatment,0.2,0.6,0.2413793103448276
706,4,56,0.6923750569644455,0.15677844674170888,0.8994467711840968,treatment,0.2,0.6,0.11904761904761904
707,4,56,0.30659754713433723,0.8885559783941681,0.14819425522423568,treatment,0.2,0.6,0.2413793103448276
708,4,57,0.6923750569644455,0.15642615300275625,0.9000726978832839,treatment,0.2,0.6,0.11904761904761904
709,4,57,0.30659754713433723,0.889115256997423,0.14788352763187654,treatment,0.2,0.6,0.2413793103448276
710,4,58,0.6923750569644455,0.1560836964570159,0.9006811338626092,treatment,0.2,0.6,0.11904761904761904
711,4,58,0.30659754713433723,0.8896588901265853,0.14758145027321784,treatment,0.2,0.6,0.2413793103448276
712,4,59,0.6923750569644455,0.15575067105429646,0.9012728059864961,treatment,0.2,0.6,0.11904761904761904
713,4,59,0.30659754713433723,0.8901875272187258,0.14728766630298373,treatment,0.2,0.6,0.2413793103448276
714,4,60,0.6923750569644455,0.15542669279088153,0.9018484012080993,treatment,0.2,0.6,0.11904761904761904
715,4,60,0.30659754713433723,0.8907017821448944,0.14700183826073607,treatment,0.2,0.6,0.2413793103448276
716,4,61,0.6923750569644455,0.155111398232673,0.90240856928297,treatment,0.2,0.6,0.11904761904761904
717,4,61,0.30659754713433723,0.8912022356190987,0.14672364677126357,treatment,0.2,0.6,0.2413793103448276
718,4,62,0.6923750569644455,0.1548044431555351,0.9029539252634396,treatment,0.2,0.6,0.11904761904761904
719,4,62,0.30659754713433723,0.8916894374135675,0.14645278934816583,treatment,0.2,0.6,0.2413793103448276
720,4,63,0.6923750569644455,0.15450550129212645,0.9034850517941867,treatment,0.2,0.6,0.11904761904761904
721,4,63,0.30659754713433723,0.8921639083982733,0.14618897929119956,treatment,0.2,0.6,0.2413793103448276
722,4,64,0.6923750569644455,0.15421426317561227,0.9040025012273021,treatment,0.2,0.6,0.11904761904761904
723,4,64,0.30659754713433723,0.8926261424208137,0.14593194466892778,treatment,0.2,0.6,0.2413793103448276
724,4,65,0.6923750569644455,0.15393043507162818,0.9045067975732499,treatment,0.2,0.6,0.11904761904761904
725,4,65,0.30659754713433723,0.8930766080410727,0.1456814273790723,treatment,0.2,0.6,0.2413793103448276
726,4,66,0.6923750569644455,0.15365373799073237,0.9049984383024418,treatment,0.2,0.6,0.11904761904761904
727,4,66,0.30659754713433723,0.8935157501336202,0.1454371822797327,treatment,0.2,0.6,0.2413793103448276
728,4,67,0.6923750569644455,0.15338390677435582,0.9054778960106389,treatment,0.2,0.6,0.11904761904761904
729,4,67,0.30659754713433723,0.8939439913694893,0.1451989763853151,treatment,0.2,0.6,0.2413793103448276
730,4,68,0.6923750569644455,0.15312068924794395,0.9059456199600844,treatment,0.2,0.6,0.11904761904761904
731,4,68,0.30659754713433723,0.89436173358782,0.1449665881216162,treatment,0.2,0.6,0.2413793103448276
732,4,69,0.6923750569644455,0.15286384543559534,0.906402037507083,treatment,0.2,0.6,0.11904761904761904
733,4,69,0.30659754713433723,0.8947693590668259,0.1447398066350463,treatment,0.2,0.6,0.2413793103448276
734,4,70,0.6923750569644455,0.15261314683104796,0.9068475554256995,treatment,0.2,0.6,0.11904761904761904
735,4,70,0.30659754713433723,0.8951672317026163,0.1445184311514556,treatment,0.2,0.6,0.2413793103448276
736,4,71,0.6923750569644455,0.15236837572034992,0.9072825611363164,treatment,0.2,0.6,0.11904761904761904
737,4,71,0.30659754713433723,0.8955556981035914,0.14430227038045648,treatment,0.2,0.6,0.2413793103448276
738,4,72,0.6923750569644455,0.15212932455198802,0.9077074238469587,treatment,0.2,0.6,0.11904761904761904
739,4,72,0.30659754713433723,0.8959350886073995,0.14409114196151956,treatment,0.2,0.6,0.2413793103448276
740,4,73,0.6923750569644455,0.15189579535063838,0.9081224956145457,treatment,0.2,0.6,0.11904761904761904
741,4,73,0.30659754713433723,0.8963057182267857,0.14388487194846336,treatment,0.2,0.6,0.2413793103448276
742,4,74,0.6923750569644455,0.1516675991710533,0.9085281123325702,treatment,0.2,0.6,0.11904761904761904
743,4,74,0.30659754713433723,0.8966678875300768,0.14368329432926868,treatment,0.2,0.6,0.2413793103448276
744,4,75,0.6923750569644455,0.15144455558891315,0.9089245946510994,treatment,0.2,0.6,0.11904761904761904
745,4,75,0.30659754713433723,0.8970218834615238,0.14348625057842412,treatment,0.2,0.6,0.2413793103448276
746,4,76,0.6923750569644455,0.15122649222575588,0.909312248834466,treatment,0.2,0.6,0.11904761904761904
747,4,76,0.30659754713433723,0.8973679801062506,0.14329358923925978,treatment,0.2,0.6,0.2413793103448276
748,4,77,0.6923750569644455,0.15101324430535185,0.9096913675615299,treatment,0.2,0.6,0.11904761904761904
749,4,77,0.30659754713433723,0.8977064394041321,0.1431051655339507,treatment,0.2,0.6,0.2413793103448276
750,4,78,0.6923750569644455,0.1508046542391203,0.9100622306729552,treatment,0.2,0.6,0.11904761904761904
751,4,78,0.30659754713433723,0.8980375118165423,0.1429208409990734,treatment,0.2,0.6,0.2413793103448276
752,4,79,0.6923750569644455,0.15060057123839365,0.9104251058695672,treatment,0.2,0.6,0.11904761904761904
753,4,79,0.30659754713433723,0.8983614369495719,0.14274048314478366,treatment,0.2,0.6,0.2413793103448276
754,4,80,0.6923750569644455,0.15040085095152128,0.91078024936549,treatment,0.2,0.6,0.11904761904761904
755,4,80,0.30659754713433723,0.8986784441369974,0.1425639651358472,treatment,0.2,0.6,0.2413793103448276
756,4,81,0.6923750569644455,0.1502053551239754,0.9111279064994559,treatment,0.2,0.6,0.11904761904761904
757,4,81,0.30659754713433723,0.8989887529860131,0.142391165492905,treatment,0.2,0.6,0.2413793103448276
758,4,82,0.6923750569644455,0.1500139512797755,0.9114683123073827,treatment,0.2,0.6,0.11904761904761904
759,4,82,0.30659754713433723,0.8992925738884725,0.14222196781249127,treatment,0.2,0.6,0.2413793103448276
760,4,83,0.6923750569644455,0.14982651242268655,0.9118016920590635,treatment,0.2,0.6,0.11904761904761904
761,4,83,0.30659754713433723,0.899590108500158,0.1420562605044442,treatment,0.2,0.6,0.2413793103448276
762,4,84,0.6923750569644455,0.14964291675577363,0.9121282617615671,treatment,0.2,0.6,0.11904761904761904
763,4,84,0.30659754713433723,0.8998815501903991,0.14189393654546129,treatment,0.2,0.6,0.2413793103448276
764,4,85,0.6923750569644455,0.14946304741800967,0.9124482286317456,treatment,0.2,0.6,0.11904761904761904
765,4,85,0.30659754713433723,0.9001670844641522,0.14173489324765223,treatment,0.2,0.6,0.2413793103448276
766,4,86,0.6923750569644455,0.14928679223673877,0.9127617915400359,treatment,0.2,0.6,0.11904761904761904
767,4,86,0.30659754713433723,0.9004468893585009,0.1415790320410353,treatment,0.2,0.6,0.2413793103448276
768,4,87,0.6923750569644455,0.14836136342561682,0.9117268739371572,treatment,0.2,0.6,0.14285714285714285
769,4,87,0.30659754713433723,0.898317276260821,0.14142625826900623,treatment,0.2,0.6,0.2413793103448276
770,4,88,0.6923750569644455,0.148462125691479,0.9131778977300824,treatment,0.2,0.6,0.11904761904761904
771,4,88,0.30659754713433723,0.9008395425832995,0.14127648099588508,treatment,0.2,0.6,0.2413793103448276
772,4,89,0.6923750569644455,0.1484308171967158,0.9134971260281931,treatment,0.2,0.6,0.11904761904761904
773,4,89,0.30659754713433723,0.9011177380021946,0.14112961282571754,treatment,0.2,0.6,0.2413793103448276
774,4,90,0.6923750569644455,0.14834857533465373,0.9137987962279552,treatment,0.2,0.6,0.11904761904761904
775,4,90,0.30659754713433723,0.9013776498422061,0.14098556973156884,treatment,0.2,0.6,0.2413793103448276
776,4,91,0.6923750569644455,0.14824238550701554,0.9140913056935958,treatment,0.2,0.6,0.11904761904761904
777,4,91,0.30659754713433723,0.9016325202590013,0.14084427089460883,treatment,0.2,0.6,0.2413793103448276
778,4,92,0.6923750569644455,0.14812376356839288,0.9143763742388539,treatment,0.2,0.6,0.11904761904761904
779,4,92,0.30659754713433723,0.9018825673501106,0.14070563855233825,treatment,0.2,0.6,0.2413793103448276
780,4,93,0.6923750569644455,0.14799842631671092,0.9146549248531253,treatment,0.2,0.6,0.11904761904761904
781,4,93,0.30659754713433723,0.9021279273178753,0.14056959785535608,treatment,0.2,0.6,0.2413793103448276
782,4,94,0.6923750569644455,0.14786951488977942,0.9149275319003238,treatment,0.2,0.6,0.11904761904761904
783,4,94,0.30659754713433723,0.9023687308593037,0.14043607673211214,treatment,0.2,0.6,0.2413793103448276
784,4,95,0.6923750569644455,0.14773888403948654,0.9151945929144235,treatment,0.2,0.6,0.11904761904761904
785,4,95,0.30659754713433723,0.9026051038475124,0.14030500576112998,treatment,0.2,0.6,0.2413793103448276
786,4,96,0.6923750569644455,0.14760768809367292,0.9154564067796178,treatment,0.2,0.6,0.11904761904761904
787,4,96,0.30659754713433723,0.9028371675549846,0.14017631805022263,treatment,0.2,0.6,0.2413793103448276
788,4,97,0.6923750569644455,0.14747667387537536,0.9157132129298734,treatment,0.2,0.6,0.11904761904761904
789,4,97,0.30659754713433723,0.9030650388621831,0.14004994912225938,treatment,0.2,0.6,0.2413793103448276
790,4,98,0.6923750569644455,0.1473463383751958,0.9159652125512133,treatment,0.2,0.6,0.11904761904761904
791,4,98,0.30659754713433723,0.903288830454887,0.13992583680707132,treatment,0.2,0.6,0.2413793103448276
792,4,99,0.6923750569644455,0.1472170188033151,0.9162125807798533,treatment,0.2,0.6,0.11904761904761904
793,4,99,0.30659754713433723,0.9035086510109657,0.13980392113911527,treatment,0.2,0.6,0.2413793103448276
794,5,1,0.6722444751161099,0.30954671039962733,0.7020397857490553,treatment,0.2,0.6,0.27450980392156865
795,5,1,0.3089348199906972,0.6908607454344575,0.2675346734973558,treatment,0.2,0.6,0.3673469387755102
796,5,2,0.6722444751161099,0.2885802697722272,0.7280613044854461,treatment,0.2,0.6,0.19607843137254902
797,5,2,0.3089348199906972,0.7100346789117837,0.23035550417515238,treatment,0.2,0.6,0.2857142857142857
798,5,3,0.6722444751161099,0.26620932037293377,0.7426962020066066,treatment,0.2,0.6,0.13725490196078433
799,5,3,0.3089348199906972,0.72269247501977,0.21643212037048146,treatment,0.2,0.6,0.30612244897959184
800,5,4,0.6722444751161099,0.2542007576847644,0.7566560001220791,treatment,0.2,0.6,0.09803921568627451
801,5,4,0.3089348199906972,0.7358849935339024,0.2056903859680035,treatment,0.2,0.6,0.2653061224489796
802,5,5,0.6722444751161099,0.2451160724299329,0.7671580091476096,treatment,0.2,0.6,0.09803921568627451
803,5,5,0.3089348199906972,0.7467879509661012,0.19840005631487398,treatment,0.2,0.6,0.24489795918367346
804,5,6,0.6722444751161099,0.2365036997409954,0.7762879649637586,treatment,0.2,0.6,0.09803921568627451
805,5,6,0.3089348199906972,0.7564912662457127,0.19033658539118647,treatment,0.2,0.6,0.22448979591836735
806,5,7,0.6722444751161099,0.2294465712133875,0.784348694064488,treatment,0.2,0.6,0.09803921568627451
807,5,7,0.3089348199906972,0.7648148839780046,0.18554986562438577,treatment,0.2,0.6,0.22448979591836735
808,5,8,0.6722444751161099,0.22317045003091676,0.7915415531982694,treatment,0.2,0.6,0.09803921568627451
809,5,8,0.3089348199906972,0.7722959304009113,0.18129322741259182,treatment,0.2,0.6,0.22448979591836735
810,5,9,0.6722444751161099,0.21681143903766548,0.7980131264218621,treatment,0.2,0.6,0.09803921568627451
811,5,9,0.3089348199906972,0.7790595095942764,0.17646512890052685,treatment,0.2,0.6,0.20408163265306123
812,5,10,0.6722444751161099,0.21140828193928649,0.8038749943991864,treatment,0.2,0.6,0.09803921568627451
813,5,10,0.3089348199906972,0.7852094633428894,0.17276347866836012,treatment,0.2,0.6,0.20408163265306123
814,5,11,0.6722444751161099,0.2064987108643531,0.8092147555175669,treatment,0.2,0.6,0.09803921568627451
815,5,11,0.3089348199906972,0.7938625805743316,0.1693896300009642,treatment,0.2,0.6,0.20408163265306123
816,5,12,0.6722444751161099,0.2020124465353242,0.8141027559950045,treatment,0.2,0.6,0.09803921568627451
817,5,12,0.3089348199906972,0.7981506751024902,0.16630414534504762,treatment,0.2,0.6,0.20408163265306123
818,5,13,0.6722444751161099,0.19683515865870843,0.8185964807451513,treatment,0.2,0.6,0.09803921568627451
819,5,13,0.3089348199906972,0.8088209249221084,0.1619440838680656,treatment,0.2,0.6,0.1836734693877551
820,5,14,0.6722444751161099,0.19262747504629998,0.822743564055627,treatment,0.2,0.6,0.09803921568627451
821,5,14,0.3089348199906972,0.8113854198322183,0.15894957329139012,treatment,0.2,0.6,0.1836734693877551
822,5,15,0.6722444751161099,0.18874081852247432,0.8265839341150181,treatment,0.2,0.6,0.09803921568627451
823,5,15,0.3089348199906972,0.8151136773271369,0.15618247171722566,treatment,0.2,0.6,0.1836734693877551
824,5,16,0.6722444751161099,0.1851361774954344,0.8301513868856089,treatment,0.2,0.6,0.09803921568627451
825,5,16,0.3089348199906972,0.8185902315485932,0.1536182342352442,treatment,0.2,0.6,0.1836734693877551
826,5,17,0.6722444751161099,0.18178271752842637,0.8334747691367124,treatment,0.2,0.6,0.09803921568627451
827,5,17,0.3089348199906972,0.8218335366785364,0.15123616359167763,treatment,0.2,0.6,0.1836734693877551
828,5,18,0.6722444751161099,0.17865414665406737,0.8365788852700549,treatment,0.2,0.6,0.09803921568627451
829,5,18,0.3089348199906972,0.8248668200542255,0.1490174019073731,treatment,0.2,0.6,0.1836734693877551
830,5,19,0.6722444751161099,0.17572786075590494,0.8394852038675407,treatment,0.2,0.6,0.09803921568627451
831,5,19,0.3089348199906972,0.8277102953082207,0.14694533328293813,treatment,0.2,0.6,0.1836734693877551
832,5,20,0.6722444751161099,0.17298429111741967,0.8422124158808472,treatment,0.2,0.6,0.09803921568627451
833,5,20,0.3089348199906972,0.8303816113621871,0.14500545014488841,treatment,0.2,0.6,0.1836734693877551
834,5,21,0.6722444751161099,0.17040639214339373,0.8447768809219892,treatment,0.2,0.6,0.09803921568627451
835,5,21,0.3089348199906972,0.8328962542495467,0.14318509499209156,treatment,0.2,0.6,0.1836734693877551
836,5,22,0.6722444751161099,0.16797923368163742,0.8471929878406448,treatment,0.2,0.6,0.09803921568627451
837,5,22,0.3089348199906972,0.8352678744121396,0.14147319786240256,treatment,0.2,0.6,0.1836734693877551
838,5,23,0.6722444751161099,0.16568967280022331,0.8494734487612392,treatment,0.2,0.6,0.09803921568627451
839,5,23,0.3089348199906972,0.8375085552656244,0.13986004232215415,treatment,0.2,0.6,0.1836734693877551
840,5,24,0.6722444751161099,0.1635260868349109,0.8516295408537274,treatment,0.2,0.6,0.09803921568627451
841,5,24,0.3089348199906972,0.8396290351956603,0.1383370658770502,treatment,0.2,0.6,0.1836734693877551
842,5,25,0.6722444751161099,0.1614781543065167,0.8536713066202903,treatment,0.2,0.6,0.09803921568627451
843,5,25,0.3089348199906972,0.8416388922967282,0.13689669243906424,treatment,0.2,0.6,0.1836734693877551
844,5,26,0.6722444751161099,0.1595366736719732,0.8556077209476145,treatment,0.2,0.6,0.09803921568627451
845,5,26,0.3089348199906972,0.8435466990596878,0.1355321923532784,treatment,0.2,0.6,0.1836734693877551
846,5,27,0.6722444751161099,0.1576934122841838,0.8574468313090411,treatment,0.2,0.6,0.09803921568627451
847,5,27,0.3089348199906972,0.8453601526391864,0.13423756540043305,treatment,0.2,0.6,0.1836734693877551
848,5,28,0.6722444751161099,0.15594097969413215,0.8591958761080372,treatment,0.2,0.6,0.09803921568627451
849,5,28,0.3089348199906972,0.8470861851403824,0.13300744272759207,treatment,0.2,0.6,0.1836734693877551
850,5,29,0.6722444751161099,0.15427272073044618,0.8608613851016568,treatment,0.2,0.6,0.09803921568627451
851,5,29,0.3089348199906972,0.8487310574534229,0.13183700432043996,treatment,0.2,0.6,0.1836734693877551
852,5,30,0.6722444751161099,0.15268262476843936,0.8624492650381582,treatment,0.2,0.6,0.09803921568627451
853,5,30,0.3089348199906972,0.850300439460999,0.1307219092470808,treatment,0.2,0.6,0.1836734693877551
854,5,31,0.6722444751161099,0.15116524834256517,0.8639648730219868,treatment,0.2,0.6,0.09803921568627451
855,5,31,0.3089348199906972,0.85179947889694,0.12965823642759805,treatment,0.2,0.6,0.1836734693877551
856,5,32,0.6722444751161099,0.1497156488259047,0.8654130796357299,treatment,0.2,0.6,0.09803921568627451
857,5,32,0.3089348199906972,0.8532328607042811,0.12864243411296883,treatment,0.2,0.6,0.1836734693877551
858,5,33,0.6722444751161099,0.14832932734208737,0.8667983234688332,treatment,0.2,0.6,0.09803921568627451
859,5,33,0.3089348199906972,0.8546048584016934,0.12767127660251854,treatment,0.2,0.6,0.1836734693877551
860,5,34,0.6722444751161099,0.14772808665966283,0.8681246584023208,treatment,0.2,0.6,0.09803921568627451
861,5,34,0.3089348199906972,0.8564330811258921,0.12756032855255464,treatment,0.2,0.6,0.20408163265306123
862,5,35,0.6722444751161099,0.14665167894686879,0.8693957947592178,treatment,0.2,0.6,0.09803921568627451
863,5,35,0.3089348199906972,0.8575855590633198,0.1268047197248511,treatment,0.2,0.6,0.20408163265306123
864,5,36,0.6722444751161099,0.14561698345621674,0.8706151352382058,treatment,0.2,0.6,0.09803921568627451
865,5,36,0.3089348199906972,0.8587668119709775,0.12613051519631516,treatment,0.2,0.6,0.20408163265306123
866,5,37,0.6722444751161099,0.14462354216996567,0.8717858063929452,treatment,0.2,0.6,0.09803921568627451
867,5,37,0.3089348199906972,0.8599019662233731,0.1254826124880336,treatment,0.2,0.6,0.20408163265306123
868,5,38,0.6722444751161099,0.14419178036657207,0.8729106862935714,treatment,0.2,0.6,0.09803921568627451
869,5,38,0.3089348199906972,0.8615053816542773,0.12552493862795863,treatment,0.2,0.6,0.22448979591836735
870,5,39,0.6722444751161099,0.14340671644607592,0.8739924289041137,treatment,0.2,0.6,0.09803921568627451
871,5,39,0.3089348199906972,0.8624445886574132,0.12498598162259002,treatment,0.2,0.6,0.22448979591836735
872,5,40,0.6722444751161099,0.1426495030714574,0.8750334856252777,treatment,0.2,0.6,0.09803921568627451
873,5,40,0.3089348199906972,0.8634279421407512,0.12451890617474941,treatment,0.2,0.6,0.22448979591836735
874,5,41,0.6722444751161099,0.14192012447808608,0.876036124382546,treatment,0.2,0.6,0.09803921568627451
875,5,41,0.3089348199906972,0.8643758992844841,0.12406836863347856,treatment,0.2,0.6,0.22448979591836735
876,5,42,0.6722444751161099,0.1412170787726552,0.8770024465820201,treatment,0.2,0.6,0.09803921568627451
877,5,42,0.3089348199906972,0.8652899260207118,0.1236333185206783,treatment,0.2,0.6,0.22448979591836735
878,5,43,0.6722444751161099,0.14053896444786834,0.8779344022085865,treatment,0.2,0.6,0.09803921568627451
879,5,43,0.3089348199906972,0.8661718264311314,0.12321298545645819,treatment,0.2,0.6,0.22448979591836735
880,5,44,0.6722444751161099,0.1398844777582543,0.8788338033010423,treatment,0.2,0.6,0.09803921568627451
881,5,44,0.3089348199906972,0.8670232803475053,0.12280664824415137,treatment,0.2,0.6,0.22448979591836735
882,5,45,0.6722444751161099,0.13925240436601422,0.8797023360053379,treatment,0.2,0.6,0.09803921568627451
883,5,45,0.3089348199906972,0.8678458516092622,0.12241363047082286,treatment,0.2,0.6,0.22448979591836735
884,5,46,0.6722444751161099,0.13864161180546347,0.8805415713789317,treatment,0.2,0.6,0.09803921568627451
885,5,46,0.3089348199906972,0.8686409979576429,0.12203329730314413,treatment,0.2,0.6,0.22448979591836735
886,5,47,0.6722444751161099,0.13805104269620194,0.8813529750954676,treatment,0.2,0.6,0.09803921568627451
887,5,47,0.3089348199906972,0.8694100799413732,0.12166505252089753,treatment,0.2,0.6,0.22448979591836735
888,5,48,0.6722444751161099,0.13747970861991282,0.8821379161788503,treatment,0.2,0.6,0.09803921568627451
889,5,48,0.3089348199906972,0.8701543689351149,0.12130833577187754,treatment,0.2,0.6,0.22448979591836735
890,5,49,0.6722444751161099,0.13692668458643784,0.882897674878669,treatment,0.2,0.6,0.09803921568627451
891,5,49,0.3089348199906972,0.870875054372581,0.12096262003473425,treatment,0.2,0.6,0.22448979591836735
892,5,50,0.6722444751161099,0.13639110402411633,0.8836334497843344,treatment,0.2,0.6,0.09803921568627451
893,5,50,0.3089348199906972,0.8715732502830533,0.12062740927588383,treatment,0.2,0.6,0.22448979591836735
894,5,51,0.6722444751161099,0.1358721542374229,0.8843463642628173,treatment,0.2,0.6,0.09803921568627451
895,5,51,0.3089348199906972,0.8722500012087092,0.12030223628667562,treatment,0.2,0.6,0.22448979591836735
896,5,52,0.6722444751161099,0.1353690722818861,0.8850374722941726,treatment,0.2,0.6,0.09803921568627451
897,5,52,0.3089348199906972,0.8729062875704482,0.11998666068739613,treatment,0.2,0.6,0.22448979591836735
898,5,53,0.6722444751161099,0.13488114121228323,0.8857077637698464,treatment,0.2,0.6,0.09803921568627451
899,5,53,0.3089348199906972,0.8735430305415454,0.11968026708528523,treatment,0.2,0.6,0.22448979591836735
900,5,54,0.6722444751161099,0.13440768666532188,0.8863581693108301,treatment,0.2,0.6,0.09803921568627451
901,5,54,0.3089348199906972,0.8741610964812425,0.11938266337444971,treatment,0.2,0.6,0.22448979591836735
902,5,55,0.6722444751161099,0.1339480737425493,0.8869895646558706,treatment,0.2,0.6,0.09803921568627451
903,5,55,0.3089348199906972,0.8747613009741526,0.11909347916633267,treatment,0.2,0.6,0.22448979591836735
904,5,56,0.6722444751161099,0.13350170416317717,0.8876027746640119,treatment,0.2,0.6,0.09803921568627451
905,5,56,0.3089348199906972,0.8753444125159439,0.11881236434018494,treatment,0.2,0.6,0.22448979591836735
906,5,57,0.6722444751161099,0.13306801365995322,0.8881985769705952,treatment,0.2,0.6,0.09803921568627451
907,5,57,0.3089348199906972,0.8759111558810764,0.11853898770376896,treatment,0.2,0.6,0.22448979591836735
908,5,58,0.6722444751161099,0.1326464695942213,0.8887777053313423,treatment,0.2,0.6,0.09803921568627451
909,5,58,0.3089348199906972,0.8764622152042642,0.11827303575528207,treatment,0.2,0.6,0.22448979591836735
910,5,59,0.6722444751161099,0.1322365687689483,0.8893408526852483,treatment,0.2,0.6,0.09803921568627451
911,5,59,0.3089348199906972,0.8769982368037783,0.11801421153820815,treatment,0.2,0.6,0.22448979591836735
912,5,60,0.6722444751161099,0.13183783542081037,0.8898886739635787,treatment,0.2,0.6,0.09803921568627451
913,5,60,0.3089348199906972,0.8775198317715734,0.11776223358148641,treatment,0.2,0.6,0.22448979591836735
914,5,61,0.6722444751161099,0.13144981937446623,0.8904217886692705,treatment,0.2,0.6,0.09803921568627451
915,5,61,0.3089348199906972,0.8780275783524882,0.11751683491802041,treatment,0.2,0.6,0.22448979591836735
916,5,62,0.6722444751161099,0.1310720943439361,0.8909407832484101,treatment,0.2,0.6,0.09803921568627451
917,5,62,0.3089348199906972,0.8785220241323691,0.11727776217514072,treatment,0.2,0.6,0.22448979591836735
918,5,63,0.6722444751161099,0.13070425636758615,0.891446213273142,treatment,0.2,0.6,0.09803921568627451
919,5,63,0.3089348199906972,0.879003688052851,0.1170447747311763,treatment,0.2,0.6,0.22448979591836735
920,5,64,0.6722444751161099,0.1303459223646155,0.8919386054533239,treatment,0.2,0.6,0.09803921568627451
921,5,64,0.3089348199906972,0.8794730622686675,0.11681764393279218,treatment,0.2,0.6,0.22448979591836735
922,5,65,0.6722444751161099,0.12999672880217908,0.8924184594924518,treatment,0.2,0.6,0.09803921568627451
923,5,65,0.3089348199906972,0.8799306138617142,0.11659615236820829,treatment,0.2,0.6,0.22448979591836735
924,5,66,0.6722444751161099,0.12965633046337627,0.8928862498017747,treatment,0.2,0.6,0.09803921568627451
925,5,66,0.3089348199906972,0.8803767864246426,0.11638009319183518,treatment,0.2,0.6,0.22448979591836735
926,5,67,0.6722444751161099,0.12932439930730877,0.8933424270851238,treatment,0.2,0.6,0.09803921568627451
927,5,67,0.3089348199906972,0.8808120015254572,0.11616926949624488,treatment,0.2,0.6,0.22448979591836735
928,5,68,0.6722444751161099,0.1290006234132771,0.8937874198057175,treatment,0.2,0.6,0.09803921568627451
929,5,68,0.3089348199906972,0.881236660063466,0.11596349372774709,treatment,0.2,0.6,0.22448979591836735
930,5,69,0.6722444751161099,0.12868470600195564,0.8942216355450998,treatment,0.2,0.6,0.09803921568627451
931,5,69,0.3089348199906972,0.8816511435258958,0.11576258714215805,treatment,0.2,0.6,0.22448979591836735
932,5,70,0.6722444751161099,0.1283763645270759,0.8946454622633788,treatment,0.2,0.6,0.09803921568627451
933,5,70,0.3089348199906972,0.8820558151535919,0.11556637929764188,treatment,0.2,0.6,0.22448979591836735
934,5,71,0.6722444751161099,0.1280753298317588,0.8950592694690513,treatment,0.2,0.6,0.09803921568627451
935,5,71,0.3089348199906972,0.8824510210234104,0.11537470758176831,treatment,0.2,0.6,0.22448979591836735
936,5,72,0.6722444751161099,0.1277813453641905,0.895463409305907,treatment,0.2,0.6,0.09803921568627451
937,5,72,0.3089348199906972,0.8828370910541882,0.11518741677017175,treatment,0.2,0.6,0.22448979591836735
938,5,73,0.6722444751161099,0.12749416644782488,0.8958582175638083,treatment,0.2,0.6,0.09803921568627451
939,5,73,0.3089348199906972,0.8832143399425326,0.11500435861441749,treatment,0.2,0.6,0.22448979591836735
940,5,74,0.6722444751161099,0.12721355960173958,0.8962440146195122,treatment,0.2,0.6,0.09803921568627451
941,5,74,0.3089348199906972,0.8835830680340981,0.1148253914568785,treatment,0.2,0.6,0.22448979591836735
942,5,75,0.6722444751161099,0.12693930190716807,0.8966211063131225,treatment,0.2,0.6,0.09803921568627451
943,5,75,0.3089348199906972,0.8839435621354907,0.11465037987061186,treatment,0.2,0.6,0.22448979591836735
944,5,76,0.6722444751161099,0.12667118041658704,0.896989784765275,treatment,0.2,0.6,0.09803921568627451
945,5,76,0.3089348199906972,0.8842960962714852,0.11447919432238554,treatment,0.2,0.6,0.22448979591836735
946,5,77,0.6722444751161099,0.12640899160205904,0.8973503291396838,treatment,0.2,0.6,0.09803921568627451
947,5,77,0.3089348199906972,0.8846409323918201,0.11431171085716181,treatment,0.2,0.6,0.22448979591836735
948,5,78,0.6722444751161099,0.12615254083982005,0.8977030063552721,treatment,0.2,0.6,0.09803921568627451
949,5,78,0.3089348199906972,0.8849783210314481,0.11414781080247773,treatment,0.2,0.6,0.22448979591836735
950,5,79,0.6722444751161099,0.12590164192836248,0.8980480717517448,treatment,0.2,0.6,0.09803921568627451
951,5,79,0.3089348199906972,0.8853085019277978,0.11398738049129134,treatment,0.2,0.6,0.22448979591836735
952,5,80,0.6722444751161099,0.12565611663749962,0.898385769712126,treatment,0.2,0.6,0.09803921568627451
953,5,80,0.3089348199906972,0.8856317045982828,0.11383031100197574,treatment,0.2,0.6,0.22448979591836735
954,5,81,0.6722444751161099,0.1254157942861119,0.8987163342454706,treatment,0.2,0.6,0.09803921568627451
955,5,81,0.3089348199906972,0.8859481488810212,0.11367649791424804,treatment,0.2,0.6,0.22448979591836735
956,5,82,0.6722444751161099,0.12518051134646774,0.8990399895327065,treatment,0.2,0.6,0.09803921568627451
957,5,82,0.3089348199906972,0.8862580454414808,0.11352584107991633,treatment,0.2,0.6,0.22448979591836735
958,5,83,0.6722444751161099,0.12495011107318665,0.8993569504383022,treatment,0.2,0.6,0.09803921568627451
959,5,83,0.3089348199906972,0.8865615962475332,0.1133782444074148,treatment,0.2,0.6,0.22448979591836735
960,5,84,0.6722444751161099,0.12472444315507207,0.899667422990234,treatment,0.2,0.6,0.09803921568627451
961,5,84,0.3089348199906972,0.886858995015201,0.11323361565917697,treatment,0.2,0.6,0.22448979591836735
962,5,85,0.6722444751161099,0.12450336338818528,0.8999716048305254,treatment,0.2,0.6,0.09803921568627451
963,5,85,0.3089348199906972,0.8871504276271882,0.11309186626097101,treatment,0.2,0.6,0.22448979591836735
964,5,86,0.6722444751161099,0.12428673336866249,0.9002696856384503,treatment,0.2,0.6,0.09803921568627451
965,5,86,0.3089348199906972,0.8874360725261192,0.11295291112238667,treatment,0.2,0.6,0.22448979591836735
966,5,87,0.6722444751161099,0.1240744202038981,0.9005618475283113,treatment,0.2,0.6,0.09803921568627451
967,5,87,0.3089348199906972,0.887716101084259,0.11281666846772638,treatment,0.2,0.6,0.22448979591836735
968,5,88,0.6722444751161099,0.12386629624082428,0.9008482654235692,treatment,0.2,0.6,0.09803921568627451
969,5,88,0.3089348199906972,0.8879906779513403,0.11268305967660788,treatment,0.2,0.6,0.22448979591836735
970,5,89,0.6722444751161099,0.12366223881011741,0.901129107408945,treatment,0.2,0.6,0.09803921568627451
971,5,89,0.3089348199906972,0.8882599613819978,0.1125520091336385,treatment,0.2,0.6,0.22448979591836735
972,5,90,0.6722444751161099,0.12346212998525243,0.9014045350619968,treatment,0.2,0.6,0.09803921568627451
973,5,90,0.3089348199906972,0.8885241035442016,0.1124234440865676,treatment,0.2,0.6,0.22448979591836735
974,5,91,0.6722444751161099,0.12326585635540845,0.9016747037655588,treatment,0.2,0.6,0.09803921568627451
975,5,91,0.3089348199906972,0.8887832508099581,0.11229729451236807,treatment,0.2,0.6,0.22448979591836735
976,5,92,0.6722444751161099,0.1230733088113052,0.9019397630023157,treatment,0.2,0.6,0.09803921568627451
977,5,92,0.3089348199906972,0.8890375440294648,0.11217349299073726,treatment,0.2,0.6,0.22448979591836735
978,5,93,0.6722444751161099,0.1228843823431188,0.9021998566327023,treatment,0.2,0.6,0.09803921568627451
979,5,93,0.3089348199906972,0.8892871187898113,0.1120519745845447,treatment,0.2,0.6,0.22448979591836735
980,5,94,0.6722444751161099,0.12269897584968933,0.902455123157213,treatment,0.2,0.6,0.09803921568627451
981,5,94,0.3089348199906972,0.8895321056592279,0.11193267672678757,treatment,0.2,0.6,0.22448979591836735
982,5,95,0.6722444751161099,0.12251699195829002,0.9027056959641394,treatment,0.2,0.6,0.09803921568627451
983,5,95,0.3089348199906972,0.8897726304178293,0.11181553911364672,treatment,0.2,0.6,0.22448979591836735
984,5,96,0.6722444751161099,0.1223383368542828,0.9029517035636724,treatment,0.2,0.6,0.09803921568627451
985,5,96,0.3089348199906972,0.8900088142757052,0.11170050360326372,treatment,0.2,0.6,0.22448979591836735
986,5,97,0.6722444751161099,0.12216292012003159,0.9031932698092329,treatment,0.2,0.6,0.09803921568627451
987,5,97,0.3089348199906972,0.8902407740791741,0.11158751411988727,treatment,0.2,0.6,0.22448979591836735
988,5,98,0.6722444751161099,0.1219906545824927,0.9034305141068472,treatment,0.2,0.6,0.09803921568627451
989,5,98,0.3089348199906972,0.8904686225059355,0.11147651656306021,treatment,0.2,0.6,0.22448979591836735
990,5,99,0.6722444751161099,0.12182145616894101,0.9036635516133043,treatment,0.2,0.6,0.09803921568627451
991,5,99,0.3089348199906972,0.8906924682498182,0.11136745872154237,treatment,0.2,0.6,0.22448979591836735
992,6,1,0.6591956886713002,0.28848804423240026,0.6931731535414971,treatment,0.2,0.6,0.16981132075471697
993,6,1,0.30770689013024183,0.6807684717161164,0.2975779749024593,treatment,0.2,0.6,0.3191489361702128
994,6,2,0.6591956886713002,0.27593204123521575,0.7154465337956286,treatment,0.2,0.6,0.05660377358490566
995,6,2,0.30770689013024183,0.7005175814681392,0.26833434011195156,treatment,0.2,0.6,0.2765957446808511
996,6,3,0.6591956886713002,0.2662191485621757,0.73278308145585,treatment,0.2,0.6,0.03773584905660377
997,6,3,0.30770689013024183,0.718212859481859,0.2552620745288162,treatment,0.2,0.6,0.2765957446808511
998,6,4,0.6591956886713002,0.2578656419476835,0.74604776523098,treatment,0.2,0.6,0.03773584905660377
999,6,4,0.30770689013024183,0.7300976950560611,0.24710755625825184,treatment,0.2,0.6,0.2765957446808511
1000,6,5,0.6591956886713002,0.25055272196832457,0.7573583844752444,treatment,0.2,0.6,0.03773584905660377
1001,6,5,0.30770689013024183,0.7414256215611242,0.23989144798758189,treatment,0.2,0.6,0.2765957446808511
1002,6,6,0.6591956886713002,0.2445765022164645,0.7672088098298763,treatment,0.2,0.6,0.03773584905660377
1003,6,6,0.30770689013024183,0.751577819975833,0.23348496596179033,treatment,0.2,0.6,0.3191489361702128
1004,6,7,0.6591956886713002,0.23912310041845883,0.7759075247218236,treatment,0.2,0.6,0.03773584905660377
1005,6,7,0.30770689013024183,0.7601391230031597,0.22784491199666676,treatment,0.2,0.6,0.3191489361702128
1006,6,8,0.6591956886713002,0.23378479585861475,0.7836684177108985,treatment,0.2,0.6,0.03773584905660377
1007,6,8,0.30770689013024183,0.767878910350633,0.22187036938564497,treatment,0.2,0.6,0.2978723404255319
1008,6,9,0.6591956886713002,0.22908430700895022,0.7906488503758249,treatment,0.2,0.6,0.03773584905660377
1009,6,9,0.30770689013024183,0.778186417474405,0.21728684277341673,treatment,0.2,0.6,0.2978723404255319
1010,6,10,0.6591956886713002,0.2248191772295971,0.7969692870400178,treatment,0.2,0.6,0.03773584905660377
1011,6,10,0.30770689013024183,0.7836577044079374,0.2130869174714234,treatment,0.2,0.6,0.2978723404255319
1012,6,11,0.6591956886713002,0.22018655260139897,0.8027245884834249,treatment,0.2,0.6,0.03773584905660377
1013,6,11,0.30770689013024183,0.7925670503557143,0.2076587652908798,treatment,0.2,0.6,0.2553191489361702
1014,6,12,0.6591956886713002,0.21563231062138122,0.8079910511171646,treatment,0.2,0.6,0.03773584905660377
1015,6,12,0.30770689013024183,0.7969092462291009,0.2026935975371469,treatment,0.2,0.6,0.23404255319148937
1016,6,13,0.6591956886713002,0.2116181794125008,0.8128310641287435,treatment,0.2,0.6,0.03773584905660377
1017,6,13,0.30770689013024183,0.8048513009650863,0.19904818085223344,treatment,0.2,0.6,0.23404255319148937
1018,6,14,0.6591956886713002,0.20791678071398356,0.8172963333647799,treatment,0.2,0.6,0.03773584905660377
1019,6,14,0.30770689013024183,0.8115827762471627,0.19563383347561533,treatment,0.2,0.6,0.23404255319148937
1020,6,15,0.6591956886713002,0.20449139850864534,0.8214301926737038,treatment,0.2,0.6,0.03773584905660377
1021,6,15,0.30770689013024183,0.8145998440243802,0.19244635177608277,treatment,0.2,0.6,0.23404255319148937
1022,6,16,0.6591956886713002,0.20131156817914828,0.8252693076330115,treatment,0.2,0.6,0.03773584905660377
1023,6,16,0.30770689013024183,0.8181141361422345,0.18947233320934853,treatment,0.2,0.6,0.23404255319148937
1024,6,17,0.6591956886713002,0.19835126677665235,0.8288449598995302,treatment,0.2,0.6,0.03773584905660377
1025,6,17,0.30770689013024183,0.8213979592658665,0.18669499497616449,treatment,0.2,0.6,0.23404255319148937
1026,6,18,0.6591956886713002,0.19558810694350146,0.8321840335262868,treatment,0.2,0.6,0.03773584905660377
1027,6,18,0.30770689013024183,0.8244699844796051,0.1840974859838449,treatment,0.2,0.6,0.23404255319148937
1028,6,19,0.6591956886713002,0.1930027076558225,0.8353097843121526,treatment,0.2,0.6,0.03773584905660377
1029,6,19,0.30770689013024183,0.827350327473837,0.1816640035000775,treatment,0.2,0.6,0.23404255319148937
1030,6,20,0.6591956886713002,0.19057819484532565,0.8382424479778814,treatment,0.2,0.6,0.03773584905660377
1031,6,20,0.30770689013024183,0.8300566285276315,0.17938012647111018,treatment,0.2,0.6,0.23404255319148937
1032,6,21,0.6591956886713002,0.18829980074241623,0.8409997265417203,treatment,0.2,0.6,0.03773584905660377
1033,6,21,0.30770689013024183,0.8326044063158007,0.17723284995525482,treatment,0.2,0.6,0.23404255319148937
1034,6,22,0.6591956886713002,0.18615453931034825,0.8435971812777598,treatment,0.2,0.6,0.03773584905660377
1035,6,22,0.30770689013024183,0.8350073698567275,0.17521050469052474,treatment,0.2,0.6,0.23404255319148937
1036,6,23,0.6591956886713002,0.18413094104240524,0.8460485530955739,treatment,0.2,0.6,0.03773584905660377
1037,6,23,0.30770689013024183,0.8372776767721697,0.1733026369596567,treatment,0.2,0.6,0.23404255319148937
1038,6,24,0.6591956886713002,0.18221883457115776,0.8483660258857009,treatment,0.2,0.6,0.03773584905660377
1039,6,24,0.30770689013024183,0.839426148292132,0.17149988056649354,treatment,0.2,0.6,0.23404255319148937
1040,6,25,0.6591956886713002,0.1804091655485741,0.8505604445893523,treatment,0.2,0.6,0.03773584905660377
1041,6,25,0.30770689013024183,0.8414624492655131,0.16979383428327663,treatment,0.2,0.6,0.23404255319148937
1042,6,26,0.6591956886713002,0.17869384545876166,0.8526414969973781,treatment,0.2,0.6,0.03773584905660377
1043,6,26,0.30770689013024183,0.8433952396759647,0.16817694992657464,treatment,0.2,0.6,0.23404255319148937
1044,6,27,0.6591956886713002,0.17706562466020126,0.8546178662514688,treatment,0.2,0.6,0.03773584905660377
1045,6,27,0.30770689013024183,0.845232302813418,0.16664243250412508,treatment,0.2,0.6,0.23404255319148937
1046,6,28,0.6591956886713002,0.17551798518307185,0.8564973595010849,treatment,0.2,0.6,0.03773584905660377
1047,6,28,0.30770689013024183,0.8469806542107123,0.16518415221094804,treatment,0.2,0.6,0.23404255319148937
1048,6,29,0.6591956886713002,0.1740450497409786,0.8582870170198509,treatment,0.2,0.6,0.03773584905660377
1049,6,29,0.30770689013024183,0.8486466346453553,0.1637965673543193,treatment,0.2,0.6,0.23404255319148937
1050,6,30,0.6591956886713002,0.17264150413312868,0.8599932052059215,treatment,0.2,0.6,0.03773584905660377
1051,6,30,0.30770689013024183,0.8502359898725772,0.16247465704762262,treatment,0.2,0.6,0.23404255319148937
1052,6,31,0.6591956886713002,0.171302530768266,0.8616216962118841,treatment,0.2,0.6,0.03773584905660377
1053,6,31,0.30770689013024183,0.8517539392561627,0.1612138624895906,treatment,0.2,0.6,0.23404255319148937
1054,6,32,0.6591956886713002,0.17002375147548712,0.8631777364208608,treatment,0.2,0.6,0.03773584905660377
1055,6,32,0.30770689013024183,0.8532052350671009,0.1600100357187434,treatment,0.2,0.6,0.23404255319148937
1056,6,33,0.6591956886713002,0.16880117810863882,0.8646661055700475,treatment,0.2,0.6,0.03773584905660377
1057,6,33,0.30770689013024183,0.8545942139036702,0.15885939484401873,treatment,0.2,0.6,0.23404255319148937
1058,6,34,0.6591956886713002,0.16763116972188927,0.8660911679942175,treatment,0.2,0.6,0.03773584905660377
1059,6,34,0.30770689013024183,0.8559248414325797,0.15775848487284697,treatment,0.2,0.6,0.23404255319148937
1060,6,35,0.6591956886713002,0.16651039531034975,0.8674569171997649,treatment,0.2,0.6,0.03773584905660377
1061,6,35,0.30770689013024183,0.8572007514457967,0.156704143373657,treatment,0.2,0.6,0.23404255319148937
1062,6,36,0.6591956886713002,0.16543580128338217,0.8687670147697846,treatment,0.2,0.6,0.03773584905660377
1063,6,36,0.30770689013024183,0.8584252800613784,0.15569347031519024,treatment,0.2,0.6,0.23404255319148937
1064,6,37,0.6591956886713002,0.16440458297865537,0.8700248244311514,treatment,0.2,0.6,0.03773584905660377
1065,6,37,0.30770689013024183,0.8596014957610667,0.15472380151812332,treatment,0.2,0.6,0.23404255319148937
1066,6,38,0.6591956886713002,0.16341415963911773,0.8712334419770004,treatment,0.2,0.6,0.03773584905660377
1067,6,38,0.30770689013024183,0.8607322258463411,0.1537926852353818,treatment,0.2,0.6,0.23404255319148937
1068,6,39,0.6591956886713002,0.16246215236825712,0.8723957216257724,treatment,0.2,0.6,0.03773584905660377
1069,6,39,0.30770689013024183,0.8618200798032815,0.15289786144704526,treatment,0.2,0.6,0.23404255319148937
1070,6,40,0.6591956886713002,0.16180688418943293,0.8735142993059468,treatment,0.2,0.6,0.03773584905660377
1071,6,40,0.30770689013024183,0.8634470468475177,0.15240657878092176,treatment,0.2,0.6,0.2553191489361702
1072,6,41,0.6591956886713002,0.1610444626430292,0.8745916132797755,treatment,0.2,0.6,0.03773584905660377
1073,6,41,0.30770689013024183,0.8643410373584501,0.15158792673820917,treatment,0.2,0.6,0.2553191489361702
1074,6,42,0.6591956886713002,0.16030957313899646,0.8756299224565657,treatment,0.2,0.6,0.03773584905660377
1075,6,42,0.30770689013024183,0.8652835586568755,0.15088597412361157,treatment,0.2,0.6,0.2553191489361702
1076,6,43,0.6591956886713002,0.15960126973682737,0.8766313226939104,treatment,0.2,0.6,0.03773584905660377
1077,6,43,0.30770689013024183,0.8661933969953235,0.1502095978979599,treatment,0.2,0.6,0.2553191489361702
1078,6,44,0.6591956886713002,0.1589181429028613,0.8775977613417317,treatment,0.2,0.6,0.03773584905660377
1079,6,44,0.30770689013024183,0.8670717967258671,0.14955709150479884,treatment,0.2,0.6,0.2553191489361702
1080,6,45,0.6591956886713002,0.1582588790535992,0.8785310502475443,treatment,0.2,0.6,0.03773584905660377
1081,6,45,0.30770689013024183,0.8679203687626553,0.1489272156182435,treatment,0.2,0.6,0.2553191489361702
1082,6,46,0.6591956886713002,0.1576222545120036,0.8794328774106711,treatment,0.2,0.6,0.03773584905660377
1083,6,46,0.30770689013024183,0.8687406176569717,0.14831881608173303,treatment,0.2,0.6,0.2553191489361702
1084,6,47,0.6591956886713002,0.1570071279353432,0.88030481744728,treatment,0.2,0.6,0.03773584905660377
1085,6,47,0.30770689013024183,0.8695339478849674,0.14773081547160655,treatment,0.2,0.6,0.2553191489361702
1086,6,48,0.6591956886713002,0.15641243348950537,0.8811483410061893,treatment,0.2,0.6,0.03773584905660377
1087,6,48,0.30770689013024183,0.8703016720567462,0.147162206882511,treatment,0.2,0.6,0.2553191489361702
1088,6,49,0.6591956886713002,0.15583717469293534,0.8819648232567919,treatment,0.2,0.6,0.03773584905660377
1089,6,49,0.30770689013024183,0.8710450183408536,0.14661204830258448,treatment,0.2,0.6,0.2553191489361702
1090,6,50,0.6591956886713002,0.15528041885463967,0.8827555515545791,treatment,0.2,0.6,0.03773584905660377
1091,6,50,0.30770689013024183,0.8717651371775275,0.14607945751065143,treatment,0.2,0.6,0.2553191489361702
1092,6,51,0.6591956886713002,0.15474129204027257,0.8835217323761951,treatment,0.2,0.6,0.03773584905660377
1093,6,51,0.30770689013024183,0.8724631073591272,0.14556360744110383,treatment,0.2,0.6,0.2553191489361702
1094,6,52,0.6591956886713002,0.15421897450858618,0.8842644976043506,treatment,0.2,0.6,0.03773584905660377
1095,6,52,0.30770689013024183,0.873139941546478,0.1450637219682738,treatment,0.2,0.6,0.2553191489361702
1096,6,53,0.6591956886713002,0.15371269656764067,0.8849849102329183,treatment,0.2,0.6,0.03773584905660377
1097,6,53,0.30770689013024183,0.8737965912814392,0.14457907206750076,treatment,0.2,0.6,0.2553191489361702
1098,6,54,0.6591956886713002,0.15322173480631035,0.8856839695539565,treatment,0.2,0.6,0.03773584905660377
1099,6,54,0.30770689013024183,0.8744339515487327,0.14410897231486053,treatment,0.2,0.6,0.2553191489361702
1100,6,55,0.6591956886713002,0.1527454086619367,0.8863626158809534,treatment,0.2,0.6,0.03773584905660377
1101,6,55,0.30770689013024183,0.875052864933761,0.14365277769173448,treatment,0.2,0.6,0.2553191489361702
1102,6,56,0.6591956886713002,0.15228307728958615,0.8870217348561706,treatment,0.2,0.6,0.03773584905660377
1103,6,56,0.30770689013024183,0.8756541254176745,0.14320988066410997,treatment,0.2,0.6,0.2553191489361702
1104,6,57,0.6591956886713002,0.1518341367023775,0.8876621613843511,treatment,0.2,0.6,0.03773584905660377
1105,6,57,0.30770689013024183,0.876238481846193,0.142779708509783,treatment,0.2,0.6,0.2553191489361702
1106,6,58,0.6591956886713002,0.1513980171558323,0.8882846832302329,treatment,0.2,0.6,0.03773584905660377
1107,6,58,0.30770689013024183,0.8768066411045293,0.14236172086953097,treatment,0.2,0.6,0.2553191489361702
1108,6,59,0.6591956886713002,0.15097418075224897,0.8888900443130265,treatment,0.2,0.6,0.03773584905660377
1109,6,59,0.30770689013024183,0.8773592710271484,0.14195540750088326,treatment,0.2,0.6,0.2553191489361702
1110,6,60,0.6591956886713002,0.15056211924376647,0.8894789477273516,treatment,0.2,0.6,0.03773584905660377
1111,6,60,0.30770689013024183,0.8778970030679155,0.14156028621537997,treatment,0.2,0.6,0.2553191489361702
1112,6,61,0.6591956886713002,0.15016135201511846,0.8900520585168539,treatment,0.2,0.6,0.03773584905660377
1113,6,61,0.30770689013024183,0.8784204347534039,0.14117590098221527,treatment,0.2,0.6,0.2553191489361702
1114,6,62,0.6591956886713002,0.14977142422913226,0.8906100062239002,treatment,0.2,0.6,0.03773584905660377
1115,6,62,0.30770689013024183,0.8789301319396932,0.1408018201829349,treatment,0.2,0.6,0.2553191489361702
1116,6,63,0.6591956886713002,0.14939190511983158,0.8911533872362226,treatment,0.2,0.6,0.03773584905660377
1117,6,63,0.30770689013024183,0.8794266308908221,0.140437635003434,treatment,0.2,0.6,0.2553191489361702
1118,6,64,0.6591956886713002,0.14902238641959228,0.8916827669492069,treatment,0.2,0.6,0.03773584905660377
1119,6,64,0.30770689013024183,0.8799104401951761,0.14008295795089862,treatment,0.2,0.6,0.2553191489361702
1120,6,65,0.6591956886713002,0.14866248090820863,0.892198681760552,treatment,0.2,0.6,0.03773584905660377
1121,6,65,0.30770689013024183,0.8803820425343997,0.1397374214845767,treatment,0.2,0.6,0.2553191489361702
1122,6,66,0.6591956886713002,0.14831182107296803,0.892701640912316,treatment,0.2,0.6,0.03773584905660377
1123,6,66,0.30770689013024183,0.88084189631794,0.13940067675037107,treatment,0.2,0.6,0.2553191489361702
1124,6,67,0.6591956886713002,0.1479700578699356,0.8931921281938496,treatment,0.2,0.6,0.03773584905660377
1125,6,67,0.30770689013024183,0.8812904371950113,0.13907239241023098,treatment,0.2,0.6,0.2553191489361702
1126,6,68,0.6591956886713002,0.147636859577627,0.8936706035177521,treatment,0.2,0.6,0.03773584905660377
1127,6,68,0.30770689013024183,0.8817280794546015,0.13875225355819795,treatment,0.2,0.6,0.2553191489361702
1128,6,69,0.6591956886713002,0.14731191073511732,0.8941375043797986,treatment,0.2,0.6,0.03773584905660377
1129,6,69,0.30770689013024183,0.8821552173230988,0.1384399607157462,treatment,0.2,0.6,0.2553191489361702
1130,6,70,0.6591956886713002,0.1469949111574084,0.8945932472127103,treatment,0.2,0.6,0.03773584905660377
1131,6,70,0.30770689013024183,0.882572226168187,0.13813522889975927,treatment,0.2,0.6,0.2553191489361702
1132,6,71,0.6591956886713002,0.14668557502156532,0.8950382286426931,treatment,0.2,0.6,0.03773584905660377
1133,6,71,0.30770689013024183,0.8829794636168373,0.1378377867571112,treatment,0.2,0.6,0.2553191489361702
1134,6,72,0.6591956886713002,0.14638363001775112,0.8954728266568179,treatment,0.2,0.6,0.03773584905660377
1135,6,72,0.30770689013024183,0.8833772705944785,0.13754737576038525,treatment,0.2,0.6,0.2553191489361702
1136,6,73,0.6591956886713002,0.14608881655983813,0.8958974016885586,treatment,0.2,0.6,0.03773584905660377
1137,6,73,0.30770689013024183,0.8837659722917703,0.13726374945976505,treatment,0.2,0.6,0.2553191489361702
1138,6,74,0.6591956886713002,0.1458008870507691,0.8963122976281204,treatment,0.2,0.6,0.03773584905660377
1139,6,74,0.30770689013024183,0.8841458790648087,0.13698667278658874,treatment,0.2,0.6,0.2553191489361702
1140,6,75,0.6591956886713002,0.14551960519828247,0.8967178427635891,treatment,0.2,0.6,0.03773584905660377
1141,6,75,0.30770689013024183,0.8845172872740682,0.13671592140446162,treatment,0.2,0.6,0.2553191489361702
1142,6,76,0.6591956886713002,0.14524474537701512,0.8971143506583712,treatment,0.2,0.6,0.03773584905660377
1143,6,76,0.30770689013024183,0.8848804800668921,0.1364512811041925,treatment,0.2,0.6,0.2553191489361702
1144,6,77,0.6591956886713002,0.14497609203335138,0.8975021209699249,treatment,0.2,0.6,0.03773584905660377
1145,6,77,0.30770689013024183,0.885235728107933,0.13619254723914637,treatment,0.2,0.6,0.2553191489361702
1146,6,78,0.6591956886713002,0.14471343912971021,0.8978814402143157,treatment,0.2,0.6,0.03773584905660377
1147,6,78,0.30770689013024183,0.8855832902615419,0.13593952419790634,treatment,0.2,0.6,0.2553191489361702
1148,6,79,0.6591956886713002,0.14445658962525115,0.8982525824807471,treatment,0.2,0.6,0.03773584905660377
1149,6,79,0.30770689013024183,0.8859234142297644,0.1356920249114063,treatment,0.2,0.6,0.2553191489361702
1150,6,80,0.6591956886713002,0.14420535499024198,0.8986158100998546,treatment,0.2,0.6,0.03773584905660377
1151,6,80,0.30770689013024183,0.8862563371492829,0.13544987039193884,treatment,0.2,0.6,0.2553191489361702
1152,6,81,0.6591956886713002,0.14395955475156705,0.8989713742692247,treatment,0.2,0.6,0.03773584905660377
1153,6,81,0.30770689013024183,0.8865822861503629,0.13521288930166397,treatment,0.2,0.6,0.2553191489361702
1154,6,82,0.6591956886713002,0.14371901606706888,0.8993195156393023,treatment,0.2,0.6,0.03773584905660377
1155,6,82,0.30770689013024183,0.8869014788805992,0.13498091754844277,treatment,0.2,0.6,0.2553191489361702
1156,6,83,0.6591956886713002,0.1434835733266091,0.8996604648625952,treatment,0.2,0.6,0.03773584905660377
1157,6,83,0.30770689013024183,0.887214123996028,0.13475379790700198,treatment,0.2,0.6,0.2553191489361702
1158,6,84,0.6591956886713002,0.1432530677779109,0.8999944431088329,treatment,0.2,0.6,0.03773584905660377
1159,6,84,0.30770689013024183,0.8875204216219585,0.13453137966359924,treatment,0.2,0.6,0.2553191489361702
1160,6,85,0.6591956886713002,0.14302734717540333,0.900321662548522,treatment,0.2,0.6,0.03773584905660377
1161,6,85,0.30770689013024183,0.8878205637856842,0.1343135182825082,treatment,0.2,0.6,0.2553191489361702
1162,6,86,0.6591956886713002,0.14280626545043348,0.9006423268071452,treatment,0.2,0.6,0.03773584905660377
1163,6,86,0.30770689013024183,0.8881147348230553,0.13410007509277797,treatment,0.2,0.6,0.2553191489361702
1164,6,87,0.6591956886713002,0.1425896824013434,0.900956631392063,treatment,0.2,0.6,0.03773584905660377
1165,6,87,0.30770689013024183,0.8884031117607492,0.13389091699384562,treatment,0.2,0.6,0.2553191489361702
1166,6,88,0.6591956886713002,0.1423774634020282,0.90126476409402,treatment,0.2,0.6,0.03773584905660377
1167,6,88,0.30770689013024183,0.8886858646759113,0.13368591617869247,treatment,0.2,0.6,0.2553191489361702
1168,6,89,0.6591956886713002,0.14216947912770217,0.9015669053650028,treatment,0.2,0.6,0.03773584905660377
1169,6,89,0.30770689013024183,0.8889631570347221,0.13348494987333803,treatment,0.2,0.6,0.2553191489361702
1170,6,90,0.6591956886713002,0.14196560529669716,0.9018632286740638,treatment,0.2,0.6,0.03773584905660377
1171,6,90,0.30770689013024183,0.8892351460113163,0.1332879000915584,treatment,0.2,0.6,0.2553191489361702
1172,6,91,0.6591956886713002,0.14176572242721042,0.9021539008425962,treatment,0.2,0.6,0.03773584905660377
1173,6,91,0.30770689013024183,0.8895019827883794,0.13309465340380297,treatment,0.2,0.6,0.2553191489361702
1174,6,92,0.6591956886713002,0.14156971560800025,0.9024390823604366,treatment,0.2,0.6,0.03773584905660377
1175,6,92,0.30770689013024183,0.8897638128406358,0.1329051007193599,treatment,0.2,0.6,0.2553191489361702
1176,6,93,0.6591956886713002,0.14137747428210565,0.9027189276840644,treatment,0.2,0.6,0.03773584905660377
1177,6,93,0.30770689013024183,0.8900207762023556,0.1327191370808935,treatment,0.2,0.6,0.2553191489361702
1178,6,94,0.6591956886713002,0.14118889204273327,0.9029935855180684,treatment,0.2,0.6,0.03773584905660377
1179,6,94,0.30770689013024183,0.8902730077199299,0.13253666147054252,treatment,0.2,0.6,0.2553191489361702
1180,6,95,0.6591956886713002,0.1410038664405213,0.9032631990809742,treatment,0.2,0.6,0.03773584905660377
1181,6,95,0.30770689013024183,0.8905206372904697,0.13235757662682787,treatment,0.2,0.6,0.2553191489361702
1182,6,96,0.6591956886713002,0.14082229880144553,0.9035279063564349,treatment,0.2,0.6,0.03773584905660377
1183,6,96,0.30770689013024183,0.8907637900873348,0.13218178887167317,treatment,0.2,0.6,0.2553191489361702
1184,6,97,0.6591956886713002,0.14064409405468953,0.9037878403307161,treatment,0.2,0.6,0.03773584905660377
1185,6,97,0.30770689013024183,0.891002586773413,0.13200920794689416,treatment,0.2,0.6,0.2553191489361702
1186,6,98,0.6591956886713002,0.1404691605698464,0.90404312921735,treatment,0.2,0.6,0.03773584905660377
1187,6,98,0.30770689013024183,0.8912371437029242,0.13183974685955654,treatment,0.2,0.6,0.2553191489361702
1188,6,99,0.6591956886713002,0.14029741000286872,0.9042938966697505,treatment,0.2,0.6,0.03773584905660377
1189,6,99,0.30770689013024183,0.8914675731124689,0.13167332173564783,treatment,0.2,0.6,0.2553191489361702
1190,7,1,0.6558102501295754,0.31387127650804697,0.6861843232244379,treatment,0.2,0.6,0.21568627450980393
1191,7,1,0.3578363281174388,0.6854881204048116,0.29196155861820783,treatment,0.2,0.6,0.20408163265306123
1192,7,2,0.6558102501295754,0.2973223288281229,0.7149269456200467,treatment,0.2,0.6,0.09803921568627451
1193,7,2,0.3578363281174388,0.7065756270004906,0.2761239651675148,treatment,0.2,0.6,0.10204081632653061
1194,7,3,0.6558102501295754,0.27255044163151015,0.7280172110439017,treatment,0.2,0.6,0.09803921568627451
1195,7,3,0.3578363281174388,0.7174008902485162,0.26762847603730683,treatment,0.2,0.6,0.10204081632653061
1196,7,4,0.6558102501295754,0.26237900269201747,0.7404901684043047,treatment,0.2,0.6,0.0784313725490196
1197,7,4,0.3578363281174388,0.7298620611384705,0.2604459420671641,treatment,0.2,0.6,0.10204081632653061
1198,7,5,0.6558102501295754,0.2561517681257672,0.7506477444101346,treatment,0.2,0.6,0.0784313725490196
1199,7,5,0.3578363281174388,0.7402016834679843,0.25410593249586544,treatment,0.2,0.6,0.10204081632653061
1200,7,6,0.6558102501295754,0.25046976509291163,0.7595181430687898,treatment,0.2,0.6,0.0784313725490196
1201,7,6,0.3578363281174388,0.7493454443203887,0.24753679583144605,treatment,0.2,0.6,0.10204081632653061
1202,7,7,0.6558102501295754,0.2441886939921015,0.7673651103813819,treatment,0.2,0.6,0.0784313725490196
1203,7,7,0.3578363281174388,0.7572624182787857,0.2415689196775477,treatment,0.2,0.6,0.08163265306122448
1204,7,8,0.6558102501295754,0.23905897183841604,0.7743738249360765,treatment,0.2,0.6,0.0784313725490196
1205,7,8,0.3578363281174388,0.7643677592679657,0.2366083531561137,treatment,0.2,0.6,0.08163265306122448
1206,7,9,0.6558102501295754,0.23442825414933158,0.78068228808334,treatment,0.2,0.6,0.0784313725490196
1207,7,9,0.3578363281174388,0.7707822798092603,0.23207168534695025,treatment,0.2,0.6,0.08163265306122448
1208,7,10,0.6558102501295754,0.23022112394013305,0.7863970243083691,treatment,0.2,0.6,0.0784313725490196
1209,7,10,0.3578363281174388,0.7766063379300513,0.2279238028036158,treatment,0.2,0.6,0.08163265306122448
1210,7,11,0.6558102501295754,0.22637936471762837,0.7916024016092819,treatment,0.2,0.6,0.0784313725490196
1211,7,11,0.3578363281174388,0.7819208348639486,0.2241238381171578,treatment,0.2,0.6,0.08163265306122448
1212,7,12,0.6558102501295754,0.22285564247571196,0.7963665626468159,treatment,0.2,0.6,0.0784313725490196
1213,7,12,0.3578363281174388,0.7867919578668989,0.2206327887298921,treatment,0.2,0.6,0.08163265306122448
1214,7,13,0.6558102501295754,0.22019760876796715,0.8007454064242384,treatment,0.2,0.6,0.0784313725490196
1215,7,13,0.3578363281174388,0.7934764307578689,0.2172398906207107,treatment,0.2,0.6,0.10204081632653061
1216,7,14,0.6558102501295754,0.2174556370090991,0.8047853744086803,treatment,0.2,0.6,0.0784313725490196
1217,7,14,0.3578363281174388,0.7967890581947761,0.21447805916814944,treatment,0.2,0.6,0.10204081632653061
1218,7,15,0.6558102501295754,0.21491093478978018,0.8085254645615922,treatment,0.2,0.6,0.0784313725490196
1219,7,15,0.3578363281174388,0.8005509087782235,0.2119444224532143,treatment,0.2,0.6,0.10204081632653061
1220,7,16,0.6558102501295754,0.21254380396039516,0.8119987255855469,treatment,0.2,0.6,0.0784313725490196
1221,7,16,0.3578363281174388,0.8040504213664913,0.20958887124390435,treatment,0.2,0.6,0.10204081632653061
1222,7,17,0.6558102501295754,0.21033615220241061,0.8152333892630965,treatment,0.2,0.6,0.0784313725490196
1223,7,17,0.3578363281174388,0.8073111473121495,0.20739342935264254,treatment,0.2,0.6,0.10204081632653061
1224,7,18,0.6558102501295754,0.20827228383180482,0.8182537437692202,treatment,0.2,0.6,0.0784313725490196
1225,7,18,0.3578363281174388,0.8103571528859264,0.20534247869301364,treatment,0.2,0.6,0.10204081632653061
1226,7,19,0.6558102501295754,0.2063385152141954,0.821080817304029,treatment,0.2,0.6,0.0784313725490196
1227,7,19,0.3578363281174388,0.8132093413623087,0.203422323308554,treatment,0.2,0.6,0.10204081632653061
1228,7,20,0.6558102501295754,0.20452285930856717,0.8237329201287258,treatment,0.2,0.6,0.0784313725490196
1229,7,20,0.3578363281174388,0.8158859465793811,0.20162091729951956,treatment,0.2,0.6,0.10204081632653061
1230,7,21,0.6558102501295754,0.2028147683606202,0.8262260791497775,treatment,0.2,0.6,0.0784313725490196
1231,7,21,0.3578363281174388,0.8184029519648386,0.19992763248758516,treatment,0.2,0.6,0.10204081632653061
1232,7,22,0.6558102501295754,0.2012049224796318,0.8285743897973807,treatment,0.2,0.6,0.0784313725490196
1233,7,22,0.3578363281174388,0.8207744319708468,0.19833306116724037,treatment,0.2,0.6,0.10204081632653061
1234,7,23,0.6558102501295754,0.1996850547309039,0.8307903034502256,treatment,0.2,0.6,0.0784313725490196
1235,7,23,0.3578363281174388,0.8230128323478799,0.19682884911098775,treatment,0.2,0.6,0.10204081632653061
1236,7,24,0.6558102501295754,0.1982478055252814,0.8328848640760854,treatment,0.2,0.6,0.0784313725490196
1237,7,24,0.3578363281174388,0.8251292018459948,0.19540755420115513,treatment,0.2,0.6,0.10204081632653061
1238,7,25,0.6558102501295754,0.19688660068977487,0.8348679044644105,treatment,0.2,0.6,0.0784313725490196
1239,7,25,0.3578363281174388,0.8271333850118053,0.19406252658335535,treatment,0.2,0.6,0.10204081632653061
1240,7,26,0.6558102501295754,0.19559554881177715,0.8367482100217604,treatment,0.2,0.6,0.0784313725490196
1241,7,26,0.3578363281174388,0.8290341835816204,0.19278780682921573,treatment,0.2,0.6,0.10204081632653061
1242,7,27,0.6558102501295754,0.19436935437000277,0.8385336563189787,treatment,0.2,0.6,0.0784313725490196
1243,7,27,0.3578363281174388,0.830839492343111,0.19157803915773372,treatment,0.2,0.6,0.10204081632653061
1244,7,28,0.6558102501295754,0.19320324387318163,0.8402313252419855,treatment,0.2,0.6,0.0784313725490196
1245,7,28,0.3578363281174388,0.8325564141019424,0.19042839725955107,treatment,0.2,0.6,0.10204081632653061
1246,7,29,0.6558102501295754,0.1920929027765036,0.8418476035833652,treatment,0.2,0.6,0.0784313725490196
1247,7,29,0.3578363281174388,0.8341913574423635,0.18933452068918397,treatment,0.2,0.6,0.10204081632653061
1248,7,30,0.6558102501295754,0.19103442137486634,0.8433882671338433,treatment,0.2,0.6,0.0784313725490196
1249,7,30,0.3578363281174388,0.8357501202379712,0.18829246014125678,treatment,0.2,0.6,0.10204081632653061
1250,7,31,0.6558102501295754,0.19002424820975902,0.8448585527304604,treatment,0.2,0.6,0.0784313725490196
1251,7,31,0.3578363281174388,0.8372379612974048,0.1872986302166961,treatment,0.2,0.6,0.10204081632653061
1252,7,32,0.6558102501295754,0.18905914979435245,0.8462632202480281,treatment,0.2,0.6,0.0784313725490196
1253,7,32,0.3578363281174388,0.8386596620807154,0.18634976852310423,treatment,0.2,0.6,0.10204081632653061
1254,7,33,0.6558102501295754,0.18813617567492288,0.8476066061503934,treatment,0.2,0.6,0.0784313725490196
1255,7,33,0.3578363281174388,0.840019580066813,0.18544290014894993,treatment,0.2,0.6,0.10204081632653061
1256,7,34,0.6558102501295754,0.18725262801810905,0.8488926699246914,treatment,0.2,0.6,0.0784313725490196
1257,7,34,0.3578363281174388,0.8413216950693377,0.1845753067114907,treatment,0.2,0.6,0.10204081632653061
1258,7,35,0.6558102501295754,0.18640603505178652,0.8501250344876129,treatment,0.2,0.6,0.0784313725490196
1259,7,35,0.3578363281174388,0.8425696495714242,0.1837444993099253,treatment,0.2,0.6,0.10204081632653061
1260,7,36,0.6558102501295754,0.18559412779952883,0.8513070214646554,treatment,0.2,0.6,0.0784313725490196
1261,7,36,0.3578363281174388,0.8437667839669227,0.18294819482351665,treatment,0.2,0.6,0.10204081632653061
1262,7,37,0.6558102501295754,0.18481481964009586,0.8524416820913544,treatment,0.2,0.6,0.0784313725490196
1263,7,37,0.3578363281174388,0.8449161674473673,0.18218429508367273,treatment,0.2,0.6,0.10204081632653061
1264,7,38,0.6558102501295754,0.18406618829832122,0.8535318243620252,treatment,0.2,0.6,0.0784313725490196
1265,7,38,0.3578363281174388,0.8460206251531627,0.18145086852275583,treatment,0.2,0.6,0.10204081632653061
1266,7,39,0.6558102501295754,0.18334645993544446,0.8545800369506985,treatment,0.2,0.6,0.0784313725490196
1267,7,39,0.3578363281174388,0.8470827621085408,0.18074613396356703,treatment,0.2,0.6,0.10204081632653061
1268,7,40,0.6558102501295754,0.1826539950579039,0.8555887103461428,treatment,0.2,0.6,0.0784313725490196
1269,7,40,0.3578363281174388,0.8481049843784451,0.18006844626432988,treatment,0.2,0.6,0.10204081632653061
1270,7,41,0.6558102501295754,0.18198727600591014,0.8565600555746202,treatment,0.2,0.6,0.0784313725490196
1271,7,41,0.3578363281174388,0.849089517818257,0.17941628357643447,treatment,0.2,0.6,0.10204081632653061
1272,7,42,0.6558102501295754,0.18134489581837201,0.8574961208274549,treatment,0.2,0.6,0.0784313725490196
1273,7,42,0.3578363281174388,0.8500384247314825,0.17878823600771274,treatment,0.2,0.6,0.10204081632653061
1274,7,43,0.6558102501295754,0.18072554830022666,0.8583988062634719,treatment,0.2,0.6,0.0784313725490196
1275,7,43,0.3578363281174388,0.850953618704017,0.17818299551381805,treatment,0.2,0.6,0.10204081632653061
1276,7,44,0.6558102501295754,0.18012801914297477,0.8592698772170724,treatment,0.2,0.6,0.0784313725490196
1277,7,44,0.3578363281174388,0.8518368778447372,0.17759934686536907,treatment,0.2,0.6,0.10204081632653061
1278,7,45,0.6558102501295754,0.17955117797006506,0.8601109760097877,treatment,0.2,0.6,0.0784313725490196
1279,7,45,0.3578363281174388,0.8526898566295288,0.17703615955969987,treatment,0.2,0.6,0.10204081632653061
1280,7,46,0.6558102501295754,0.17899397119639018,0.8609236325354318,treatment,0.2,0.6,0.0784313725490196
1281,7,46,0.3578363281174388,0.8535140965183671,0.17649238056399288,treatment,0.2,0.6,0.10204081632653061
1282,7,47,0.6558102501295754,0.17845541560609152,0.8617092737655935,treatment,0.2,0.6,0.0784313725490196
1283,7,47,0.3578363281174388,0.8543110354918337,0.1759670277918024,treatment,0.2,0.6,0.10204081632653061
1284,7,48,0.6558102501295754,0.17793459256557123,0.862469232302371,treatment,0.2,0.6,0.0784313725490196
1285,7,48,0.3578363281174388,0.8550820166337573,0.17545918422794438,treatment,0.2,0.6,0.10204081632653061
1286,7,49,0.6558102501295754,0.17743064279944387,0.863204754088428,treatment,0.2,0.6,0.0784313725490196
1287,7,49,0.3578363281174388,0.8558282958698958,0.17496799262780166,treatment,0.2,0.6,0.10204081632653061
1288,7,50,0.6558102501295754,0.17694276166642622,0.8639170053700675,treatment,0.2,0.6,0.0784313725490196
1289,7,50,0.3578363281174388,0.8565510489582983,0.17449265072657372,treatment,0.2,0.6,0.10204081632653061
1290,7,51,0.6558102501295754,0.17647019488011384,0.8646070789967699,treatment,0.2,0.6,0.0784313725490196
1291,7,51,0.3578363281174388,0.8572513778147439,0.1740324069021337,treatment,0.2,0.6,0.10204081632653061
1292,7,52,0.6558102501295754,0.17601223462642446,0.865276000130093,treatment,0.2,0.6,0.0784313725490196
1293,7,52,0.3578363281174388,0.8579303162461633,0.1735865562421589,treatment,0.2,0.6,0.10204081632653061
1294,7,53,0.6558102501295754,0.1755682160353856,0.8659247314257992,treatment,0.2,0.6,0.0784313725490196
1295,7,53,0.3578363281174388,0.8585888351559287,0.17315443697223426,treatment,0.2,0.6,0.10204081632653061
1296,7,54,0.6558102501295754,0.17513751397003438,0.8665541777452677,treatment,0.2,0.6,0.0784313725490196
1297,7,54,0.3578363281174388,0.8592278472771077,0.1727354272068511,treatment,0.2,0.6,0.10204081632653061
1298,7,55,0.6558102501295754,0.17471954009961127,0.8671651904455061,treatment,0.2,0.6,0.0784313725490196
1299,7,55,0.3578363281174388,0.8598482114830492,0.1723289419897441,treatment,0.2,0.6,0.10204081632653061
1300,7,56,0.6558102501295754,0.17431374022806206,0.8677585712912476,treatment,0.2,0.6,0.0784313725490196
1301,7,56,0.3578363281174388,0.860450736718839,0.17193443059393654,treatment,0.2,0.6,0.10204081632653061
1302,7,57,0.6558102501295754,0.17391959185219635,0.8683350760275406,treatment,0.2,0.6,0.0784313725490196
1303,7,57,0.3578363281174388,0.8610361855920924,0.17155137405528342,treatment,0.2,0.6,0.10204081632653061
1304,7,58,0.6558102501295754,0.17353660192675877,0.8688954176468263,treatment,0.2,0.6,0.0784313725490196
1305,7,58,0.3578363281174388,0.8616052776571435,0.17117928291628104,treatment,0.2,0.6,0.10204081632653061
1306,7,59,0.6558102501295754,0.17316430481621523,0.8694402693806591,treatment,0.2,0.6,0.0784313725490196
1307,7,59,0.3578363281174388,0.8621586924228435,0.17081769515951742,treatment,0.2,0.6,0.10204081632653061
1308,7,60,0.6558102501295754,0.1728022604152763,0.8699702674428496,treatment,0.2,0.6,0.0784313725490196
1309,7,60,0.3578363281174388,0.8626970721108138,0.1704661743124185,treatment,0.2,0.6,0.10204081632653061
1310,7,61,0.6558102501295754,0.17245005242214032,0.8704860135478765,treatment,0.2,0.6,0.0784313725490196
1311,7,61,0.3578363281174388,0.8632210241880505,0.17012430770694603,treatment,0.2,0.6,0.10204081632653061
1312,7,62,0.6558102501295754,0.1721072867501511,0.8709880772258154,treatment,0.2,0.6,0.0784313725490196
1313,7,62,0.3578363281174388,0.8637311236951926,0.16979170487966197,treatment,0.2,0.6,0.10204081632653061
1314,7,63,0.6558102501295754,0.17177359006508225,0.8714769979527731,treatment,0.2,0.6,0.0784313725490196
1315,7,63,0.3578363281174388,0.8642279153894911,0.16946799609912197,treatment,0.2,0.6,0.10204081632653061
1316,7,64,0.6558102501295754,0.17144860843659013,0.8719532871137988,treatment,0.2,0.6,0.0784313725490196
1317,7,64,0.3578363281174388,0.8647119157195059,0.16915283100892853,treatment,0.2,0.6,0.10204081632653061
1318,7,65,0.6558102501295754,0.17113200609356397,0.8724174298134896,treatment,0.2,0.6,0.0784313725490196
1319,7,65,0.3578363281174388,0.8651836146467915,0.16884587737597884,treatment,0.2,0.6,0.10204081632653061
1320,7,66,0.6558102501295754,0.17082346427413875,0.872869886547937,treatment,0.2,0.6,0.0784313725490196
1321,7,66,0.3578363281174388,0.8656434773282664,0.1685468199345126,treatment,0.2,0.6,0.10204081632653061
1322,7,67,0.6558102501295754,0.17052268016207095,0.8733110947502777,treatment,0.2,0.6,0.0784313725490196
1323,7,67,0.3578363281174388,0.8660919456715727,0.16825535931751265,treatment,0.2,0.6,0.10204081632653061
1324,7,68,0.6558102501295754,0.17022936590199303,0.8737414702208909,treatment,0.2,0.6,0.0784313725490196
1325,7,68,0.3578363281174388,0.8665294397745045,0.16797121106784954,treatment,0.2,0.6,0.10204081632653061
1326,7,69,0.6558102501295754,0.16994324768680175,0.8741614084521846,treatment,0.2,0.6,0.0784313725490196
1327,7,69,0.3578363281174388,0.8669563592584898,0.1676941047223133,treatment,0.2,0.6,0.10204081632653061
1328,7,70,0.6558102501295754,0.16966406491108144,0.8745712858569485,treatment,0.2,0.6,0.0784313725490196
1329,7,70,0.3578363281174388,0.8673730845051353,0.1674237829623378,treatment,0.2,0.6,0.10204081632653061
1330,7,71,0.6558102501295754,0.1693915693850515,0.8749714609083865,treatment,0.2,0.6,0.0784313725490196
1331,7,71,0.3578363281174388,0.8677799778039804,0.1671600008258203,treatment,0.2,0.6,0.10204081632653061
1332,7,72,0.6558102501295754,0.16912552460404337,0.8753622751991661,treatment,0.2,0.6,0.0784313725490196
1333,7,72,0.3578363281174388,0.8681773844188275,0.16690252497496894,treatment,0.2,0.6,0.10204081632653061
1334,7,73,0.6558102501295754,0.16886570506898085,0.8757440544261313,treatment,0.2,0.6,0.0784313725490196
1335,7,73,0.3578363281174388,0.8685656335793255,0.166651133015584,treatment,0.2,0.6,0.10204081632653061
1336,7,74,0.6558102501295754,0.16861189565375356,0.8761171093067158,treatment,0.2,0.6,0.0784313725490196
1337,7,74,0.3578363281174388,0.868945039403866,0.16640561286360778,treatment,0.2,0.6,0.10204081632653061
1338,7,75,0.6558102501295754,0.16836389101574795,0.8764817364325251,treatment,0.2,0.6,0.0784313725490196
1339,7,75,0.3578363281174388,0.869315901759291,0.1661657621551552,treatment,0.2,0.6,0.10204081632653061
1340,7,76,0.6558102501295754,0.1681214950461375,0.8768382190650738,treatment,0.2,0.6,0.0784313725490196
1341,7,76,0.3578363281174388,0.8696785070624143,0.16593138769658408,treatment,0.2,0.6,0.10204081632653061
1342,7,77,0.6558102501295754,0.16788452035683657,0.8771868278782068,treatment,0.2,0.6,0.0784313725490196
1343,7,77,0.3578363281174388,0.870033129027913,0.1657023049514688,treatment,0.2,0.6,0.10204081632653061
1344,7,78,0.6558102501295754,0.16765278780129292,0.8775278216513365,treatment,0.2,0.6,0.0784313725490196
1345,7,78,0.3578363281174388,0.8703800293667366,0.1654783375616205,treatment,0.2,0.6,0.10204081632653061
1346,7,79,0.6558102501295754,0.16662005071146302,0.8772992191582725,treatment,0.2,0.6,0.09803921568627451
1347,7,79,0.3578363281174388,0.8697443575416901,0.16525931689954676,treatment,0.2,0.6,0.10204081632653061
1348,7,80,0.6558102501295754,0.1666598742161527,0.8781922009016268,treatment,0.2,0.6,0.0784313725490196
1349,7,80,0.3578363281174388,0.8708966370753733,0.16504508164996912,treatment,0.2,0.6,0.10204081632653061
1350,7,81,0.6558102501295754,0.16657378840980036,0.8784832146937271,treatment,0.2,0.6,0.0784313725490196
1351,7,81,0.3578363281174388,0.8712282055265719,0.1648354774182205,treatment,0.2,0.6,0.10204081632653061
1352,7,82,0.6558102501295754,0.16644003461885612,0.8787778736262669,treatment,0.2,0.6,0.0784313725490196
1353,7,82,0.3578363281174388,0.8715481702031604,0.1646303563635305,treatment,0.2,0.6,0.10204081632653061
1354,7,83,0.6558102501295754,0.16628459945075724,0.8790725165379013,treatment,0.2,0.6,0.0784313725490196
1355,7,83,0.3578363281174388,0.8718615038172893,0.1644295768553719,treatment,0.2,0.6,0.10204081632653061
1356,7,84,0.6558102501295754,0.16611854374121351,0.8793645698825674,treatment,0.2,0.6,0.0784313725490196
1357,7,84,0.3578363281174388,0.8721684373667884,0.1642330031511947,treatment,0.2,0.6,0.10204081632653061
1358,7,85,0.6558102501295754,0.16594733456886407,0.879652833440038,treatment,0.2,0.6,0.0784313725490196
1359,7,85,0.3578363281174388,0.8724691657347785,0.1640405050940103,treatment,0.2,0.6,0.10204081632653061
1360,7,86,0.6558102501295754,0.16577395574330997,0.8799367180755351,treatment,0.2,0.6,0.0784313725490196
1361,7,86,0.3578363281174388,0.8727638757985705,0.16385195782841472,treatment,0.2,0.6,0.10204081632653061
1362,7,87,0.6558102501295754,0.16560015184671725,0.8802159367297592,treatment,0.2,0.6,0.0784313725490196
1363,7,87,0.3578363281174388,0.8730527469844559,0.1636672415337519,treatment,0.2,0.6,0.10204081632653061
1364,7,88,0.6558102501295754,0.16542699357730375,0.8804903641276565,treatment,0.2,0.6,0.0784313725490196
1365,7,88,0.3578363281174388,0.873335951637164,0.1634862411732229,treatment,0.2,0.6,0.10204081632653061
1366,7,89,0.6558102501295754,0.16448052595573295,0.8801366028499157,treatment,0.2,0.6,0.09803921568627451
1367,7,89,0.3578363281174388,0.8726430908995583,0.16330884625784017,treatment,0.2,0.6,0.10204081632653061
1368,7,90,0.6558102501295754,0.16456633108174232,0.8809793389457273,treatment,0.2,0.6,0.0784313725490196
1369,7,90,0.3578363281174388,0.8737437566916428,0.1631349506242119,treatment,0.2,0.6,0.10204081632653061
1370,7,91,0.6558102501295754,0.1645262912792046,0.8812140780629593,treatment,0.2,0.6,0.0784313725490196
1371,7,91,0.3578363281174388,0.8740170851039163,0.1629644522252217,treatment,0.2,0.6,0.10204081632653061
1372,7,92,0.6558102501295754,0.16443733130785815,0.8814536607827327,treatment,0.2,0.6,0.0784313725490196
1373,7,92,0.3578363281174388,0.8742805091550039,0.1627972529327374,treatment,0.2,0.6,0.10204081632653061
1374,7,93,0.6558102501295754,0.16432514956863678,0.8816946499265043,treatment,0.2,0.6,0.0784313725490196
1375,7,93,0.3578363281174388,0.8745389817425707,0.16263325835155173,treatment,0.2,0.6,0.10204081632653061
1376,7,94,0.6558102501295754,0.1642007807159047,0.8819345173946805,treatment,0.2,0.6,0.0784313725490196
1377,7,94,0.3578363281174388,0.8747926683030159,0.16247237764381567,treatment,0.2,0.6,0.10204081632653061
1378,7,95,0.6558102501295754,0.16406974498554344,0.8821720542340389,treatment,0.2,0.6,0.0784313725490196
1379,7,95,0.3578363281174388,0.8750417010692051,0.1623145233632799,treatment,0.2,0.6,0.10204081632653061
1380,7,96,0.6558102501295754,0.16393510280807022,0.8824066406018103,treatment,0.2,0.6,0.0784313725490196
1381,7,96,0.3578363281174388,0.8752862072816712,0.162159611298713,treatment,0.2,0.6,0.10204081632653061
1382,7,97,0.6558102501295754,0.16379867945733687,0.8826379493653183,treatment,0.2,0.6,0.0784313725490196
1383,7,97,0.3578363281174388,0.875526309572273,0.1620075603259072,treatment,0.2,0.6,0.10204081632653061
1384,7,98,0.6558102501295754,0.16366162338700554,0.8828658113817821,treatment,0.2,0.6,0.0784313725490196
1385,7,98,0.3578363281174388,0.8757621261723125,0.16185829226772885,treatment,0.2,0.6,0.10204081632653061
1386,7,99,0.6558102501295754,0.16352468643038817,0.8830901481807278,treatment,0.2,0.6,0.0784313725490196
1387,7,99,0.3578363281174388,0.8759937711085891,0.16171173176170775,treatment,0.2,0.6,0.10204081632653061
1388,8,1,0.6819174644803135,0.3287431772657607,0.7456344871556899,treatment,0.2,0.6,0.425531914893617
1389,8,1,0.31670537751217076,0.7102068903746441,0.27060121242209195,treatment,0.2,0.6,0.3584905660377358
1390,8,2,0.6819174644803135,0.3063080756132895,0.7669741068714491,treatment,0.2,0.6,0.1702127659574468
1391,8,2,0.31670537751217076,0.7277691036387202,0.23703530873601464,treatment,0.2,0.6,0.22641509433962265
1392,8,3,0.6819174644803135,0.26811872378667145,0.779522179367701,treatment,0.2,0.6,0.1276595744680851
1393,8,3,0.31670537751217076,0.7416356610057222,0.225791504877228,treatment,0.2,0.6,0.22641509433962265
1394,8,4,0.6819174644803135,0.2514588689756076,0.790215981708266,treatment,0.2,0.6,0.10638297872340426
1395,8,4,0.31670537751217076,0.7529965780608933,0.2168507395585602,treatment,0.2,0.6,0.22641509433962265
1396,8,5,0.6819174644803135,0.24402614723144558,0.7981806977574831,treatment,0.2,0.6,0.10638297872340426
1397,8,5,0.31670537751217076,0.7611364209958976,0.21059917818717194,treatment,0.2,0.6,0.24528301886792453
1398,8,6,0.6819174644803135,0.2373361075072964,0.8049005367372846,treatment,0.2,0.6,0.10638297872340426
1399,8,6,0.31670537751217076,0.7687941860647513,0.20529164712981976,treatment,0.2,0.6,0.24528301886792453
1400,8,7,0.6819174644803135,0.23190290344595454,0.810703849488661,treatment,0.2,0.6,0.10638297872340426
1401,8,7,0.31670537751217076,0.7756132429598426,0.20052333968594513,treatment,0.2,0.6,0.2641509433962264
1402,8,8,0.6819174644803135,0.22683955631540662,0.8157967976002529,treatment,0.2,0.6,0.10638297872340426
1403,8,8,0.31670537751217076,0.7815381612560052,0.19652100142374135,treatment,0.2,0.6,0.2641509433962264
1404,8,9,0.6819174644803135,0.22097845173358122,0.8203202418504881,treatment,0.2,0.6,0.10638297872340426
1405,8,9,0.31670537751217076,0.7868819507302289,0.19153151352729142,treatment,0.2,0.6,0.22641509433962265
1406,8,10,0.6819174644803135,0.21628632652211907,0.824375718358966,treatment,0.2,0.6,0.10638297872340426
1407,8,10,0.31670537751217076,0.7917267658421079,0.18812118542225845,treatment,0.2,0.6,0.22641509433962265
1408,8,11,0.6819174644803135,0.21203137662811164,0.8280393988453641,treatment,0.2,0.6,0.10638297872340426
1409,8,11,0.31670537751217076,0.7961436147303776,0.18496684908683445,treatment,0.2,0.6,0.22641509433962265
1410,8,12,0.6819174644803135,0.2081500234777597,0.8313701986728688,treatment,0.2,0.6,0.10638297872340426
1411,8,12,0.31670537751217076,0.8028179405491445,0.1820587217296768,treatment,0.2,0.6,0.22641509433962265
1412,8,13,0.6819174644803135,0.20369887006247725,0.8340870992520452,treatment,0.2,0.6,0.1276595744680851
1413,8,13,0.31670537751217076,0.8043461018122544,0.179376982788873,treatment,0.2,0.6,0.22641509433962265
1414,8,14,0.6819174644803135,0.2007067788174497,0.8373128160214893,treatment,0.2,0.6,0.10638297872340426
1415,8,14,0.31670537751217076,0.8087973000242165,0.17689936823786917,treatment,0.2,0.6,0.22641509433962265
1416,8,15,0.6819174644803135,0.197825850248482,0.8398287826384423,treatment,0.2,0.6,0.10638297872340426
1417,8,15,0.31670537751217076,0.8119122012236983,0.17460478789021527,treatment,0.2,0.6,0.22641509433962265
1418,8,16,0.6819174644803135,0.195110841729914,0.8421783149871699,treatment,0.2,0.6,0.10638297872340426
1419,8,16,0.31670537751217076,0.8173595795465957,0.17247427182747255,treatment,0.2,0.6,0.22641509433962265
1420,8,17,0.6819174644803135,0.19256539942343456,0.8443712917965122,treatment,0.2,0.6,0.10638297872340426
1421,8,17,0.31670537751217076,0.8193069359596024,0.17049107328707003,treatment,0.2,0.6,0.22641509433962265
1422,8,18,0.6819174644803135,0.19057607175897565,0.846420030104835,treatment,0.2,0.6,0.10638297872340426
1423,8,18,0.31670537751217076,0.8235942536297485,0.16867222187344638,treatment,0.2,0.6,0.24528301886792453
1424,8,19,0.6819174644803135,0.1884821899076137,0.8483372096532334,treatment,0.2,0.6,0.10638297872340426
1425,8,19,0.31670537751217076,0.825132739806277,0.1670113854823744,treatment,0.2,0.6,0.24528301886792453
1426,8,20,0.6819174644803135,0.18651263079974137,0.8501346855062747,treatment,0.2,0.6,0.10638297872340426
1427,8,20,0.31670537751217076,0.8272106282452109,0.16547995985849578,treatment,0.2,0.6,0.24528301886792453
1428,8,21,0.6819174644803135,0.1846586604221237,0.8518231925819063,treatment,0.2,0.6,0.10638297872340426
1429,8,21,0.31670537751217076,0.8291686707361035,0.16404149620894085,treatment,0.2,0.6,0.24528301886792453
1430,8,22,0.6819174644803135,0.1829110758881986,0.853412337835281,treatment,0.2,0.6,0.10638297872340426
1431,8,22,0.31670537751217076,0.8310138509280891,0.16268766723559486,treatment,0.2,0.6,0.24528301886792453
1432,8,23,0.6819174644803135,0.18126138221242102,0.8549106856493003,treatment,0.2,0.6,0.10638297872340426
1433,8,23,0.31670537751217076,0.8327558045929487,0.16141119678115096,treatment,0.2,0.6,0.24528301886792453
1434,8,24,0.6819174644803135,0.17970183001059642,0.8563258681069615,treatment,0.2,0.6,0.10638297872340426
1435,8,24,0.31670537751217076,0.8344030988729718,0.16020561899897434,treatment,0.2,0.6,0.24528301886792453
1436,8,25,0.6819174644803135,0.1782253871307264,0.8576646950997941,treatment,0.2,0.6,0.10638297872340426
1437,8,25,0.31670537751217076,0.8359633621913735,0.15906516962395612,treatment,0.2,0.6,0.24528301886792453
1438,8,26,0.6819174644803135,0.17682568573176835,0.8589332554209964,treatment,0.2,0.6,0.10638297872340426
1439,8,26,0.31670537751217076,0.8374434115250391,0.15798469404969498,treatment,0.2,0.6,0.24528301886792453
1440,8,27,0.6819174644803135,0.17476190808232364,0.8596933352441989,treatment,0.2,0.6,0.1276595744680851
1441,8,27,0.31670537751217076,0.8373499224304991,0.15695956915874792,treatment,0.2,0.6,0.24528301886792453
1442,8,28,0.6819174644803135,0.17378236575205147,0.8612694678021722,treatment,0.2,0.6,0.10638297872340426
1443,8,28,0.31670537751217076,0.8399916826184648,0.15598563668863935,treatment,0.2,0.6,0.24528301886792453
1444,8,29,0.6819174644803135,0.17271893394380766,0.8622983824595101,treatment,0.2,0.6,0.10638297872340426
1445,8,29,0.31670537751217076,0.8412775478258341,0.15505914626800923,treatment,0.2,0.6,0.24528301886792453
1446,8,30,0.6819174644803135,0.17165466620676229,0.8633012838627182,treatment,0.2,0.6,0.10638297872340426
1447,8,30,0.31670537751217076,0.8424964304193713,0.15417670656699642,treatment,0.2,0.6,0.24528301886792453
1448,8,31,0.6819174644803135,0.1706147027380294,0.864269958525974,treatment,0.2,0.6,0.10638297872340426
1449,8,31,0.31670537751217076,0.8436599763556187,0.1533352432699731,treatment,0.2,0.6,0.24528301886792453
1450,8,32,0.6819174644803135,0.16874166967051168,0.8648256848602379,treatment,0.2,0.6,0.1276595744680851
1451,8,32,0.31670537751217076,0.8431925426151153,0.15253196279941592,treatment,0.2,0.6,0.24528301886792453
1452,8,33,0.6819174644803135,0.16804059533259438,0.8662063935406068,treatment,0.2,0.6,0.10638297872340426
1453,8,33,0.31670537751217076,0.8456492401640548,0.15176432090224432,treatment,0.2,0.6,0.24528301886792453
1454,8,34,0.6819174644803135,0.1672420067905019,0.8670111100562793,treatment,0.2,0.6,0.10638297872340426
1455,8,34,0.31670537751217076,0.8466798996270816,0.1510299953602022,treatment,0.2,0.6,0.24528301886792453
1456,8,35,0.6819174644803135,0.16642556755023338,0.8678028807879494,treatment,0.2,0.6,0.10638297872340426
1457,8,35,0.31670537751217076,0.8476600013006653,0.15032686220928046,treatment,0.2,0.6,0.24528301886792453
1458,8,36,0.6819174644803135,0.16561684998623824,0.8685737032638572,treatment,0.2,0.6,0.10638297872340426
1459,8,36,0.31670537751217076,0.8486002317951016,0.14965297495457167,treatment,0.2,0.6,0.24528301886792453
1460,8,37,0.6819174644803135,0.16482588808395993,0.8693201004676686,treatment,0.2,0.6,0.10638297872340426
1461,8,37,0.31670537751217076,0.8495030347297073,0.14900654635033997,treatment,0.2,0.6,0.24528301886792453
1462,8,38,0.6819174644803135,0.16405689167512869,0.8700411584281507,treatment,0.2,0.6,0.10638297872340426
1463,8,38,0.31670537751217076,0.850370616315954,0.14838593238382117,treatment,0.2,0.6,0.24528301886792453
1464,8,39,0.6819174644803135,0.1633115135023965,0.8707370473546988,treatment,0.2,0.6,0.10638297872340426
1465,8,39,0.31670537751217076,0.8512050110082068,0.14778961815804928,treatment,0.2,0.6,0.24528301886792453
1466,8,40,0.6819174644803135,0.16259016654379915,0.8714084274771356,treatment,0.2,0.6,0.10638297872340426
1467,8,40,0.31670537751217076,0.8520080982646452,0.14721620541605374,treatment,0.2,0.6,0.24528301886792453
1468,8,41,0.6819174644803135,0.1611280651340511,0.8716833932901245,treatment,0.2,0.6,0.1276595744680851
1469,8,41,0.31670537751217076,0.8513321387338477,0.14666440148786522,treatment,0.2,0.6,0.24528301886792453
1470,8,42,0.6819174644803135,0.16073864461028736,0.87273811463797,treatment,0.2,0.6,0.10638297872340426
1471,8,42,0.31670537751217076,0.8533799307725205,0.14613300947435462,treatment,0.2,0.6,0.24528301886792453
1472,8,43,0.6819174644803135,0.16022678759246287,0.8732794830315626,treatment,0.2,0.6,0.10638297872340426
1473,8,43,0.31670537751217076,0.8541091565494245,0.1456209195091755,treatment,0.2,0.6,0.24528301886792453
1474,8,44,0.6819174644803135,0.1596789472760512,0.8738257671299282,treatment,0.2,0.6,0.10638297872340426
1475,8,44,0.31670537751217076,0.8548056186306077,0.14512710096293366,treatment,0.2,0.6,0.24528301886792453
1476,8,45,0.6819174644803135,0.15912330194851035,0.8743661245662202,treatment,0.2,0.6,0.10638297872340426
1477,8,45,0.31670537751217076,0.8554781754852778,0.14465059547293438,treatment,0.2,0.6,0.24528301886792453
1478,8,46,0.6819174644803135,0.1585713960480621,0.8748954505769595,treatment,0.2,0.6,0.10638297872340426
1479,8,46,0.31670537751217076,0.8561280817604024,0.14419051069808092,treatment,0.2,0.6,0.24528301886792453
1480,8,47,0.6819174644803135,0.15802855842988367,0.8754116266724177,treatment,0.2,0.6,0.10638297872340426
1481,8,47,0.31670537751217076,0.856756466890845,0.14374601471223253,treatment,0.2,0.6,0.24528301886792453
1482,8,48,0.6819174644803135,0.15749737819425588,0.8759138365284972,treatment,0.2,0.6,0.10638297872340426
1483,8,48,0.31670537751217076,0.8573643857764358,0.14331633096098612,treatment,0.2,0.6,0.24528301886792453
1484,8,49,0.6819174644803135,0.15697909582151387,0.8764018901910033,treatment,0.2,0.6,0.10638297872340426
1485,8,49,0.31670537751217076,0.8579528250862113,0.14290073371676984,treatment,0.2,0.6,0.24528301886792453
1486,8,50,0.6819174644803135,0.1564742352721948,0.8768759185526303,treatment,0.2,0.6,0.10638297872340426
1487,8,50,0.31670537751217076,0.8585227087208895,0.14249854397560854,treatment,0.2,0.6,0.24528301886792453
1488,8,51,0.6819174644803135,0.1559829193542055,0.8773362221103851,treatment,0.2,0.6,0.10638297872340426
1489,8,51,0.31670537751217076,0.8590749027546041,0.14210912574616985,treatment,0.2,0.6,0.24528301886792453
1490,8,52,0.6819174644803135,0.15550503869000498,0.8777831908642898,treatment,0.2,0.6,0.10638297872340426
1491,8,52,0.31670537751217076,0.8596102199144118,0.14173188268792572,treatment,0.2,0.6,0.24528301886792453
1492,8,53,0.6819174644803135,0.15504034739887648,0.8782172597051077,treatment,0.2,0.6,0.10638297872340426
1493,8,53,0.31670537751217076,0.8601294236475265,0.14136625506061337,treatment,0.2,0.6,0.24528301886792453
1494,8,54,0.6819174644803135,0.15458851967627968,0.8786388826462922,treatment,0.2,0.6,0.10638297872340426
1495,8,54,0.31670537751217076,0.8606332318200898,0.1410117169518019,treatment,0.2,0.6,0.24528301886792453
1496,8,55,0.6819174644803135,0.15338449909437732,0.8787106319560863,treatment,0.2,0.6,0.1276595744680851
1497,8,55,0.31670537751217076,0.8597018421067315,0.14066777375335784,treatment,0.2,0.6,0.24528301886792453
1498,8,56,0.6819174644803135,0.15324214443353482,0.8795363472293403,treatment,0.2,0.6,0.10638297872340426
1499,8,56,0.31670537751217076,0.8614781260457935,0.14033395986106711,treatment,0.2,0.6,0.24528301886792453
1500,8,57,0.6819174644803135,0.15296654250426975,0.8798595609879158,treatment,0.2,0.6,0.10638297872340426
1501,8,57,0.31670537751217076,0.8619488684790838,0.14000983657467167,treatment,0.2,0.6,0.24528301886792453
1502,8,58,0.6819174644803135,0.15264456791469702,0.8801978835070877,treatment,0.2,0.6,0.10638297872340426
1503,8,58,0.31670537751217076,0.8623990450781421,0.13969499017819617,treatment,0.2,0.6,0.24528301886792453
1504,8,59,0.6819174644803135,0.15230486101661075,0.880539872920024,treatment,0.2,0.6,0.10638297872340426
1505,8,59,0.31670537751217076,0.8628367526162697,0.13938903018272114,treatment,0.2,0.6,0.24528301886792453
1506,8,60,0.6819174644803135,0.15195944181406384,0.8808798646908524,treatment,0.2,0.6,0.10638297872340426
1507,8,60,0.31670537751217076,0.8632625431134446,0.13909158771575242,treatment,0.2,0.6,0.24528301886792453
1508,8,61,0.6819174644803135,0.15161411229027782,0.8812152160987614,treatment,0.2,0.6,0.10638297872340426
1509,8,61,0.31670537751217076,0.8636768969847649,0.13880231404308357,treatment,0.2,0.6,0.24528301886792453
1510,8,62,0.6819174644803135,0.15127192289669886,0.8815446202169748,treatment,0.2,0.6,0.10638297872340426
1511,8,62,0.31670537751217076,0.8640802688411784,0.1385208792105806,treatment,0.2,0.6,0.24528301886792453
1512,8,63,0.6819174644803135,0.15019545793345848,0.8814077616401075,treatment,0.2,0.6,0.1276595744680851
1513,8,63,0.31670537751217076,0.8628371696351489,0.1382469707946649,treatment,0.2,0.6,0.24528301886792453
1514,8,64,0.6819174644803135,0.15009995524091144,0.8822840403969127,treatment,0.2,0.6,0.10638297872340426
1515,8,64,0.31670537751217076,0.8647306112235928,0.1379802927514584,treatment,0.2,0.6,0.24528301886792453
1516,8,65,0.6819174644803135,0.14913498256264365,0.8821143574512259,treatment,0.2,0.6,0.1276595744680851
1517,8,65,0.31670537751217076,0.863611115648767,0.13772056435560182,treatment,0.2,0.6,0.24528301886792453
1518,8,66,0.6819174644803135,0.14915408777223327,0.8828830221477242,treatment,0.2,0.6,0.10638297872340426
1519,8,66,0.31670537751217076,0.865366388367723,0.1374675192206808,treatment,0.2,0.6,0.24528301886792453
1520,8,67,0.6819174644803135,0.1490223953871296,0.8831116845549268,treatment,0.2,0.6,0.10638297872340426
1521,8,67,0.31670537751217076,0.8657317384278806,0.1372209043940185,treatment,0.2,0.6,0.24528301886792453
1522,8,68,0.6819174644803135,0.14806917038563633,0.8830097431334024,treatment,0.2,0.6,0.1276595744680851
1523,8,68,0.31670537751217076,0.864677619032055,0.13698047951931536,treatment,0.2,0.6,0.24528301886792453
1524,8,69,0.6819174644803135,0.14813395669798182,0.8837006756345858,treatment,0.2,0.6,0.10638297872340426
1525,8,69,0.31670537751217076,0.86631837437811,0.13674601606126655,treatment,0.2,0.6,0.24528301886792453
1526,8,70,0.6819174644803135,0.1480389811439011,0.8838993664298768,treatment,0.2,0.6,0.10638297872340426
1527,8,70,0.31670537751217076,0.866658941194343,0.13651729658685946,treatment,0.2,0.6,0.24528301886792453
1528,8,71,0.6819174644803135,0.1478791752948509,0.8841210431480105,treatment,0.2,0.6,0.10638297872340426
1529,8,71,0.31670537751217076,0.8669840170708613,0.1362941140985671,treatment,0.2,0.6,0.24528301886792453
1530,8,72,0.6819174644803135,0.1476878028206363,0.8843528659624045,treatment,0.2,0.6,0.10638297872340426
1531,8,72,0.31670537751217076,0.867301438356176,0.13607627141510978,treatment,0.2,0.6,0.24528301886792453
1532,8,73,0.6819174644803135,0.14747978736636078,0.8845882573123544,treatment,0.2,0.6,0.10638297872340426
1533,8,73,0.31670537751217076,0.8676115132026726,0.1358635805958651,treatment,0.2,0.6,0.24528301886792453
1534,8,74,0.6819174644803135,0.14726287855914602,0.8848239293638575,treatment,0.2,0.6,0.10638297872340426
1535,8,74,0.31670537751217076,0.8679144934629163,0.13565586240537292,treatment,0.2,0.6,0.24528301886792453
1536,8,75,0.6819174644803135,0.14704150294870375,0.8850580907390592,treatment,0.2,0.6,0.10638297872340426
1537,8,75,0.31670537751217076,0.8682106193465687,0.1354529458147082,treatment,0.2,0.6,0.24528301886792453
1538,8,76,0.6819174644803135,0.14681835988303638,0.8852897112154356,treatment,0.2,0.6,0.10638297872340426
1539,8,76,0.31670537751217076,0.8685001203175874,0.1352546675367893,treatment,0.2,0.6,0.24528301886792453
1540,8,77,0.6819174644803135,0.14659517289308696,0.8855181811125841,treatment,0.2,0.6,0.10638297872340426
1541,8,77,0.31670537751217076,0.8687832156915277,0.13506087159295294,treatment,0.2,0.6,0.24528301886792453
1542,8,78,0.6819174644803135,0.14637307839056932,0.885743137933204,treatment,0.2,0.6,0.10638297872340426
1543,8,78,0.31670537751217076,0.8690601151920052,0.1348714089083647,treatment,0.2,0.6,0.24528301886792453
1544,8,79,0.6819174644803135,0.14615284183259486,0.8859643714895693,treatment,0.2,0.6,0.10638297872340426
1545,8,79,0.31670537751217076,0.8693310194708269,0.13468613693404832,treatment,0.2,0.6,0.24528301886792453
1546,8,80,0.6819174644803135,0.1459349850279654,0.8861817689079535,treatment,0.2,0.6,0.10638297872340426
1547,8,80,0.31670537751217076,0.8695961205945446,0.13450491929350925,treatment,0.2,0.6,0.24528301886792453
1548,8,81,0.6819174644803135,0.14571986467876416,0.8863952812291049,treatment,0.2,0.6,0.10638297872340426
1549,8,81,0.31670537751217076,0.86985560249994,0.13432762545210247,treatment,0.2,0.6,0.24528301886792453
1550,8,82,0.6819174644803135,0.14474349878371157,0.8862957513674985,treatment,0.2,0.6,0.1276595744680851
1551,8,82,0.31670537751217076,0.8687208822076496,0.1341541304074532,treatment,0.2,0.6,0.24528301886792453
1552,8,83,0.6819174644803135,0.14481935599433352,0.8869287918356078,treatment,0.2,0.6,0.10638297872340426
1553,8,83,0.31670537751217076,0.8702701417759101,0.13398431439937974,treatment,0.2,0.6,0.24528301886792453
1554,8,84,0.6819174644803135,0.1447535139046581,0.8870665673892568,treatment,0.2,0.6,0.10638297872340426
1555,8,84,0.31670537751217076,0.870522260318174,0.13381806263789894,treatment,0.2,0.6,0.24528301886792453
1556,8,85,0.6819174644803135,0.14463331241318467,0.8872263243464925,treatment,0.2,0.6,0.10638297872340426
1557,8,85,0.31670537751217076,0.8707618010445284,0.13365526504800998,treatment,0.2,0.6,0.24528301886792453
1558,8,86,0.6819174644803135,0.1444878194861741,0.8873962805772252,treatment,0.2,0.6,0.10638297872340426
1559,8,86,0.31670537751217076,0.8709964735273937,0.13349581603006047,treatment,0.2,0.6,0.24528301886792453
1560,8,87,0.6819174644803135,0.14432945020490207,0.8875704527451521,treatment,0.2,0.6,0.10638297872340426
1561,8,87,0.31670537751217076,0.871226465993251,0.1333396142345946,treatment,0.2,0.6,0.24528301886792453
1562,8,88,0.6819174644803135,0.14416437288126382,0.8877458990298993,treatment,0.2,0.6,0.10638297872340426
1563,8,88,0.31670537751217076,0.871451916776197,0.13318656235067056,treatment,0.2,0.6,0.24528301886792453
1564,8,89,0.6819174644803135,0.14399597861574168,0.8879210315733612,treatment,0.2,0.6,0.10638297872340426
1565,8,89,0.31670537751217076,0.871672958566668,0.1330365669067157,treatment,0.2,0.6,0.24528301886792453
1566,8,90,0.6819174644803135,0.14382626966625717,0.8880949376396393,treatment,0.2,0.6,0.10638297872340426
1567,8,90,0.31670537751217076,0.871889718930606,0.13288953808306073,treatment,0.2,0.6,0.24528301886792453
1568,8,91,0.6819174644803135,0.1436564908775302,0.8882670711006415,treatment,0.2,0.6,0.10638297872340426
1569,8,91,0.31670537751217076,0.8721023205563421,0.1327453895353603,treatment,0.2,0.6,0.24528301886792453
1570,8,92,0.6819174644803135,0.1434874456244829,0.8884370982437915,treatment,0.2,0.6,0.10638297872340426
1571,8,92,0.31670537751217076,0.872310881485969,0.13260403822816863,treatment,0.2,0.6,0.24528301886792453
1572,8,93,0.6819174644803135,0.14331966608350954,0.8886048148060702,treatment,0.2,0.6,0.10638297872340426
1573,8,93,0.31670537751217076,0.8725155153336308,0.13246540427799477,treatment,0.2,0.6,0.24528301886792453
1574,8,94,0.6819174644803135,0.14315351062481757,0.8887700986206686,treatment,0.2,0.6,0.10638297872340426
1575,8,94,0.31670537751217076,0.8727163314915918,0.13232941080521282,treatment,0.2,0.6,0.24528301886792453
1576,8,95,0.6819174644803135,0.1429892223066376,0.888932881255807,treatment,0.2,0.6,0.10638297872340426
1577,8,95,0.31670537751217076,0.8729134353248812,0.13219598379424882,treatment,0.2,0.6,0.24528301886792453
1578,8,96,0.6819174644803135,0.14206228159247686,0.8888057346752969,treatment,0.2,0.6,0.1276595744680851
1579,8,96,0.31670537751217076,0.8717284506670196,0.13206505196150917,treatment,0.2,0.6,0.24528301886792453
1580,8,97,0.6819174644803135,0.14218704841385296,0.8893897722834886,treatment,0.2,0.6,0.10638297872340426
1581,8,97,0.31670537751217076,0.8732187272910016,0.13193654663055454,treatment,0.2,0.6,0.24528301886792453
1582,8,98,0.6819174644803135,0.1414111484040776,0.8890945512897278,treatment,0.2,0.6,0.1276595744680851
1583,8,98,0.31670537751217076,0.8719417370930825,0.13181040161405963,treatment,0.2,0.6,0.24528301886792453
1584,8,99,0.6819174644803135,0.14160445937753127,0.8896995490985306,treatment,0.2,0.6,0.10638297872340426
1585,8,99,0.31670537751217076,0.8735152229665898,0.13168655310213115,treatment,0.2,0.6,0.24528301886792453
1586,9,1,0.6329254603380962,0.29974424398429106,0.6750102103221672,treatment,0.2,0.6,0.1111111111111111
1587,9,1,0.33713683174181996,0.6771498177976956,0.2724759673839051,treatment,0.2,0.6,0.21818181818181817
1588,9,2,0.6329254603380962,0.2883025774831369,0.6993119615040939,treatment,0.2,0.6,0.06666666666666667
1589,9,2,0.33713683174181996,0.7000813214054097,0.25296742419230994,treatment,0.2,0.6,0.16363636363636364
1590,9,3,0.6329254603380962,0.2809389231248685,0.7189316140725932,treatment,0.2,0.6,0.044444444444444446
1591,9,3,0.33713683174181996,0.7175521572685613,0.24334704869414941,treatment,0.2,0.6,0.2
1592,9,4,0.6329254603380962,0.27231494004186657,0.7342760218334277,treatment,0.2,0.6,0.044444444444444446
1593,9,4,0.33713683174181996,0.7328603390256813,0.23522986816547586,treatment,0.2,0.6,0.16363636363636364
1594,9,5,0.6329254603380962,0.26519079090688025,0.7475553410195495,treatment,0.2,0.6,0.044444444444444446
1595,9,5,0.33713683174181996,0.7490725087735505,0.22987253207135602,treatment,0.2,0.6,0.16363636363636364
1596,9,6,0.6329254603380962,0.25812279605176247,0.7592318666553145,treatment,0.2,0.6,0.044444444444444446
1597,9,6,0.33713683174181996,0.7598482832524056,0.22402771416954612,treatment,0.2,0.6,0.14545454545454545
1598,9,7,0.6329254603380962,0.2510263280459056,0.7696117986271303,treatment,0.2,0.6,0.044444444444444446
1599,9,7,0.33713683174181996,0.7700085209681333,0.21789899676525018,treatment,0.2,0.6,0.12727272727272726
1600,9,8,0.6329254603380962,0.24494053227591944,0.778917389413034,treatment,0.2,0.6,0.044444444444444446
1601,9,8,0.33713683174181996,0.779100556268497,0.21322224037311158,treatment,0.2,0.6,0.12727272727272726
1602,9,9,0.6329254603380962,0.2394230616963464,0.7873177116673649,treatment,0.2,0.6,0.044444444444444446
1603,9,9,0.33713683174181996,0.787291721362943,0.2089746816110376,treatment,0.2,0.6,0.12727272727272726
1604,9,10,0.6329254603380962,0.23385595338510107,0.7949454122204999,treatment,0.2,0.6,0.044444444444444446
1605,9,10,0.33713683174181996,0.7947161491121163,0.20440243276566214,treatment,0.2,0.6,0.10909090909090909
1606,9,11,0.6329254603380962,0.2289477057341206,0.8019068796040023,treatment,0.2,0.6,0.044444444444444446
1607,9,11,0.33713683174181996,0.8014811745075537,0.2006162449943835,treatment,0.2,0.6,0.10909090909090909
1608,9,12,0.6329254603380962,0.22443712079195965,0.8082888877556103,treatment,0.2,0.6,0.044444444444444446
1609,9,12,0.33713683174181996,0.8076741096941784,0.19711991175972418,treatment,0.2,0.6,0.10909090909090909
1610,9,13,0.6329254603380962,0.21906082779241617,0.8141631701556796,treatment,0.2,0.6,0.044444444444444446
1611,9,13,0.33713683174181996,0.8133669372727224,0.19209781792222397,treatment,0.2,0.6,0.09090909090909091
1612,9,14,0.6329254603380962,0.21454157691186834,0.8195896919663178,treatment,0.2,0.6,0.044444444444444446
1613,9,14,0.33713683174181996,0.8186196702917584,0.1883832030561332,treatment,0.2,0.6,0.09090909090909091
1614,9,15,0.6329254603380962,0.21034492800207694,0.8246190597864872,treatment,0.2,0.6,0.044444444444444446
1615,9,15,0.33713683174181996,0.8234828254828239,0.1849452244132244,treatment,0.2,0.6,0.09090909090909091
1616,9,16,0.6329254603380962,0.20643533787409446,0.8292943372817774,treatment,0.2,0.6,0.044444444444444446
1617,9,16,0.33713683174181996,0.8279992843803234,0.18175299188547492,treatment,0.2,0.6,0.09090909090909091
1618,9,17,0.6329254603380962,0.2027838916267481,0.8336524387068897,treatment,0.2,0.6,0.044444444444444446
1619,9,17,0.33713683174181996,0.8322057193032885,0.1787810503191064,treatment,0.2,0.6,0.09090909090909091
1620,9,18,0.6329254603380962,0.19936548041529348,0.837725215043008,treatment,0.2,0.6,0.044444444444444446
1621,9,18,0.33713683174181996,0.8361337025770174,0.17600682026558392,treatment,0.2,0.6,0.09090909090909091
1622,9,19,0.6329254603380962,0.19615818388161976,0.8415403117144308,treatment,0.2,0.6,0.044444444444444446
1623,9,19,0.33713683174181996,0.8398105805997684,0.1734105957202604,treatment,0.2,0.6,0.09090909090909091
1624,9,20,0.6329254603380962,0.1931427755007175,0.8451218536579153,treatment,0.2,0.6,0.044444444444444446
1625,9,20,0.33713683174181996,0.8432601704218362,0.1709752172839763,treatment,0.2,0.6,0.09090909090909091
1626,9,21,0.6329254603380962,0.1903023178436254,0.8484909979937153,treatment,0.2,0.6,0.044444444444444446
1627,9,21,0.33713683174181996,0.8465033204426664,0.16868570719101722,treatment,0.2,0.6,0.09090909090909091
1628,9,22,0.6329254603380962,0.18762182913200676,0.8516663838770302,treatment,0.2,0.6,0.044444444444444446
1629,9,22,0.33713683174181996,0.8495583657782253,0.16652894036088306,treatment,0.2,0.6,0.09090909090909091
1630,9,23,0.6329254603380962,0.18508800678042417,0.8546645016095382,treatment,0.2,0.6,0.044444444444444446
1631,9,23,0.33713683174181996,0.8524415010789266,0.16449336501755396,treatment,0.2,0.6,0.09090909090909091
1632,9,24,0.6329254603380962,0.1826889968237952,0.8574999977190336,treatment,0.2,0.6,0.044444444444444446
1633,9,24,0.33713683174181996,0.8551670880121093,0.16256876983462398,treatment,0.2,0.6,0.09090909090909091
1634,9,25,0.6329254603380962,0.18041420054214027,0.8601859288034128,treatment,0.2,0.6,0.044444444444444446
1635,9,25,0.33713683174181996,0.8577479105719213,0.16074609070845772,treatment,0.2,0.6,0.09090909090909091
1636,9,26,0.6329254603380962,0.17825411143235376,0.8627339740451314,treatment,0.2,0.6,0.044444444444444446
1637,9,26,0.33713683174181996,0.8601953883891722,0.15901725018154733,treatment,0.2,0.6,0.09090909090909091
1638,9,27,0.6329254603380962,0.1762001770869753,0.8651546141394347,treatment,0.2,0.6,0.044444444444444446
1639,9,27,0.33713683174181996,0.8625197559785415,0.1573750234747478,treatment,0.2,0.6,0.09090909090909091
1640,9,28,0.6329254603380962,0.17424468163075882,0.867457282742467,treatment,0.2,0.6,0.044444444444444446
1641,9,28,0.33713683174181996,0.8647302141708917,0.15581292616882422,treatment,0.2,0.6,0.09090909090909091
1642,9,29,0.6329254603380962,0.17238064521584565,0.8696504952932118,treatment,0.2,0.6,0.044444444444444446
1643,9,29,0.33713683174181996,0.8668350586880266,0.15432511954396372,treatment,0.2,0.6,0.09090909090909091
1644,9,30,0.6329254603380962,0.17121862107228628,0.8717419590964491,treatment,0.2,0.6,0.044444444444444446
1645,9,30,0.33713683174181996,0.869570411909721,0.15353518207190894,treatment,0.2,0.6,0.10909090909090909
1646,9,31,0.6329254603380962,0.16979999997918654,0.8737386678011146,treatment,0.2,0.6,0.044444444444444446
1647,9,31,0.33713683174181996,0.871384606219641,0.15243020742699526,treatment,0.2,0.6,0.10909090909090909
1648,9,32,0.6329254603380962,0.16844256856864864,0.8756469828175403,treatment,0.2,0.6,0.044444444444444446
1649,9,32,0.33713683174181996,0.8731723159314446,0.1514105751036977,treatment,0.2,0.6,0.10909090909090909
1650,9,33,0.6329254603380962,0.16714361526762922,0.8774727037498388,treatment,0.2,0.6,0.044444444444444446
1651,9,33,0.33713683174181996,0.8748826706746511,0.15043417002129955,treatment,0.2,0.6,0.10909090909090909
1652,9,34,0.6329254603380962,0.1658994258064134,0.8792211295477731,treatment,0.2,0.6,0.044444444444444446
1653,9,34,0.33713683174181996,0.8765203609018855,0.149498179660809,treatment,0.2,0.6,0.10909090909090909
1654,9,35,0.6329254603380962,0.16470659075131383,0.8808971117844403,treatment,0.2,0.6,0.044444444444444446
1655,9,35,0.33713683174181996,0.8780899786738162,0.1486001642329807,treatment,0.2,0.6,0.10909090909090909
1656,9,36,0.6329254603380962,0.16356197927754174,0.882505101225958,treatment,0.2,0.6,0.044444444444444446
1657,9,36,0.33713683174181996,0.8795957349715308,0.14773787378917885,treatment,0.2,0.6,0.10909090909090909
1658,9,37,0.6329254603380962,0.1624627111760344,0.8840491886646861,treatment,0.2,0.6,0.044444444444444446
1659,9,37,0.33713683174181996,0.8810414971806021,0.14690923021809923,treatment,0.2,0.6,0.10909090909090909
1660,9,38,0.6329254603380962,0.16140613216333638,0.8855331408289244,treatment,0.2,0.6,0.044444444444444446
1661,9,38,0.33713683174181996,0.8824308236913123,0.1461123116431503,treatment,0.2,0.6,0.10909090909090909
1662,9,39,0.6329254603380962,0.1603897920647011,0.8869604320521772,treatment,0.2,0.6,0.044444444444444446
1663,9,39,0.33713683174181996,0.8837669943824664,0.14534533838206812,treatment,0.2,0.6,0.10909090909090909
1664,9,40,0.6329254603380962,0.15941142548656792,0.888334272278228,treatment,0.2,0.6,0.044444444444444446
1665,9,40,0.33713683174181996,0.8850530375439123,0.14460666031422245,treatment,0.2,0.6,0.10909090909090909
1666,9,41,0.6329254603380962,0.15846893465217024,0.8896576318899937,treatment,0.2,0.6,0.044444444444444446
1667,9,41,0.33713683174181996,0.8862917537164854,0.1438947455126966,treatment,0.2,0.6,0.10909090909090909
1668,9,42,0.6329254603380962,0.15756037412212867,0.8909332637768403,treatment,0.2,0.6,0.044444444444444446
1669,9,42,0.33713683174181996,0.8874857368556068,0.14320817000934719,treatment,0.2,0.6,0.10909090909090909
1670,9,43,0.6329254603380962,0.1566839371621301,0.8921637229939918,treatment,0.2,0.6,0.044444444444444446
1671,9,43,0.33713683174181996,0.8886373931644256,0.14254560857296497,treatment,0.2,0.6,0.10909090909090909
1672,9,44,0.6329254603380962,0.15583794355359115,0.8933513843165924,treatment,0.2,0.6,0.044444444444444446
1673,9,44,0.33713683174181996,0.8897489578919898,0.1419058263924915,treatment,0.2,0.6,0.10909090909090909
1674,9,45,0.6329254603380962,0.15502082867168035,0.8944984579480831,treatment,0.2,0.6,0.044444444444444446
1675,9,45,0.33713683174181996,0.8908225103496884,0.1412876715685009,treatment,0.2,0.6,0.10909090909090909
1676,9,46,0.6329254603380962,0.15423113367914745,0.8956070036064409,treatment,0.2,0.6,0.044444444444444446
1677,9,46,0.33713683174181996,0.8918599873636547,0.14069006832659242,treatment,0.2,0.6,0.10909090909090909
1678,9,47,0.6329254603380962,0.15346749670482474,0.8966789431812542,treatment,0.2,0.6,0.044444444444444446
1679,9,47,0.33713683174181996,0.8928631953508238,0.14011201087585093,treatment,0.2,0.6,0.10909090909090909
1680,9,48,0.6329254603380962,0.15272864489302906,0.8977160721287264,treatment,0.2,0.6,0.044444444444444446
1681,9,48,0.33713683174181996,0.8938338211809164,0.1395525578441063,treatment,0.2,0.6,0.10909090909090909
1682,9,49,0.6329254603380962,0.1520133872249116,0.8987200697496214,treatment,0.2,0.6,0.044444444444444446
1683,9,49,0.33713683174181996,0.8947734419650352,0.1390108272293928,treatment,0.2,0.6,0.10909090909090909
1684,9,50,0.6329254603380962,0.15132060802547428,0.8996925084763812,treatment,0.2,0.6,0.044444444444444446
1685,9,50,0.33713683174181996,0.8956835338931571,0.13848599181383453,treatment,0.2,0.6,0.10909090909090909
1686,9,51,0.6329254603380962,0.15064926108084845,0.9006348622795204,treatment,0.2,0.6,0.044444444444444446
1687,9,51,0.33713683174181996,0.8965654802270756,0.13797727499223517,treatment,0.2,0.6,0.10909090909090909
1688,9,52,0.6329254603380962,0.14999836429978025,0.9015485142895988,treatment,0.2,0.6,0.044444444444444446
1689,9,52,0.33713683174181996,0.8974205785418714,0.13748394697300556,treatment,0.2,0.6,0.10909090909090909
1690,9,53,0.6329254603380962,0.14936699486133675,0.9024347637191762,treatment,0.2,0.6,0.044444444444444446
1691,9,53,0.33713683174181996,0.8982500472974063,0.13700532131379156,treatment,0.2,0.6,0.10909090909090909
1692,9,54,0.6329254603380962,0.14875428479781316,0.9032948321588922,treatment,0.2,0.6,0.044444444444444446
1693,9,54,0.33713683174181996,0.8990550318113417,0.13654075175834096,treatment,0.2,0.6,0.10909090909090909
1694,9,55,0.6329254603380962,0.1481594169678666,0.904129869312954,treatment,0.2,0.6,0.044444444444444446
1695,9,55,0.33713683174181996,0.8998366096965834,0.13608962934483396,treatment,0.2,0.6,0.10909090909090909
1696,9,56,0.6329254603380962,0.14758162138014522,0.904940958231604,treatment,0.2,0.6,0.044444444444444446
1697,9,56,0.33713683174181996,0.9005957958185579,0.1356513797591508,treatment,0.2,0.6,0.10909090909090909
1698,9,57,0.6329254603380962,0.14702017183224947,0.9057291200914761,treatment,0.2,0.6,0.044444444444444446
1699,9,57,0.33713683174181996,0.9013335468212733,0.13522546090942422,treatment,0.2,0.6,0.10909090909090909
1700,9,58,0.6329254603380962,0.14647438283384462,0.9064953185689134,treatment,0.2,0.6,0.044444444444444446
1701,9,58,0.33713683174181996,0.9020507652654604,0.1348113607007578,treatment,0.2,0.6,0.10909090909090909
1702,9,59,0.6329254603380962,0.14594360678622562,0.9072404638462472,treatment,0.2,0.6,0.044444444444444446
1703,9,59,0.33713683174181996,0.9027483034171796,0.13440859499123456,treatment,0.2,0.6,0.10909090909090909
1704,9,60,0.6329254603380962,0.1454272313936855,0.9079654162865942,treatment,0.2,0.6,0.044444444444444446
1705,9,60,0.33713683174181996,0.9034269667209913,0.134016705712322,treatment,0.2,0.6,0.10909090909090909
1706,9,61,0.6329254603380962,0.14492467728471298,0.9086709898088278,treatment,0.2,0.6,0.044444444444444446
1707,9,61,0.33713683174181996,0.9040875169880161,0.13363525913853838,treatment,0.2,0.6,0.10909090909090909
1708,9,62,0.6329254603380962,0.14443539582340156,0.9093579549909742,treatment,0.2,0.6,0.044444444444444446
1709,9,62,0.33713683174181996,0.9047306753259218,0.13326384429279994,treatment,0.2,0.6,0.10909090909090909
1710,9,63,0.6329254603380962,0.1439588670935209,0.9100270419272561,treatment,0.2,0.6,0.044444444444444446
1711,9,63,0.33713683174181996,0.9053571248349682,0.13290207147525157,treatment,0.2,0.6,0.10909090909090909
1712,9,64,0.6329254603380962,0.14349459803953482,0.9106789428613756,treatment,0.2,0.6,0.044444444444444446
1713,9,64,0.33713683174181996,0.9059675130916949,0.13254957090461228,treatment,0.2,0.6,0.10909090909090909
1714,9,65,0.6329254603380962,0.14304212075046402,0.9113143146162681,treatment,0.2,0.6,0.044444444444444446
1715,9,65,0.33713683174181996,0.9065624544395774,0.13220599146215709,treatment,0.2,0.6,0.10909090909090909
1716,9,66,0.6329254603380962,0.14260099087392683,0.9119337808385057,treatment,0.2,0.6,0.044444444444444446
1717,9,66,0.33713683174181996,0.9071425321039891,0.13187099952943115,treatment,0.2,0.6,0.10909090909090909
1718,9,67,0.6329254603380962,0.1421707861489576,0.9125379340736731,treatment,0.2,0.6,0.044444444444444446
1719,9,67,0.33713683174181996,0.907708300147046,0.13154427791165885,treatment,0.2,0.6,0.10909090909090909
1720,9,68,0.6329254603380962,0.1417511050473357,0.9131273376874344,treatment,0.2,0.6,0.044444444444444446
1721,9,68,0.33713683174181996,0.9082602852763487,0.13122552483958386,treatment,0.2,0.6,0.10909090909090909
1722,9,69,0.6329254603380962,0.14134156551415716,0.9137025276455337,treatment,0.2,0.6,0.044444444444444446
1723,9,69,0.33713683174181996,0.9087989885202419,0.13091445304317043,treatment,0.2,0.6,0.10909090909090909
1724,9,70,0.6329254603380962,0.14094180379927984,0.9142640141647148,treatment,0.2,0.6,0.044444444444444446
1725,9,70,0.33713683174181996,0.9093248867809831,0.1306107888912122,treatment,0.2,0.6,0.10909090909090909
1726,9,71,0.6329254603380962,0.14055147337206933,0.914812283245362,treatment,0.2,0.6,0.044444444444444446
1727,9,71,0.33713683174181996,0.9098384342761113,0.1303142715914525,treatment,0.2,0.6,0.10909090909090909
1728,9,72,0.6329254603380962,0.14017024391258737,0.9153477980956692,treatment,0.2,0.6,0.044444444444444446
1729,9,72,0.33713683174181996,0.910340063877319,0.13002465244631675,treatment,0.2,0.6,0.10909090909090909
1730,9,73,0.6329254603380962,0.1397978003730032,0.9158710004562026,treatment,0.2,0.6,0.044444444444444446
1731,9,73,0.33713683174181996,0.9108301883552621,0.12974169415980258,treatment,0.2,0.6,0.10909090909090909
1732,9,74,0.6329254603380962,0.1394338421035817,0.9163823118329145,treatment,0.2,0.6,0.044444444444444446
1733,9,74,0.33713683174181996,0.911309201537948,0.12946517019147882,treatment,0.2,0.6,0.10909090909090909
1734,9,75,0.6329254603380962,0.1390780820381135,0.9168821346459197,treatment,0.2,0.6,0.044444444444444446
1735,9,75,0.33713683174181996,0.9117774793896445,0.12919486415390252,treatment,0.2,0.6,0.10909090909090909
1736,9,76,0.6329254603380962,0.1387302459341183,0.9173708533006963,treatment,0.2,0.6,0.044444444444444446
1737,9,76,0.33713683174181996,0.9122353810166196,0.1289305692500909,treatment,0.2,0.6,0.10909090909090909
1738,9,77,0.6329254603380962,0.1383900716635632,0.9178488351877576,treatment,0.2,0.6,0.044444444444444446
1739,9,77,0.33713683174181996,0.912683249605452,0.12867208774797861,treatment,0.2,0.6,0.10909090909090909
1740,9,78,0.6329254603380962,0.13805730855021653,0.918316431616326,treatment,0.2,0.6,0.044444444444444446
1741,9,78,0.33713683174181996,0.9131214132991454,0.1284192304890562,treatment,0.2,0.6,0.10909090909090909
1742,9,79,0.6329254603380962,0.1377317167500919,0.9187739786870484,treatment,0.2,0.6,0.044444444444444446
1743,9,79,0.33713683174181996,0.9135501860158175,0.12817181642862543,treatment,0.2,0.6,0.10909090909090909
1744,9,80,0.6329254603380962,0.13741306667174466,0.9192217981083501,treatment,0.2,0.6,0.044444444444444446
1745,9,80,0.33713683174181996,0.9139698682143181,0.12792967220532492,treatment,0.2,0.6,0.10909090909090909
1746,9,81,0.6329254603380962,0.13710113843345656,0.9196601979606451,treatment,0.2,0.6,0.044444444444444446
1747,9,81,0.33713683174181996,0.9143807476107623,0.1276926317377749,treatment,0.2,0.6,0.10909090909090909
1748,9,82,0.6329254603380962,0.13679572135459594,0.9200894734122493,treatment,0.2,0.6,0.044444444444444446
1749,9,82,0.33713683174181996,0.9147830998496185,0.12746053584637063,treatment,0.2,0.6,0.10909090909090909
1750,9,83,0.6329254603380962,0.13649661347866476,0.9205099073905335,treatment,0.2,0.6,0.044444444444444446
1751,9,83,0.33713683174181996,0.9151771891326885,0.12723323189841337,treatment,0.2,0.6,0.10909090909090909
1752,9,84,0.6329254603380962,0.1362036211257504,0.9209217712115484,treatment,0.2,0.6,0.044444444444444446
1753,9,84,0.33713683174181996,0.9155632688090439,0.1270105734749172,treatment,0.2,0.6,0.10909090909090909
1754,9,85,0.6329254603380962,0.13591655847228623,0.9213253251711009,treatment,0.2,0.6,0.044444444444444446
1755,9,85,0.33713683174181996,0.9159415819287111,0.12679242005756255,treatment,0.2,0.6,0.10909090909090909
1756,9,86,0.6329254603380962,0.13563524715619313,0.9217208191000064,treatment,0.2,0.6,0.044444444444444446
1757,9,86,0.33713683174181996,0.9163123617627067,0.1265786367343894,treatment,0.2,0.6,0.10909090909090909
1758,9,87,0.6329254603380962,0.13535951590562995,0.9221084928860356,treatment,0.2,0.6,0.044444444444444446
1759,9,87,0.33713683174181996,0.9166758322917691,0.12636909392293544,treatment,0.2,0.6,0.10909090909090909
1760,9,88,0.6329254603380962,0.13508920018971937,0.9224885769648646,treatment,0.2,0.6,0.044444444444444446
1761,9,88,0.33713683174181996,0.9170322086659833,0.1261636671096232,treatment,0.2,0.6,0.10909090909090909
1762,9,89,0.6329254603380962,0.134824141889745,0.9228612927821574,treatment,0.2,0.6,0.044444444444444446
1763,9,89,0.33713683174181996,0.9173816976373008,0.12596223660429548,treatment,0.2,0.6,0.10909090909090909
1764,9,90,0.6329254603380962,0.1345641889894317,0.9232268532287519,treatment,0.2,0.6,0.044444444444444446
1765,9,90,0.33713683174181996,0.9177244979668074,0.12576468730888138,treatment,0.2,0.6,0.10909090909090909
1766,9,91,0.6329254603380962,0.13430919528302737,0.9235854630507545,treatment,0.2,0.6,0.044444444444444446
1767,9,91,0.33713683174181996,0.918060800808449,0.1255709084992527,treatment,0.2,0.6,0.10909090909090909
1768,9,92,0.6329254603380962,0.1340590201000033,0.9239373192362215,treatment,0.2,0.6,0.044444444444444446
1769,9,92,0.33713683174181996,0.9183907900707854,0.12538079361940174,treatment,0.2,0.6,0.10909090909090909
1770,9,93,0.6329254603380962,0.13381352804527727,0.9242826113799768,treatment,0.2,0.6,0.044444444444444446
1771,9,93,0.33713683174181996,0.9187146427582389,0.12519424008713545,treatment,0.2,0.6,0.10909090909090909
1772,9,94,0.6329254603380962,0.13357258875394748,0.9246215220279909,treatment,0.2,0.6,0.044444444444444446
1773,9,94,0.33713683174181996,0.9190325292931762,0.12501114911054206,treatment,0.2,0.6,0.10909090909090909
1774,9,95,0.6329254603380962,0.13333607665959915,0.9249542270026563,treatment,0.2,0.6,0.044444444444444446
1775,9,95,0.33713683174181996,0.9193446138200772,0.12483142551453852,treatment,0.2,0.6,0.10909090909090909
1776,9,96,0.6329254603380962,0.13310387077531438,0.9252808957101771,treatment,0.2,0.6,0.044444444444444446
1777,9,96,0.33713683174181996,0.9196510544929393,0.12465497757685957,treatment,0.2,0.6,0.10909090909090909
1778,9,97,0.6329254603380962,0.13287585448657893,0.9256016914312174,treatment,0.2,0.6,0.044444444444444446
1779,9,97,0.33713683174181996,0.9199520037469953,0.12448171687289311,treatment,0.2,0.6,0.10909090909090909
1780,9,98,0.6329254603380962,0.1326519153553387,0.9259167715958638,treatment,0.2,0.6,0.044444444444444446
1781,9,98,0.33713683174181996,0.9202476085557286,0.124311558128811,treatment,0.2,0.6,0.10909090909090909
1782,9,99,0.6329254603380962,0.13243194493451016,0.926226288043882,treatment,0.2,0.6,0.044444444444444446
1783,9,99,0.33713683174181996,0.9205380106741163,0.12414441908248176,treatment,0.2,0.6,0.10909090909090909
0,0,0,0.7010473085784448,0.3415639376929891,0.6186842090060294,treatment,0.2,0.5,0.0
1,0,0,0.29806211604222493,0.6438629556293343,0.3412830645112187,treatment,0.2,0.5,0.0
2,1,1,0.7010473085784448,0.2776250803799804,0.7272311612686082,treatment,0.2,0.5,0.5652173913043478
3,1,1,0.29806211604222493,0.7080681009161037,0.25113849032253677,treatment,0.2,0.5,0.5740740740740741
4,1,2,0.7010473085784448,0.25252263954559206,0.774628029975574,treatment,0.2,0.5,0.41304347826086957
5,1,2,0.29806211604222493,0.7321124164630685,0.21194686050467462,treatment,0.2,0.5,0.4444444444444444
6,1,3,0.7010473085784448,0.23095068856185302,0.7879604068291167,treatment,0.2,0.5,0.3695652173913043
7,1,3,0.29806211604222493,0.7423237559604615,0.20318450616711492,treatment,0.2,0.5,0.4444444444444444
8,1,4,0.7010473085784448,0.2216885316986961,0.7995867255121398,treatment,0.2,0.5,0.30434782608695654
9,1,4,0.29806211604222493,0.7821708197327747,0.1956137757549404,treatment,0.2,0.5,0.3888888888888889
10,1,5,0.7010473085784448,0.21634650179858547,0.8058982036113038,treatment,0.2,0.5,0.30434782608695654
11,1,5,0.29806211604222493,0.7743367038363742,0.19203636772268573,treatment,0.2,0.5,0.3888888888888889
12,1,6,0.7010473085784448,0.2100974031604497,0.8112956498130629,treatment,0.2,0.5,0.30434782608695654
13,1,6,0.29806211604222493,0.7850430767410321,0.1872468753284503,treatment,0.2,0.5,0.37037037037037035
14,1,7,0.7010473085784448,0.20574289352774855,0.8159995678433217,treatment,0.2,0.5,0.30434782608695654
15,1,7,0.29806211604222493,0.788715410787408,0.18425149029104887,treatment,0.2,0.5,0.37037037037037035
16,1,8,0.7010473085784448,0.2019064054571086,0.8201509928097355,treatment,0.2,0.5,0.30434782608695654
17,1,8,0.29806211604222493,0.7931315583208699,0.1815572899342024,treatment,0.2,0.5,0.37037037037037035
18,1,9,0.7010473085784448,0.19848747306933953,0.8238514224973946,treatment,0.2,0.5,0.30434782608695654
19,1,9,0.29806211604222493,0.7970655919832668,0.17912766419744763,treatment,0.2,0.5,0.37037037037037035
20,1,10,0.7010473085784448,0.19541628150396267,0.8271766350930522,treatment,0.2,0.5,0.30434782608695654
21,1,10,0.29806211604222493,0.8005966732143688,0.17692863533323455,treatment,0.2,0.5,0.37037037037037035
22,1,11,0.7010473085784448,0.1926393887212757,0.8301849216743787,treatment,0.2,0.5,0.30434782608695654
23,1,11,0.29806211604222493,0.8037899883580176,0.1749297234312815,treatment,0.2,0.5,0.37037037037037035
24,1,12,0.7010473085784448,0.19011463716670324,0.832922210860292,treatment,0.2,0.5,0.30434782608695654
25,1,12,0.29806211604222493,0.8066959687689098,0.1731049219388002,treatment,0.2,0.5,0.37037037037037035
26,1,13,0.7010473085784448,0.1878080477262014,0.8354253999670004,treatment,0.2,0.5,0.30434782608695654
27,1,13,0.29806211604222493,0.8117231213051063,0.17143231952462584,treatment,0.2,0.5,0.37037037037037035
28,1,14,0.7010473085784448,0.18663478999052252,0.8377246071070279,treatment,0.2,0.5,0.30434782608695654
29,1,14,0.29806211604222493,0.8134282536241885,0.1701684656652833,treatment,0.2,0.5,0.3888888888888889
30,1,15,0.7010473085784448,0.18482560534042372,0.8398447461461981,treatment,0.2,0.5,0.30434782608695654
31,1,15,0.29806211604222493,0.8155494779344508,0.16883160895081176,treatment,0.2,0.5,0.3888888888888889
32,1,16,0.7010473085784448,0.18195527894756255,0.8418066601531023,treatment,0.2,0.5,0.30434782608695654
33,1,16,0.29806211604222493,0.8175366517247423,0.1665368593320926,treatment,0.2,0.5,0.37037037037037035
34,1,17,0.7010473085784448,0.18023394395977177,0.8436279571508558,treatment,0.2,0.5,0.30434782608695654
35,1,17,0.29806211604222493,0.8193838692256291,0.16541626316668764,treatment,0.2,0.5,0.37037037037037035
36,1,18,0.7010473085784448,0.17863805746534803,0.845323639216182,treatment,0.2,0.5,0.30434782608695654
37,1,18,0.29806211604222493,0.8234505926792098,0.164326129284124,treatment,0.2,0.5,0.37037037037037035
38,1,19,0.7010473085784448,0.1771508126646435,0.8469065844776203,treatment,0.2,0.5,0.30434782608695654
39,1,19,0.29806211604222493,0.8243718937175587,0.16328381457461147,treatment,0.2,0.5,0.37037037037037035
40,1,20,0.7010473085784448,0.17576134747827207,0.8483879221017527,treatment,0.2,0.5,0.30434782608695654
41,1,20,0.29806211604222493,0.8258059710101864,0.16229499251533433,treatment,0.2,0.5,0.37037037037037035
42,1,21,0.7010473085784448,0.1744602390436972,0.8497773279451258,treatment,0.2,0.5,0.30434782608695654
43,1,21,0.29806211604222493,0.8271558753847882,0.16135960619925063,treatment,0.2,0.5,0.37037037037037035
44,1,22,0.7010473085784448,0.1732392554174778,0.8510832604100331,treatment,0.2,0.5,0.30434782608695654
45,1,22,0.29806211604222493,0.8284260246862254,0.1604754457491918,treatment,0.2,0.5,0.37037037037037035
46,1,23,0.7010473085784448,0.17209116958323833,0.8523131505693489,treatment,0.2,0.5,0.30434782608695654
47,1,23,0.29806211604222493,0.8296234155466208,0.1596395205962614,treatment,0.2,0.5,0.37037037037037035
48,1,24,0.7010473085784448,0.17100960809571958,0.8534735568627335,treatment,0.2,0.5,0.30434782608695654
49,1,24,0.29806211604222493,0.830754245047742,0.15884863520522788,treatment,0.2,0.5,0.37037037037037035
50,1,25,0.7010473085784448,0.1699889268241507,0.8545702920275475,treatment,0.2,0.5,0.30434782608695654
51,1,25,0.29806211604222493,0.8318240097964295,0.15809964194752155,treatment,0.2,0.5,0.37037037037037035
52,1,26,0.7010473085784448,0.1690241081696859,0.855608528043861,treatment,0.2,0.5,0.30434782608695654
53,1,26,0.29806211604222493,0.8328376046113646,0.15738955139793454,treatment,0.2,0.5,0.37037037037037035
54,1,27,0.7010473085784448,0.16811067546109013,0.8565928835064102,treatment,0.2,0.5,0.30434782608695654
55,1,27,0.29806211604222493,0.8337994046181629,0.15671557597301225,treatment,0.2,0.5,0.37037037037037035
56,1,28,0.7010473085784448,0.16724462120958816,0.8575274968307569,treatment,0.2,0.5,0.30434782608695654
57,1,28,0.29806211604222493,0.8347133339291131,0.15607514139902612,treatment,0.2,0.5,0.37037037037037035
58,1,29,0.7010473085784448,0.16642234663167657,0.8584160879512871,treatment,0.2,0.5,0.30434782608695654
59,1,29,0.29806211604222493,0.8355829234614593,0.15546588258502025,treatment,0.2,0.5,0.37037037037037035
60,1,30,0.7010473085784448,0.16564061039793784,0.8592620106032082,treatment,0.2,0.5,0.30434782608695654
61,1,30,0.29806211604222493,0.8364113598939027,0.15488563219453283,treatment,0.2,0.5,0.37037037037037035
62,1,31,0.7010473085784448,0.16489648498499623,0.8600682968495602,treatment,0.2,0.5,0.30434782608695654
63,1,31,0.29806211604222493,0.8372015273412516,0.15433240617210653,treatment,0.2,0.5,0.37037037037037035
64,1,32,0.7010473085784448,0.16418731933079392,0.8608376951822627,treatment,0.2,0.5,0.30434782608695654
65,1,32,0.29806211604222493,0.8379560430061891,0.15380438842925398,treatment,0.2,0.5,0.37037037037037035
66,1,33,0.7010473085784448,0.16351070674466336,0.861572703268257,treatment,0.2,0.5,0.30434782608695654
67,1,33,0.29806211604222493,0.8386772878192417,0.15329991581917846,treatment,0.2,0.5,0.37037037037037035
68,1,34,0.7010473085784448,0.16286445722079557,0.8622755962096865,treatment,0.2,0.5,0.30434782608695654
69,1,34,0.29806211604222493,0.8393674328848428,0.1528174639535754,treatment,0.2,0.5,0.37037037037037035
70,1,35,0.7010473085784448,0.16224657345954271,0.8629484510274689,treatment,0.2,0.5,0.30434782608695654
71,1,35,0.29806211604222493,0.8400284623995385,0.1523556341028279,treatment,0.2,0.5,0.37037037037037035
72,1,36,0.7010473085784448,0.16165523002506496,0.8635931679506849,treatment,0.2,0.5,0.30434782608695654
73,1,36,0.29806211604222493,0.8406621935881012,0.15191314125202968,treatment,0.2,0.5,0.37037037037037035
74,1,37,0.7010473085784448,0.16108875516726887,0.8642114889926131,treatment,0.2,0.5,0.30434782608695654
75,1,37,0.29806211604222493,0.8412702941073585,0.1514888032954932,treatment,0.2,0.5,0.37037037037037035
76,1,38,0.7010473085784448,0.16161814818461157,0.8648050142123691,treatment,0.2,0.5,0.30434782608695654
77,1,38,0.29806211604222493,0.8414404500208943,0.15142393558777278,treatment,0.2,0.5,0.3888888888888889
78,1,39,0.7010473085784448,0.16011607857536408,0.8653752159947647,treatment,0.2,0.5,0.30434782608695654
79,1,39,0.29806211604222493,0.842161012683385,0.1501067557296708,treatment,0.2,0.5,0.37037037037037035
80,1,40,0.7010473085784448,0.1596096119174904,0.8659234516269688,treatment,0.2,0.5,0.30434782608695654
81,1,40,0.29806211604222493,0.8427797923933278,0.14985919187498783,treatment,0.2,0.5,0.37037037037037035
82,1,41,0.7010473085784448,0.15912675330450995,0.866450974406271,treatment,0.2,0.5,0.30434782608695654
83,1,41,0.29806211604222493,0.8433462790455566,0.1495780920558421,treatment,0.2,0.5,0.37037037037037035
84,1,42,0.7010473085784448,0.15866229983681884,0.866958943476807,treatment,0.2,0.5,0.30434782608695654
85,1,42,0.29806211604222493,0.8438776794424454,0.14928405038119952,treatment,0.2,0.5,0.37037037037037035
86,1,43,0.7010473085784448,0.15821520597491992,0.8674484325629935,treatment,0.2,0.5,0.30434782608695654
87,1,43,0.29806211604222493,0.8443819213131422,0.14898761218469492,treatment,0.2,0.5,0.37037037037037035
88,1,44,0.7010473085784448,0.1577845186644942,0.8679204377423796,treatment,0.2,0.5,0.30434782608695654
89,1,44,0.29806211604222493,0.8448634095444546,0.14869374671545948,treatment,0.2,0.5,0.37037037037037035
90,1,45,0.7010473085784448,0.15736935345154526,0.8683758843797705,treatment,0.2,0.5,0.30434782608695654
91,1,45,0.29806211604222493,0.8453249489904293,0.14840496019296257,treatment,0.2,0.5,0.37037037037037035
92,1,46,0.7010473085784448,0.15696888834698322,0.8688156333270056,treatment,0.2,0.5,0.30434782608695654
93,1,46,0.29806211604222493,0.8457685168077269,0.1481225470099017,treatment,0.2,0.5,0.37037037037037035
94,1,47,0.7010473085784448,0.15658235839748202,0.8692404864780786,treatment,0.2,0.5,0.30434782608695654
95,1,47,0.29806211604222493,0.8461956160860665,0.14784715668846757,treatment,0.2,0.5,0.37037037037037035
96,1,48,0.7010473085784448,0.15620905081473596,0.8696511917569282,treatment,0.2,0.5,0.30434782608695654
97,1,48,0.29806211604222493,0.8466074547405582,0.14757907588801994,treatment,0.2,0.5,0.37037037037037035
98,1,49,0.7010473085784448,0.15584830059677576,0.8700484476047181,treatment,0.2,0.5,0.30434782608695654
99,1,49,0.29806211604222493,0.8470050435335559,0.14731837905132522,treatment,0.2,0.5,0.37037037037037035
100,1,50,0.7010473085784448,0.15549948658412202,0.8704329070245539,treatment,0.2,0.5,0.30434782608695654
101,1,50,0.29806211604222493,0.8473892534820723,0.14706501349479548,treatment,0.2,0.5,0.37037037037037035
102,1,51,0.7010473085784448,0.1551620279010628,0.8708051812339805,treatment,0.2,0.5,0.30434782608695654
103,1,51,0.29806211604222493,0.8477608514584705,0.14681884963755548,treatment,0.2,0.5,0.37037037037037035
104,1,52,0.7010473085784448,0.15483538073875697,0.8711658429691459,treatment,0.2,0.5,0.30434782608695654
105,1,52,0.29806211604222493,0.8481205234055909,0.14657971170506065,treatment,0.2,0.5,0.37037037037037035
106,1,53,0.7010473085784448,0.1545190354423577,0.8715154294789508,treatment,0.2,0.5,0.30434782608695654
107,1,53,0.29806211604222493,0.8484688901679774,0.1463473970166312,treatment,0.2,0.5,0.37037037037037035
108,1,54,0.7010473085784448,0.15421251386907017,0.8718544452427591,treatment,0.2,0.5,0.30434782608695654
109,1,54,0.29806211604222493,0.8488065187292774,0.1461216883542711,treatment,0.2,0.5,0.37037037037037035
110,1,55,0.7010473085784448,0.15391536698812125,0.8721833644411042,treatment,0.2,0.5,0.30434782608695654
111,1,55,0.29806211604222493,0.8491339304804241,0.14590236201005793,treatment,0.2,0.5,0.37037037037037035
112,1,56,0.7010473085784448,0.15362717269712953,0.8725026332053123,treatment,0.2,0.5,0.30434782608695654
113,1,56,0.29806211604222493,0.8494516075010197,0.14568919306513053,treatment,0.2,0.5,0.37037037037037035
114,1,57,0.7010473085784448,0.1533475338323992,0.8728126716688657,treatment,0.2,0.5,0.30434782608695654
115,1,57,0.29806211604222493,0.8497599974684024,0.14548195885723716,treatment,0.2,0.5,0.37037037037037035
116,1,58,0.7010473085784448,0.15307607635329984,0.8731138758406765,treatment,0.2,0.5,0.30434782608695654
117,1,58,0.29806211604222493,0.8500595175906782,0.1452804412421149,treatment,0.2,0.5,0.37037037037037035
118,1,59,0.7010473085784448,0.15281244768318242,0.8734066193181181,treatment,0.2,0.5,0.30434782608695654
119,1,59,0.29806211604222493,0.8503505578265437,0.14508442804034588,treatment,0.2,0.5,0.37037037037037035
120,1,60,0.7010473085784448,0.15255631519128257,0.8736912548556327,treatment,0.2,0.5,0.30434782608695654
121,1,60,0.29806211604222493,0.8506334835707757,0.1448937139281832,treatment,0.2,0.5,0.37037037037037035
122,1,61,0.7010473085784448,0.1523073648018046,0.8739681158029817,treatment,0.2,0.5,0.30434782608695654
123,1,61,0.29806211604222493,0.8509086379301051,0.1447081009459274,treatment,0.2,0.5,0.37037037037037035
124,1,62,0.7010473085784448,0.15206529971790722,0.8742375174256358,treatment,0.2,0.5,0.30434782608695654
125,1,62,0.29806211604222493,0.8511763436784089,0.14452739874216902,treatment,0.2,0.5,0.37037037037037035
126,1,63,0.7010473085784448,0.1518298392496511,0.874499758118466,treatment,0.2,0.5,0.30434782608695654
127,1,63,0.29806211604222493,0.8514369049560182,0.1443514246355844,treatment,0.2,0.5,0.37037037037037035
128,1,64,0.7010473085784448,0.15160071773614553,0.8747551205226874,treatment,0.2,0.5,0.30434782608695654
129,1,64,0.29806211604222493,0.8516906087612719,0.1441800035512906,treatment,0.2,0.5,0.37037037037037035
130,1,65,0.7010473085784448,0.1513776835531659,0.8750038725549649,treatment,0.2,0.5,0.30434782608695654
131,1,65,0.29806211604222493,0.8519377262707776,0.1440129678719002,treatment,0.2,0.5,0.37037037037037035
132,1,66,0.7010473085784448,0.15116049819842864,0.8752462683566553,treatment,0.2,0.5,0.30434782608695654
133,1,66,0.29806211604222493,0.8521785140164655,0.1438501572317331,treatment,0.2,0.5,0.37037037037037035
134,1,67,0.7010473085784448,0.15094893544751684,0.875482549170352,treatment,0.2,0.5,0.30434782608695654
135,1,67,0.29806211604222493,0.8524132149414482,0.1436914182744611,treatment,0.2,0.5,0.37037037037037035
136,1,68,0.7010473085784448,0.15074278057416435,0.875712944150153,treatment,0.2,0.5,0.30434782608695654
137,1,68,0.29806211604222493,0.852642059352184,0.14353660438867089,treatment,0.2,0.5,0.37037037037037035
138,1,69,0.7010473085784448,0.15054182962923912,0.8759376711114536,treatment,0.2,0.5,0.30434782608695654
139,1,69,0.29806211604222493,0.8528652657810767,0.14338557543169803,treatment,0.2,0.5,0.37037037037037035
140,1,70,0.7010473085784448,0.1503458887733295,0.8761569372254693,treatment,0.2,0.5,0.30434782608695654
141,1,70,0.29806211604222493,0.8530830417710511,0.14323819744911054,treatment,0.2,0.5,0.37037037037037035
142,1,71,0.7010473085784448,0.15015477365833704,0.8763709396632006,treatment,0.2,0.5,0.30434782608695654
143,1,71,0.29806211604222493,0.8532955845916603,0.14309434239506988,treatment,0.2,0.5,0.37037037037037035
144,1,72,0.7010473085784448,0.14996830885392493,0.8765798661930928,treatment,0.2,0.5,0.30434782608695654
145,1,72,0.29806211604222493,0.8535030818947101,0.14295388785723095,treatment,0.2,0.5,0.37037037037037035
146,1,73,0.7010473085784448,0.14978632731506836,0.8767838957362363,treatment,0.2,0.5,0.30434782608695654
147,1,73,0.29806211604222493,0.8537057123161506,0.1428167167886994,treatment,0.2,0.5,0.37037037037037035
148,1,74,0.7010473085784448,0.14960866988730942,0.876983198882597,treatment,0.2,0.5,0.30434782608695654
149,1,74,0.29806211604222493,0.8539036460299871,0.1426827172487284,treatment,0.2,0.5,0.37037037037037035
150,1,75,0.7010473085784448,0.14943518484663496,0.8771779383714354,treatment,0.2,0.5,0.30434782608695654
151,1,75,0.29806211604222493,0.8540970452591508,0.14255178215322473,treatment,0.2,0.5,0.37037037037037035
152,1,76,0.7010473085784448,0.14926572747118214,0.8773682695387867,treatment,0.2,0.5,0.30434782608695654
153,1,76,0.29806211604222493,0.8542860647476093,0.14242380903568427,treatment,0.2,0.5,0.37037037037037035
154,1,77,0.7010473085784448,0.14910015964223042,0.8775543407346141,treatment,0.2,0.5,0.30434782608695654
155,1,77,0.29806211604222493,0.8544708521974457,0.1422986998188532,treatment,0.2,0.5,0.37037037037037035
156,1,78,0.7010473085784448,0.1489383494721695,0.8777362937120116,treatment,0.2,0.5,0.30434782608695654
157,1,78,0.29806211604222493,0.8546515486741697,0.14217636059717187,treatment,0.2,0.5,0.37037037037037035
158,1,79,0.7010473085784448,0.14878017095733775,0.8779142639906156,treatment,0.2,0.5,0.30434782608695654
159,1,79,0.29806211604222493,0.8548282889831484,0.1420567014298902,treatment,0.2,0.5,0.37037037037037035
160,1,80,0.7010473085784448,0.14862550365381183,0.8780883811962142,treatment,0.2,0.5,0.30434782608695654
161,1,80,0.29806211604222493,0.8550012020196974,0.14193963614462404,treatment,0.2,0.5,0.37037037037037035
162,1,81,0.7010473085784448,0.14847423237439664,0.8782587693783409,treatment,0.2,0.5,0.30434782608695654
163,1,81,0.29806211604222493,0.8551704110951102,0.14182508215103837,treatment,0.2,0.5,0.37037037037037035
164,1,82,0.7010473085784448,0.1483262469052141,0.8784255473075173,treatment,0.2,0.5,0.30434782608695654
165,1,82,0.29806211604222493,0.8553360342406422,0.14171296026428865,treatment,0.2,0.5,0.37037037037037035
166,1,83,0.7010473085784448,0.14818144174042852,0.878588828753644,treatment,0.2,0.5,0.30434782608695654
167,1,83,0.29806211604222493,0.8554981844912716,0.14160319453781905,treatment,0.2,0.5,0.37037037037037035
168,1,84,0.7010473085784448,0.14803971583376682,0.8787487227469267,treatment,0.2,0.5,0.30434782608695654
169,1,84,0.29806211604222493,0.8556569701508635,0.14149571210509476,treatment,0.2,0.5,0.37037037037037035
170,1,85,0.7010473085784448,0.14790097236560726,0.8789053338226048,treatment,0.2,0.5,0.30434782608695654
171,1,85,0.29806211604222493,0.8558124950402127,0.14139044302984066,treatment,0.2,0.5,0.37037037037037035
172,1,86,0.7010473085784448,0.1477651185245092,0.879058762250642,treatment,0.2,0.5,0.30434782608695654
173,1,86,0.29806211604222493,0.8559648587292907,0.14128732016435747,treatment,0.2,0.5,0.37037037037037035
174,1,87,0.7010473085784448,0.14763206530215062,0.879209104251453,treatment,0.2,0.5,0.30434782608695654
175,1,87,0.29806211604222493,0.8561141567549078,0.14118627901549416,treatment,0.2,0.5,0.37037037037037035
176,1,88,0.7010473085784448,0.1475017273007219,0.8793564521986441,treatment,0.2,0.5,0.30434782608695654
177,1,88,0.29806211604222493,0.8562604808248805,0.14108725761786592,treatment,0.2,0.5,0.37037037037037035
178,1,89,0.7010473085784448,0.14737402255190332,0.8795008948096771,treatment,0.2,0.5,0.30434782608695654
179,1,89,0.29806211604222493,0.8564039190097062,0.1409901964139205,treatment,0.2,0.5,0.37037037037037035
180,1,90,0.7010473085784448,0.14724887234662,0.8796425173252815,treatment,0.2,0.5,0.30434782608695654
181,1,90,0.29806211604222493,0.8565445559226511,0.14089503814047183,treatment,0.2,0.5,0.37037037037037035
182,1,91,0.7010473085784448,0.1471262010748347,0.87978140167839,treatment,0.2,0.5,0.30434782608695654
183,1,91,0.29806211604222493,0.8566824728890816,0.14080172772133626,treatment,0.2,0.5,0.37037037037037035
184,1,92,0.7010473085784448,0.14700593607469292,0.8799176266533056,treatment,0.2,0.5,0.30434782608695654
185,1,92,0.29806211604222493,0.8568177481058054,0.14071021216572405,treatment,0.2,0.5,0.37037037037037035
186,1,93,0.7010473085784448,0.14688800749039096,0.8800512680357456,treatment,0.2,0.5,0.30434782608695654
187,1,93,0.29806211604222493,0.8569504567911125,0.14062044047205677,treatment,0.2,0.5,0.37037037037037035
188,1,94,0.7010473085784448,0.14677234813818343,0.8801823987543778,treatment,0.2,0.5,0.30434782608695654
189,1,94,0.29806211604222493,0.8570806713261632,0.1405323635368982,treatment,0.2,0.5,0.37037037037037035
190,1,95,0.7010473085784448,0.1466588933799917,0.8803110890144022,treatment,0.2,0.5,0.30434782608695654
191,1,95,0.29806211604222493,0.8572084613883035,0.1404459340687041,treatment,0.2,0.5,0.37037037037037035
192,1,96,0.7010473085784448,0.14654758100411505,0.8804374064236953,treatment,0.2,0.5,0.30434782608695654
193,1,96,0.29806211604222493,0.857333894076861,0.14036110650611114,treatment,0.2,0.5,0.37037037037037035
194,1,97,0.7010473085784448,0.14643835111258346,0.8805614161119983,treatment,0.2,0.5,0.30434782608695654
195,1,97,0.29806211604222493,0.8574570340319092,0.14027783694050452,treatment,0.2,0.5,0.37037037037037035
196,1,98,0.7010473085784448,0.14633114601472394,0.8806831808435933,treatment,0.2,0.5,0.30434782608695654
197,1,98,0.29806211604222493,0.8575779435464682,0.1401960830426152,treatment,0.2,0.5,0.37037037037037035
198,1,99,0.7010473085784448,0.14537011603645428,0.8797471271646407,treatment,0.2,0.5,0.32608695652173914
199,1,99,0.29806211604222493,0.8558965596097887,0.14011580399291526,treatment,0.2,0.5,0.37037037037037035
200,2,1,0.6762439518945894,0.3070748091254885,0.7250487961665294,treatment,0.2,0.5,0.36
201,2,1,0.30440889672204424,0.6860086641114175,0.2431145104422118,treatment,0.2,0.5,0.5
202,2,2,0.6762439518945894,0.2901691384190913,0.753959658629243,treatment,0.2,0.5,0.28
203,2,2,0.30440889672204424,0.7053321905684931,0.20325566961598632,treatment,0.2,0.5,0.44
204,2,3,0.6762439518945894,0.2571898869274774,0.7617197335958401,treatment,0.2,0.5,0.28
205,2,3,0.30440889672204424,0.714632217717121,0.19764036425220305,treatment,0.2,0.5,0.42
206,2,4,0.6762439518945894,0.24229124819825099,0.7685456626650335,treatment,0.2,0.5,0.26
207,2,4,0.30440889672204424,0.7387721087490857,0.1915785553699199,treatment,0.2,0.5,0.38
208,2,5,0.6762439518945894,0.2351229808919212,0.7738447281872816,treatment,0.2,0.5,0.26
209,2,5,0.30440889672204424,0.7368979935214304,0.18711711916570592,treatment,0.2,0.5,0.36
210,2,6,0.6762439518945894,0.2283112205020774,0.7785714521607754,treatment,0.2,0.5,0.26
211,2,6,0.30440889672204424,0.7516767335191848,0.18273962879869607,treatment,0.2,0.5,0.34
212,2,7,0.6762439518945894,0.22313483041705184,0.7828067744346769,treatment,0.2,0.5,0.26
213,2,7,0.30440889672204424,0.7480593154861428,0.17984605793868857,treatment,0.2,0.5,0.34
214,2,8,0.6762439518945894,0.2184953720331916,0.786620969161236,treatment,0.2,0.5,0.26
215,2,8,0.30440889672204424,0.7616427800540363,0.1771987793484434,treatment,0.2,0.5,0.34
216,2,9,0.6762439518945894,0.2143053421052957,0.7900733096554249,treatment,0.2,0.5,0.26
217,2,9,0.30440889672204424,0.7592624445151792,0.17478300258782128,treatment,0.2,0.5,0.34
218,2,10,0.6762439518945894,0.21049953610546993,0.7932130213493496,treatment,0.2,0.5,0.26
219,2,10,0.30440889672204424,0.7734650885523041,0.17257667495875975,treatment,0.2,0.5,0.34
220,2,11,0.6762439518945894,0.20702562412712422,0.7960809795753627,treatment,0.2,0.5,0.26
221,2,11,0.30440889672204424,0.7684106069545945,0.17055660518205876,treatment,0.2,0.5,0.34
222,2,12,0.6762439518945894,0.20482440807263955,0.7987112873207559,treatment,0.2,0.5,0.26
223,2,12,0.30440889672204424,0.781604245333849,0.16912345167669163,treatment,0.2,0.5,0.36
224,2,13,0.6762439518945894,0.20205990945548488,0.8011325767210584,treatment,0.2,0.5,0.26
225,2,13,0.30440889672204424,0.7768123080755148,0.16753580276750235,treatment,0.2,0.5,0.36
226,2,14,0.6762439518945894,0.1995053346913369,0.8033690466283302,treatment,0.2,0.5,0.26
227,2,14,0.30440889672204424,0.7884084839391683,0.16541524451704182,treatment,0.2,0.5,0.36
228,2,15,0.6762439518945894,0.1971365204056188,0.8054412826318817,treatment,0.2,0.5,0.26
229,2,15,0.30440889672204424,0.7820574678602041,0.16419712192609803,treatment,0.2,0.5,0.36
230,2,16,0.6762439518945894,0.1939754094577556,0.8073669056756724,treatment,0.2,0.5,0.26
231,2,16,0.30440889672204424,0.7921412481805636,0.16215177012329818,treatment,0.2,0.5,0.34
232,2,17,0.6762439518945894,0.19177894526403721,0.8091610875114295,treatment,0.2,0.5,0.26
233,2,17,0.30440889672204424,0.7864969606434853,0.16106966175707424,treatment,0.2,0.5,0.34
234,2,18,0.6762439518945894,0.18973045133495328,0.810836962902751,treatment,0.2,0.5,0.26
235,2,18,0.30440889672204424,0.798390043855739,0.1599996290080598,treatment,0.2,0.5,0.34
236,2,19,0.6762439518945894,0.18781256351690787,0.8124059615195869,treatment,0.2,0.5,0.26
237,2,19,0.30440889672204424,0.7939644344981596,0.15896597429271217,treatment,0.2,0.5,0.34
238,2,20,0.6762439518945894,0.18601304876251581,0.8138780770211944,treatment,0.2,0.5,0.26
239,2,20,0.30440889672204424,0.8038076794935101,0.15797801695342148,treatment,0.2,0.5,0.34
240,2,21,0.6762439518945894,0.1843211842126482,0.8152620866929776,treatment,0.2,0.5,0.26
241,2,21,0.30440889672204424,0.7997337418576705,0.1570380025815911,treatment,0.2,0.5,0.34
242,2,22,0.6762439518945894,0.1827275178626731,0.8165657318915389,treatment,0.2,0.5,0.26
243,2,22,0.30440889672204424,0.8082369151688599,0.1561452565006769,treatment,0.2,0.5,0.34
244,2,23,0.6762439518945894,0.18122368339892836,0.8177958672121031,treatment,0.2,0.5,0.26
245,2,23,0.30440889672204424,0.8028673247509971,0.15529785448836006,treatment,0.2,0.5,0.34
246,2,24,0.6762439518945894,0.17980224697714028,0.8189585845265758,treatment,0.2,0.5,0.26
247,2,24,0.30440889672204424,0.8129081526123589,0.15449336551860038,treatment,0.2,0.5,0.34
248,2,25,0.6762439518945894,0.17727154122923586,0.8200593167010706,treatment,0.2,0.5,0.26
249,2,25,0.30440889672204424,0.808907347222481,0.15257844557239653,treatment,0.2,0.5,0.32
250,2,26,0.6762439518945894,0.1768919554813255,0.821102924779559,treatment,0.2,0.5,0.26
251,2,26,0.30440889672204424,0.8178396417003906,0.15229654049276917,treatment,0.2,0.5,0.34
252,2,27,0.6762439518945894,0.17567182292565345,0.8220937716351014,treatment,0.2,0.5,0.26
253,2,27,0.30440889672204424,0.8111166608464688,0.15164678760273648,treatment,0.2,0.5,0.34
254,2,28,0.6762439518945894,0.17347288094048918,0.8230357844829329,treatment,0.2,0.5,0.26
255,2,28,0.30440889672204424,0.8187474327540145,0.15006195933829478,treatment,0.2,0.5,0.32
256,2,29,0.6762439518945894,0.17328030144304904,0.8239325081770603,treatment,0.2,0.5,0.26
257,2,29,0.30440889672204424,0.8137463837975102,0.14996129724182045,treatment,0.2,0.5,0.34
258,2,30,0.6762439518945894,0.17223144405780794,0.8247871508417383,treatment,0.2,0.5,0.26
259,2,30,0.30440889672204424,0.8202309433515859,0.149441747274506,treatment,0.2,0.5,0.34
260,2,31,0.6762439518945894,0.17019779724643186,0.8256026230973076,treatment,0.2,0.5,0.26
261,2,31,0.30440889672204424,0.8144519427766014,0.14797394446631937,treatment,0.2,0.5,0.32
262,2,32,0.6762439518945894,0.16912611405517503,0.8263815719083573,treatment,0.2,0.5,0.26
263,2,32,0.30440889672204424,0.8218948303915858,0.1475015657625904,treatment,0.2,0.5,0.32
264,2,33,0.6762439518945894,0.16810498737128782,0.8271264098975055,treatment,0.2,0.5,0.26
265,2,33,0.30440889672204424,0.8159781077575587,0.14699566141765513,treatment,0.2,0.5,0.32
266,2,34,0.6762439518945894,0.16712757808185252,0.8278393408199729,treatment,0.2,0.5,0.26
267,2,34,0.30440889672204424,0.8233265897105894,0.14648129032561022,treatment,0.2,0.5,0.32
268,2,35,0.6762439518945894,0.16619111129323927,0.8285223817746578,treatment,0.2,0.5,0.26
269,2,35,0.30440889672204424,0.8173339851337725,0.14597089349068842,treatment,0.2,0.5,0.32
270,2,36,0.6762439518945894,0.16529305689583906,0.8291773826306291,treatment,0.2,0.5,0.26
271,2,36,0.30440889672204424,0.8246170464624627,0.14547029009948745,treatment,0.2,0.5,0.32
272,2,37,0.6762439518945894,0.16443109021536967,0.8298060430690936,treatment,0.2,0.5,0.26
273,2,37,0.30440889672204424,0.8185660310859549,0.1449823045714239,treatment,0.2,0.5,0.32
274,2,38,0.6762439518945894,0.16360307139814256,0.830409927576391,treatment,0.2,0.5,0.26
275,2,38,0.30440889672204424,0.8257959192409985,0.14450826146151863,treatment,0.2,0.5,0.32
276,2,39,0.6762439518945894,0.16280702729758229,0.8309904786705442,treatment,0.2,0.5,0.26
277,2,39,0.30440889672204424,0.8196959280092816,0.14404867975459346,treatment,0.2,0.5,0.32
278,2,40,0.6762439518945894,0.16318442996849522,0.831549028600135,treatment,0.2,0.5,0.26
279,2,40,0.30440889672204424,0.8284382329880924,0.14427558062644363,treatment,0.2,0.5,0.34
280,2,41,0.6762439518945894,0.16344133734606203,0.8320868097180023,treatment,0.2,0.5,0.26
281,2,41,0.30440889672204424,0.8224911495180932,0.14437111703217478,treatment,0.2,0.5,0.36
282,2,42,0.6762439518945894,0.16189169047620716,0.8326049637020938,treatment,0.2,0.5,0.26
283,2,42,0.30440889672204424,0.8287024981517669,0.14307296377625278,treatment,0.2,0.5,0.34
284,2,43,0.6762439518945894,0.16028219573670927,0.8331045497705967,treatment,0.2,0.5,0.26
285,2,43,0.30440889672204424,0.8226336359591672,0.14192512834265214,treatment,0.2,0.5,0.32
286,2,44,0.6762439518945894,0.1606146618418994,0.833586552017351,treatment,0.2,0.5,0.26
287,2,44,0.30440889672204424,0.83055427898186,0.14226505907913198,treatment,0.2,0.5,0.34
288,2,45,0.6762439518945894,0.1600591115170342,0.8340518859757939,treatment,0.2,0.5,0.26
289,2,45,0.30440889672204424,0.8233633599956288,0.14206787010249886,treatment,0.2,0.5,0.34
290,2,46,0.6762439518945894,0.1585180586943159,0.8345014045046844,treatment,0.2,0.5,0.26
291,2,46,0.30440889672204424,0.8305390122713829,0.1409137692232013,treatment,0.2,0.5,0.32
292,2,47,0.6762439518945894,0.15790984700391447,0.8349359030761699,treatment,0.2,0.5,0.26
293,2,47,0.30440889672204424,0.824341503870738,0.1407332215936223,treatment,0.2,0.5,0.32
294,2,48,0.6762439518945894,0.15732533772594803,0.8353561245359838,treatment,0.2,0.5,0.26
295,2,48,0.30440889672204424,0.8314141842259478,0.14050013516267076,treatment,0.2,0.5,0.32
296,2,49,0.6762439518945894,0.15585818213310465,0.83558032500587,treatment,0.2,0.5,0.28
297,2,49,0.30440889672204424,0.8239157682804573,0.14024166431661012,treatment,0.2,0.5,0.32
298,2,50,0.6762439518945894,0.15556064878619286,0.8365986623861492,treatment,0.2,0.5,0.26
299,2,50,0.30440889672204424,0.8320612304300207,0.13997190107830318,treatment,0.2,0.5,0.32
300,2,51,0.6762439518945894,0.1551567414044378,0.8368441854678408,treatment,0.2,0.5,0.26
301,2,51,0.30440889672204424,0.8257831247895653,0.1396980284273564,treatment,0.2,0.5,0.32
302,2,52,0.6762439518945894,0.15471970763484322,0.8371307827480698,treatment,0.2,0.5,0.26
303,2,52,0.30440889672204424,0.8327863461985714,0.13942403303884532,treatment,0.2,0.5,0.32
304,2,53,0.6762439518945894,0.1542734870406952,0.8374344309318447,treatment,0.2,0.5,0.26
305,2,53,0.30440889672204424,0.8264697810267951,0.139152250959456,treatment,0.2,0.5,0.32
306,2,54,0.6762439518945894,0.15382796170816165,0.8377435035385922,treatment,0.2,0.5,0.26
307,2,54,0.30440889672204424,0.8334474394469852,0.13888409428336787,treatment,0.2,0.5,0.32
308,2,55,0.6762439518945894,0.15439038172336134,0.8380524031645403,treatment,0.2,0.5,0.26
309,2,55,0.30440889672204424,0.8278890433488165,0.1391200903206602,treatment,0.2,0.5,0.34
310,2,56,0.6762439518945894,0.1540444831240416,0.8383582044784947,treatment,0.2,0.5,0.26
311,2,56,0.30440889672204424,0.8338364200723909,0.13889200234669036,treatment,0.2,0.5,0.34
312,2,57,0.6762439518945894,0.15270180881327802,0.8386593062867582,treatment,0.2,0.5,0.26
313,2,57,0.30440889672204424,0.8275641047283737,0.1377875267239685,treatment,0.2,0.5,0.32
314,2,58,0.6762439518945894,0.1522792149056351,0.8389548197302935,treatment,0.2,0.5,0.26
315,2,58,0.30440889672204424,0.8345443544271017,0.13766795845808083,treatment,0.2,0.5,0.32
316,2,59,0.6762439518945894,0.15286556351831415,0.8392442631476924,treatment,0.2,0.5,0.26
317,2,59,0.30440889672204424,0.8289623683344108,0.1380142662177257,treatment,0.2,0.5,0.34
318,2,60,0.6762439518945894,0.15254641131783858,0.8395273984079354,treatment,0.2,0.5,0.26
319,2,60,0.30440889672204424,0.8348990089001032,0.13785880889179725,treatment,0.2,0.5,0.34
320,2,61,0.6762439518945894,0.15123861531882368,0.839804137921487,treatment,0.2,0.5,0.26
321,2,61,0.30440889672204424,0.8286047890834192,0.13680380348132926,treatment,0.2,0.5,0.32
322,2,62,0.6762439518945894,0.15085268256689213,0.8400744892994088,treatment,0.2,0.5,0.26
323,2,62,0.30440889672204424,0.835561758531593,0.13672770601282785,treatment,0.2,0.5,0.32
324,2,63,0.6762439518945894,0.15048021433271952,0.8403385211500428,treatment,0.2,0.5,0.26
325,2,63,0.30440889672204424,0.8291855888795071,0.13660032643351477,treatment,0.2,0.5,0.32
326,2,64,0.6762439518945894,0.15011708593568449,0.840596341276331,treatment,0.2,0.5,0.26
327,2,64,0.30440889672204424,0.8360988712776531,0.13644671281930487,treatment,0.2,0.5,0.32
328,2,65,0.6762439518945894,0.14976298040795671,0.8408480824231817,treatment,0.2,0.5,0.26
329,2,65,0.30440889672204424,0.8296934444585701,0.1362798240852441,treatment,0.2,0.5,0.32
330,2,66,0.6762439518945894,0.14941760008118363,0.8410938927693635,treatment,0.2,0.5,0.26
331,2,66,0.30440889672204424,0.8365844301002285,0.1361062262186995,treatment,0.2,0.5,0.32
332,2,67,0.6762439518945894,0.14908065336704437,0.8413339294829275,treatment,0.2,0.5,0.26
333,2,67,0.30440889672204424,0.8301606345437581,0.13592957944996295,treatment,0.2,0.5,0.32
334,2,68,0.6762439518945894,0.14875185640448332,0.8415683543014558,treatment,0.2,0.5,0.26
335,2,68,0.30440889672204424,0.8370357312401248,0.1357520641899259,treatment,0.2,0.5,0.32
336,2,69,0.6762439518945894,0.1484309340863019,0.8417973304778144,treatment,0.2,0.5,0.26
337,2,69,0.30440889672204424,0.8305977513189,0.13557504039485857,treatment,0.2,0.5,0.32
338,2,70,0.6762439518945894,0.14909625682360161,0.8420210206628059,treatment,0.2,0.5,0.26
339,2,70,0.30440889672204424,0.8382222950853324,0.13588140651175448,treatment,0.2,0.5,0.34
340,2,71,0.6762439518945894,0.14885700120448292,0.8422395854401864,treatment,0.2,0.5,0.26
341,2,71,0.30440889672204424,0.830771777649846,0.1357209339722472,treatment,0.2,0.5,0.34
342,2,72,0.6762439518945894,0.14764245436310955,0.842453182321594,treatment,0.2,0.5,0.26
343,2,72,0.30440889672204424,0.8377109828901916,0.13470021327057663,treatment,0.2,0.5,0.32
344,2,73,0.6762439518945894,0.14734489154182387,0.8426619650690321,treatment,0.2,0.5,0.26
345,2,73,0.30440889672204424,0.8312939295673155,0.13466130275287086,treatment,0.2,0.5,0.32
346,2,74,0.6762439518945894,0.14803500830541672,0.8428660832525281,treatment,0.2,0.5,0.26
347,2,74,0.30440889672204424,0.8389229107722421,0.13507207615673114,treatment,0.2,0.5,0.34
348,2,75,0.6762439518945894,0.14781804344502028,0.8430656819776462,treatment,0.2,0.5,0.26
349,2,75,0.30440889672204424,0.8314691074448404,0.13497921255413442,treatment,0.2,0.5,0.34
350,2,76,0.6762439518945894,0.1466264122113778,0.84326090173612,treatment,0.2,0.5,0.26
351,2,76,0.30440889672204424,0.8384009991976522,0.13399724309086675,treatment,0.2,0.5,0.32
352,2,77,0.6762439518945894,0.1463528393148086,0.8434518783458269,treatment,0.2,0.5,0.26
353,2,77,0.30440889672204424,0.8319744056778875,0.13399152657177865,treatment,0.2,0.5,0.32
354,2,78,0.6762439518945894,0.14608901841026695,0.8436387429554846,treatment,0.2,0.5,0.26
355,2,78,0.30440889672204424,0.8388302052594672,0.13393199494202004,treatment,0.2,0.5,0.32
356,2,79,0.6762439518945894,0.14583093357164606,0.8438216220959701,treatment,0.2,0.5,0.26
357,2,79,0.30440889672204424,0.8323654837970745,0.13384381220418645,treatment,0.2,0.5,0.32
358,2,80,0.6762439518945894,0.1467447203172511,0.8440006377648922,treatment,0.2,0.5,0.26
359,2,80,0.30440889672204424,0.8398509085710707,0.13454240643690085,treatment,0.2,0.5,0.34
360,2,81,0.6762439518945894,0.14656872052778122,0.8441759075344758,treatment,0.2,0.5,0.26
361,2,81,0.30440889672204424,0.8328725814060747,0.13427006854320614,treatment,0.2,0.5,0.34
362,2,82,0.6762439518945894,0.14522701760806533,0.8443475446753436,treatment,0.2,0.5,0.26
363,2,82,0.30440889672204424,0.8397775382692159,0.13307141095906036,treatment,0.2,0.5,0.32
364,2,83,0.6762439518945894,0.14498391036430658,0.8445156582906583,treatment,0.2,0.5,0.26
365,2,83,0.30440889672204424,0.8333255200894724,0.13307796898868726,treatment,0.2,0.5,0.32
366,2,84,0.6762439518945894,0.14571840314436454,0.8446803534564785,treatment,0.2,0.5,0.26
367,2,84,0.30440889672204424,0.840929903176677,0.1335150956743104,treatment,0.2,0.5,0.34
368,2,85,0.6762439518945894,0.14554641626071885,0.8448417313652282,treatment,0.2,0.5,0.26
369,2,85,0.30440889672204424,0.8334330048682362,0.13347024002567995,treatment,0.2,0.5,0.34
370,2,86,0.6762439518945894,0.14440717220311228,0.8449998894699752,treatment,0.2,0.5,0.26
371,2,86,0.30440889672204424,0.8403304231939163,0.13252858194065276,treatment,0.2,0.5,0.32
372,2,87,0.6762439518945894,0.1441824896373276,0.8451549216278076,treatment,0.2,0.5,0.26
373,2,87,0.30440889672204424,0.8338699945730786,0.13255898484153802,treatment,0.2,0.5,0.32
374,2,88,0.6762439518945894,0.14396601856978966,0.845306918241056,treatment,0.2,0.5,0.26
375,2,88,0.30440889672204424,0.8406926552761607,0.13253390596543374,treatment,0.2,0.5,0.32
376,2,89,0.6762439518945894,0.14472104548158943,0.8454559663954523,treatment,0.2,0.5,0.26
377,2,89,0.30440889672204424,0.8349579094132302,0.13295591597345713,treatment,0.2,0.5,0.34
378,2,90,0.6762439518945894,0.14456716827417843,0.8456021499945853,treatment,0.2,0.5,0.26
379,2,90,0.30440889672204424,0.8407574970527278,0.1329037864294542,treatment,0.2,0.5,0.34
380,2,91,0.6762439518945894,0.1434462479192715,0.8457455498902148,treatment,0.2,0.5,0.26
381,2,91,0.30440889672204424,0.8343328127067176,0.1319657995914975,treatment,0.2,0.5,0.32
382,2,92,0.6762439518945894,0.14324119039516142,0.84588624400816,treatment,0.2,0.5,0.26
383,2,92,0.30440889672204424,0.841164304624363,0.13200420460349707,treatment,0.2,0.5,0.32
384,2,93,0.6762439518945894,0.14304377762734727,0.846024307469594,treatment,0.2,0.5,0.26
385,2,93,0.30440889672204424,0.8346671343086145,0.1319881418438599,treatment,0.2,0.5,0.32
386,2,94,0.6762439518945894,0.14402054467056719,0.8461598127076729,treatment,0.2,0.5,0.26
387,2,94,0.30440889672204424,0.8420471345756876,0.13280084746383528,treatment,0.2,0.5,0.34
388,2,95,0.6762439518945894,0.14389324970639772,0.8462928295794891,treatment,0.2,0.5,0.26
389,2,95,0.30440889672204424,0.8350577591900443,0.13255425509526636,treatment,0.2,0.5,0.34
390,2,96,0.6762439518945894,0.14182647529344214,0.8462796522360803,treatment,0.2,0.5,0.28
391,2,96,0.30440889672204424,0.8406854246189033,0.1313819588308859,treatment,0.2,0.5,0.32
392,2,97,0.6762439518945894,0.14188775124259675,0.8470328926133291,treatment,0.2,0.5,0.26
393,2,97,0.30440889672204424,0.8353248610658405,0.13142806990540967,treatment,0.2,0.5,0.32
394,2,98,0.6762439518945894,0.14282527156399136,0.8470226830116638,treatment,0.2,0.5,0.26
395,2,98,0.30440889672204424,0.8429210749059045,0.13190358076939362,treatment,0.2,0.5,0.34
396,2,99,0.6762439518945894,0.14279116046199222,0.8470628229954723,treatment,0.2,0.5,0.26
397,2,99,0.30440889672204424,0.8353973440292273,0.1318946792202048,treatment,0.2,0.5,0.34
398,3,1,0.6779808953817781,0.2914598519017563,0.7474839249030522,treatment,0.2,0.5,0.475
399,3,1,0.33570363786543783,0.6749706883287047,0.276622515281329,treatment,0.2,0.5,0.5166666666666667
400,3,2,0.6779808953817781,0.27189457672384615,0.7735951143921033,treatment,0.2,0.5,0.375
401,3,2,0.33570363786543783,0.6916872727591431,0.243680819362606,treatment,0.2,0.5,0.36666666666666664
402,3,3,0.6779808953817781,0.23792585567104033,0.7825043135166874,treatment,0.2,0.5,0.325
403,3,3,0.33570363786543783,0.7013815408253101,0.2380370115359432,treatment,0.2,0.5,0.36666666666666664
404,3,4,0.6779808953817781,0.2282233176490512,0.7891735416878424,treatment,0.2,0.5,0.275
405,3,4,0.33570363786543783,0.7242517771259708,0.2338215046381719,treatment,0.2,0.5,0.35
406,3,5,0.6779808953817781,0.22523027002496682,0.793212380792137,treatment,0.2,0.5,0.275
407,3,5,0.33570363786543783,0.7254630949574654,0.2305240325646106,treatment,0.2,0.5,0.35
408,3,6,0.6779808953817781,0.22136902265529504,0.7968508359451041,treatment,0.2,0.5,0.275
409,3,6,0.33570363786543783,0.7420286132059833,0.2265735249493995,treatment,0.2,0.5,0.3333333333333333
410,3,7,0.6779808953817781,0.21782383046643208,0.8001325903372829,treatment,0.2,0.5,0.275
411,3,7,0.33570363786543783,0.7422083417468269,0.22322087862137827,treatment,0.2,0.5,0.31666666666666665
412,3,8,0.6779808953817781,0.2147384873579828,0.8031027197689623,treatment,0.2,0.5,0.275
413,3,8,0.33570363786543783,0.7545983137573835,0.22051685148160127,treatment,0.2,0.5,0.3
414,3,9,0.6779808953817781,0.2123869546876594,0.8058025922709913,treatment,0.2,0.5,0.275
415,3,9,0.33570363786543783,0.7531036867952298,0.21829113245409834,treatment,0.2,0.5,0.3
416,3,10,0.6779808953817781,0.2102775997244172,0.808267606033772,treatment,0.2,0.5,0.275
417,3,10,0.33570363786543783,0.7659606369190415,0.21618548493303466,treatment,0.2,0.5,0.3
418,3,11,0.6779808953817781,0.20733711265725394,0.8105275402619114,treatment,0.2,0.5,0.275
419,3,11,0.33570363786543783,0.762897937594575,0.21350479573706324,treatment,0.2,0.5,0.2833333333333333
420,3,12,0.6779808953817781,0.2054219865797624,0.8126074127201572,treatment,0.2,0.5,0.275
421,3,12,0.33570363786543783,0.7739234186021721,0.21166375525883704,treatment,0.2,0.5,0.2833333333333333
422,3,13,0.6779808953817781,0.2028237331134049,0.8145283232872347,treatment,0.2,0.5,0.275
423,3,13,0.33570363786543783,0.7698519926152338,0.20940226899708816,treatment,0.2,0.5,0.26666666666666666
424,3,14,0.6779808953817781,0.20108679938314267,0.8163081690647328,treatment,0.2,0.5,0.275
425,3,14,0.33570363786543783,0.780298587841313,0.20776551641244032,treatment,0.2,0.5,0.26666666666666666
426,3,15,0.6779808953817781,0.19949401554897234,0.8179622242219015,treatment,0.2,0.5,0.275
427,3,15,0.33570363786543783,0.7757223697225798,0.20618399901432533,treatment,0.2,0.5,0.26666666666666666
428,3,16,0.6779808953817781,0.19802537723578512,0.8195036040082236,treatment,0.2,0.5,0.275
429,3,16,0.33570363786543783,0.7876047388675604,0.20468255936411514,treatment,0.2,0.5,0.26666666666666666
430,3,17,0.6779808953817781,0.19666657307672192,0.8209436355892754,treatment,0.2,0.5,0.275
431,3,17,0.33570363786543783,0.7820401154519984,0.2032669538456116,treatment,0.2,0.5,0.26666666666666666
432,3,18,0.6779808953817781,0.19426870539618982,0.8220648389865683,treatment,0.2,0.5,0.3
433,3,18,0.33570363786543783,0.7940262423550885,0.2016675087279909,treatment,0.2,0.5,0.2833333333333333
434,3,19,0.6779808953817781,0.19375713354120833,0.8240229853326859,treatment,0.2,0.5,0.275
435,3,19,0.33570363786543783,0.7890191242723233,0.20047467500698476,treatment,0.2,0.5,0.2833333333333333
436,3,20,0.6779808953817781,0.1915114423320163,0.8250351153097455,treatment,0.2,0.5,0.275
437,3,20,0.33570363786543783,0.8006697727233659,0.19867905700261076,treatment,0.2,0.5,0.25
438,3,21,0.6779808953817781,0.1905210118695512,0.8260512213779181,treatment,0.2,0.5,0.275
439,3,21,0.33570363786543783,0.7945245153766081,0.19777170775976535,treatment,0.2,0.5,0.25
440,3,22,0.6779808953817781,0.18956155280288411,0.8270425946677179,treatment,0.2,0.5,0.275
441,3,22,0.33570363786543783,0.8044759570911979,0.1968059665940036,treatment,0.2,0.5,0.25
442,3,23,0.6779808953817781,0.18864021166630107,0.8279977918278696,treatment,0.2,0.5,0.275
443,3,23,0.33570363786543783,0.799505164499274,0.19583949526450184,treatment,0.2,0.5,0.25
444,3,24,0.6779808953817781,0.18776078455767703,0.8289131636179601,treatment,0.2,0.5,0.275
445,3,24,0.33570363786543783,0.8105515996773377,0.19489605506907645,treatment,0.2,0.5,0.25
446,3,25,0.6779808953817781,0.1870778040994515,0.8297882866355794,treatment,0.2,0.5,0.275
447,3,25,0.33570363786543783,0.8044695352206113,0.193542597608542,treatment,0.2,0.5,0.25
448,3,26,0.6779808953817781,0.18630094757163174,0.8306241636542294,treatment,0.2,0.5,0.275
449,3,26,0.33570363786543783,0.8143990179787494,0.19281558577327615,treatment,0.2,0.5,0.25
450,3,27,0.6779808953817781,0.1845428109714259,0.8314224316082127,treatment,0.2,0.5,0.275
451,3,27,0.33570363786543783,0.8063664874886741,0.19151487862000366,treatment,0.2,0.5,0.23333333333333334
452,3,28,0.6779808953817781,0.1837171923219693,0.8321849852374366,treatment,0.2,0.5,0.275
453,3,28,0.33570363786543783,0.8167093448142018,0.19081606072240972,treatment,0.2,0.5,0.23333333333333334
454,3,29,0.6779808953817781,0.18293618884916862,0.8329137894555962,treatment,0.2,0.5,0.275
455,3,29,0.33570363786543783,0.8084943772354637,0.19007977327416353,treatment,0.2,0.5,0.23333333333333334
456,3,30,0.6779808953817781,0.18219320197995076,0.8336107837462677,treatment,0.2,0.5,0.275
457,3,30,0.33570363786543783,0.8187027351876293,0.1893403181730223,treatment,0.2,0.5,0.23333333333333334
458,3,31,0.6779808953817781,0.1823426268806093,0.8342778338742083,treatment,0.2,0.5,0.275
459,3,31,0.33570363786543783,0.8110095584561259,0.18850517388028293,treatment,0.2,0.5,0.25
460,3,32,0.6779808953817781,0.18176134050424825,0.8349167088603633,treatment,0.2,0.5,0.275
461,3,32,0.33570363786543783,0.8202687506701287,0.18785977938482828,treatment,0.2,0.5,0.25
462,3,33,0.6779808953817781,0.18035087184532758,0.8355290717743907,treatment,0.2,0.5,0.275
463,3,33,0.33570363786543783,0.8119354326985131,0.1868526340529528,treatment,0.2,0.5,0.23333333333333334
464,3,34,0.6779808953817781,0.17972792437545052,0.8361164781581717,treatment,0.2,0.5,0.275
465,3,34,0.33570363786543783,0.8220055884312931,0.1863442881663305,treatment,0.2,0.5,0.23333333333333334
466,3,35,0.6779808953817781,0.17941994741571185,0.8365288459139653,treatment,0.2,0.5,0.3
467,3,35,0.33570363786543783,0.8135862923157637,0.1855794795271756,treatment,0.2,0.5,0.26666666666666666
468,3,36,0.6779808953817781,0.17793628889908014,0.8375332248869558,treatment,0.2,0.5,0.3
469,3,36,0.33570363786543783,0.8216461504943587,0.1850966754729505,treatment,0.2,0.5,0.26666666666666666
470,3,37,0.6779808953817781,0.1765628335019236,0.8386857968037577,treatment,0.2,0.5,0.275
471,3,37,0.33570363786543783,0.8143078255869313,0.18394188743676043,treatment,0.2,0.5,0.23333333333333334
472,3,38,0.6779808953817781,0.17636331608473976,0.8389183125726035,treatment,0.2,0.5,0.275
473,3,38,0.33570363786543783,0.8243397394744113,0.18369451461317265,treatment,0.2,0.5,0.23333333333333334
474,3,39,0.6779808953817781,0.17606858927811586,0.8392324717329007,treatment,0.2,0.5,0.275
475,3,39,0.33570363786543783,0.8158093946020879,0.1833383291937874,treatment,0.2,0.5,0.23333333333333334
476,3,40,0.6779808953817781,0.17572955653036512,0.8395838383783376,treatment,0.2,0.5,0.275
477,3,40,0.33570363786543783,0.82571382309251,0.18293418862709393,treatment,0.2,0.5,0.23333333333333334
478,3,41,0.6779808953817781,0.1753712323888184,0.8399507797340429,treatment,0.2,0.5,0.275
479,3,41,0.33570363786543783,0.8170975227213206,0.18251012297581826,treatment,0.2,0.5,0.23333333333333334
480,3,42,0.6779808953817781,0.1750061382730443,0.8403224741959143,treatment,0.2,0.5,0.275
481,3,42,0.33570363786543783,0.8269336503177273,0.18207985241490227,treatment,0.2,0.5,0.23333333333333334
482,3,43,0.6779808953817781,0.17549612023748803,0.8406930674968921,treatment,0.2,0.5,0.275
483,3,43,0.33570363786543783,0.8189219098043311,0.1815527228539187,treatment,0.2,0.5,0.25
484,3,44,0.6779808953817781,0.17522359520905478,0.8410592385807082,treatment,0.2,0.5,0.275
485,3,44,0.33570363786543783,0.8278488341849682,0.18116902370301916,treatment,0.2,0.5,0.25
486,3,45,0.6779808953817781,0.17409997985132392,0.8414190609012493,treatment,0.2,0.5,0.275
487,3,45,0.33570363786543783,0.8192087678673645,0.18043158553144142,treatment,0.2,0.5,0.23333333333333334
488,3,46,0.6779808953817781,0.17374312715342305,0.841771420405921,treatment,0.2,0.5,0.275
489,3,46,0.33570363786543783,0.8289906496332997,0.1801784524727314,treatment,0.2,0.5,0.23333333333333334
490,3,47,0.6779808953817781,0.17423672765263035,0.8421156970198485,treatment,0.2,0.5,0.275
491,3,47,0.33570363786543783,0.8209072743984172,0.17977462280066084,treatment,0.2,0.5,0.25
492,3,48,0.6779808953817781,0.17397941052521074,0.8424515806449839,treatment,0.2,0.5,0.275
493,3,48,0.33570363786543783,0.8297704920569565,0.17948035037079865,treatment,0.2,0.5,0.25
494,3,49,0.6779808953817781,0.1728900197171908,0.842778960129077,treatment,0.2,0.5,0.275
495,3,49,0.33570363786543783,0.8210682898990549,0.17882203214371276,treatment,0.2,0.5,0.23333333333333334
496,3,50,0.6779808953817781,0.17256526306363315,0.8430978538434738,treatment,0.2,0.5,0.275
497,3,50,0.33570363786543783,0.8307899339794641,0.17863572320707116,treatment,0.2,0.5,0.23333333333333334
498,3,51,0.6779808953817781,0.1722529061885721,0.843408364995736,treatment,0.2,0.5,0.275
499,3,51,0.33570363786543783,0.8219954662006508,0.17838853519141393,treatment,0.2,0.5,0.23333333333333334
500,3,52,0.6779808953817781,0.17147608756609473,0.8435961413242605,treatment,0.2,0.5,0.3
501,3,52,0.33570363786543783,0.8311664274430776,0.17800681165572813,treatment,0.2,0.5,0.25
502,3,53,0.6779808953817781,0.17176180412490044,0.8445794167637596,treatment,0.2,0.5,0.275
503,3,53,0.33570363786543783,0.8224825465353705,0.17773471802884494,treatment,0.2,0.5,0.25
504,3,54,0.6779808953817781,0.17091262046759298,0.8446830815784168,treatment,0.2,0.5,0.275
505,3,54,0.33570363786543783,0.8322070620243427,0.17710871574840859,treatment,0.2,0.5,0.23333333333333334
506,3,55,0.6779808953817781,0.17075956434994044,0.8448517648921037,treatment,0.2,0.5,0.275
507,3,55,0.33570363786543783,0.8233858152893674,0.17697369567106838,treatment,0.2,0.5,0.23333333333333334
508,3,56,0.6779808953817781,0.17141639427654015,0.8450514215867599,treatment,0.2,0.5,0.275
509,3,56,0.33570363786543783,0.8336602599255427,0.17666254137645382,treatment,0.2,0.5,0.25
510,3,57,0.6779808953817781,0.1712883945877076,0.845265727633115,treatment,0.2,0.5,0.275
511,3,57,0.33570363786543783,0.8239373877825199,0.17646123296498673,treatment,0.2,0.5,0.25
512,3,58,0.6779808953817781,0.1703073232152657,0.8454866483330008,treatment,0.2,0.5,0.275
513,3,58,0.33570363786543783,0.8336140504984181,0.1758999460943576,treatment,0.2,0.5,0.23333333333333334
514,3,59,0.6779808953817781,0.17091158984301008,0.8457098351520017,treatment,0.2,0.5,0.275
515,3,59,0.33570363786543783,0.8254046681113898,0.17569909634750494,treatment,0.2,0.5,0.25
516,3,60,0.6779808953817781,0.1707593963763602,0.8459327770868367,treatment,0.2,0.5,0.275
517,3,60,0.33570363786543783,0.8341396581556253,0.17556957245347904,treatment,0.2,0.5,0.25
518,3,61,0.6779808953817781,0.16977761114548245,0.8461539604656767,treatment,0.2,0.5,0.275
519,3,61,0.33570363786543783,0.8253111619595469,0.17505847890447868,treatment,0.2,0.5,0.23333333333333334
520,3,62,0.6779808953817781,0.16955441899299212,0.846372449015164,treatment,0.2,0.5,0.275
521,3,62,0.33570363786543783,0.8349100921631134,0.17500499240196257,treatment,0.2,0.5,0.23333333333333334
522,3,63,0.6779808953817781,0.16933827610669008,0.8465876579252349,treatment,0.2,0.5,0.275
523,3,63,0.33570363786543783,0.8259971157144563,0.1748801594178215,treatment,0.2,0.5,0.23333333333333334
524,3,64,0.6779808953817781,0.16912629599665188,0.8467992249261073,treatment,0.2,0.5,0.275
525,3,64,0.33570363786543783,0.8355489019411605,0.17471924718720427,treatment,0.2,0.5,0.23333333333333334
526,3,65,0.6779808953817781,0.1689186205060928,0.8470069331094123,treatment,0.2,0.5,0.275
527,3,65,0.33570363786543783,0.8266032488446367,0.17453915478500942,treatment,0.2,0.5,0.23333333333333334
528,3,66,0.6779808953817781,0.16871531846463622,0.8472106628545252,treatment,0.2,0.5,0.275
529,3,66,0.33570363786543783,0.8361295211030914,0.17434860875833522,treatment,0.2,0.5,0.23333333333333334
530,3,67,0.6779808953817781,0.16851640060611844,0.8474103608718104,treatment,0.2,0.5,0.275
531,3,67,0.33570363786543783,0.8271624964661727,0.1741525671238492,treatment,0.2,0.5,0.23333333333333334
532,3,68,0.6779808953817781,0.16832183811417983,0.8476060197008719,treatment,0.2,0.5,0.275
533,3,68,0.33570363786543783,0.8366700720546318,0.17395403983947993,treatment,0.2,0.5,0.23333333333333334
534,3,69,0.6779808953817781,0.16842276044508725,0.847695348560702,treatment,0.2,0.5,0.3
535,3,69,0.33570363786543783,0.8277956254471971,0.17348147675684805,treatment,0.2,0.5,0.26666666666666666
536,3,70,0.6779808953817781,0.1688661619978023,0.8485715383466207,treatment,0.2,0.5,0.275
537,3,70,0.33570363786543783,0.8366462410756063,0.17326593977240323,treatment,0.2,0.5,0.26666666666666666
538,3,71,0.6779808953817781,0.16827476479739162,0.8485721157206575,treatment,0.2,0.5,0.275
539,3,71,0.33570363786543783,0.8284752633358792,0.1723875873457741,treatment,0.2,0.5,0.25
540,3,72,0.6779808953817781,0.16827577020730394,0.8486415084115982,treatment,0.2,0.5,0.275
541,3,72,0.33570363786543783,0.8371781851191739,0.17252557522339362,treatment,0.2,0.5,0.25
542,3,73,0.6779808953817781,0.16740844897178797,0.8487455002914688,treatment,0.2,0.5,0.275
543,3,73,0.33570363786543783,0.828297028593504,0.1721839381172172,treatment,0.2,0.5,0.23333333333333334
544,3,74,0.6779808953817781,0.16697047997441095,0.8486258775942946,treatment,0.2,0.5,0.3
545,3,74,0.33570363786543783,0.8370594667952871,0.17231470608012464,treatment,0.2,0.5,0.25
546,3,75,0.6779808953817781,0.16738543414360407,0.8495606799863387,treatment,0.2,0.5,0.275
547,3,75,0.33570363786543783,0.8284852587211858,0.17220224666666575,treatment,0.2,0.5,0.25
548,3,76,0.6779808953817781,0.16654837914149187,0.8495329521707264,treatment,0.2,0.5,0.275
549,3,76,0.33570363786543783,0.8380734380377899,0.17169654389128994,treatment,0.2,0.5,0.23333333333333334
550,3,77,0.6779808953817781,0.1665186901910031,0.8495724220843467,treatment,0.2,0.5,0.275
551,3,77,0.33570363786543783,0.8291138766548315,0.17175109011157294,treatment,0.2,0.5,0.23333333333333334
552,3,78,0.6779808953817781,0.16645280771666057,0.8496474617927443,treatment,0.2,0.5,0.275
553,3,78,0.33570363786543783,0.8386088249903558,0.17172632345875158,treatment,0.2,0.5,0.23333333333333334
554,3,79,0.6779808953817781,0.16636493339656416,0.8497421649231139,treatment,0.2,0.5,0.275
555,3,79,0.33570363786543783,0.829602346551457,0.17165860682260461,treatment,0.2,0.5,0.23333333333333334
556,3,80,0.6779808953817781,0.16626414107073045,0.8498484157192998,treatment,0.2,0.5,0.275
557,3,80,0.33570363786543783,0.8390664212612543,0.17156597217390526,treatment,0.2,0.5,0.23333333333333334
558,3,81,0.6779808953817781,0.16615553518423648,0.8499616326647168,treatment,0.2,0.5,0.275
559,3,81,0.33570363786543783,0.830037115185791,0.17145797641228963,treatment,0.2,0.5,0.23333333333333334
560,3,82,0.6779808953817781,0.1668650624175699,0.8500790346072226,treatment,0.2,0.5,0.275
561,3,82,0.33570363786543783,0.8401259817190004,0.17119512593935435,treatment,0.2,0.5,0.25
562,3,83,0.6779808953817781,0.16752354426065266,0.8501988406773041,treatment,0.2,0.5,0.275
563,3,83,0.33570363786543783,0.8308834307119967,0.17092290494846146,treatment,0.2,0.5,0.26666666666666666
564,3,84,0.6779808953817781,0.16679319376855634,0.8503198638572096,treatment,0.2,0.5,0.275
565,3,84,0.33570363786543783,0.8395389363008195,0.17053689808171707,treatment,0.2,0.5,0.25
566,3,85,0.6779808953817781,0.16590721284621623,0.8504412885587005,treatment,0.2,0.5,0.275
567,3,85,0.33570363786543783,0.8306028006748197,0.17023585788350556,treatment,0.2,0.5,0.23333333333333334
568,3,86,0.6779808953817781,0.16526036078546308,0.8504736902212666,treatment,0.2,0.5,0.3
569,3,86,0.33570363786543783,0.8395929047098144,0.1702172500995511,treatment,0.2,0.5,0.25
570,3,87,0.6779808953817781,0.1657024505481305,0.8512829936783459,treatment,0.2,0.5,0.275
571,3,87,0.33570363786543783,0.8307229614129416,0.17023763359866914,treatment,0.2,0.5,0.25
572,3,88,0.6779808953817781,0.16501959111090464,0.8512195923839819,treatment,0.2,0.5,0.275
573,3,88,0.33570363786543783,0.8402576426122382,0.1698649300265173,treatment,0.2,0.5,0.23333333333333334
574,3,89,0.6779808953817781,0.16502618242666842,0.8512276817394699,treatment,0.2,0.5,0.275
575,3,89,0.33570363786543783,0.8312477349692362,0.1699566898347922,treatment,0.2,0.5,0.23333333333333334
576,3,90,0.6779808953817781,0.16499312997997584,0.8512728322126091,treatment,0.2,0.5,0.275
577,3,90,0.33570363786543783,0.840694664438088,0.1699680033568711,treatment,0.2,0.5,0.23333333333333334
578,3,91,0.6779808953817781,0.16493642619062307,0.851338374709648,treatment,0.2,0.5,0.275
579,3,91,0.33570363786543783,0.8316422083862834,0.16993574456193253,treatment,0.2,0.5,0.23333333333333334
580,3,92,0.6779808953817781,0.16486568106013136,0.8514159616905637,treatment,0.2,0.5,0.275
581,3,92,0.33570363786543783,0.8410621346263729,0.16987793214178407,treatment,0.2,0.5,0.23333333333333334
582,3,93,0.6779808953817781,0.16478623187039182,0.851500958753158,treatment,0.2,0.5,0.275
583,3,93,0.33570363786543783,0.8319903433324333,0.16980408222515048,treatment,0.2,0.5,0.23333333333333334
584,3,94,0.6779808953817781,0.16470126979951422,0.8515905920305213,treatment,0.2,0.5,0.275
585,3,94,0.33570363786543783,0.8413952945556329,0.16971973888951916,treatment,0.2,0.5,0.23333333333333334
586,3,95,0.6779808953817781,0.1661355462146366,0.8516831049136545,treatment,0.2,0.5,0.275
587,3,95,0.33570363786543783,0.8336059591297357,0.16933044725060772,treatment,0.2,0.5,0.26666666666666666
588,3,96,0.6779808953817781,0.16614251516589745,0.8517773356782197,treatment,0.2,0.5,0.275
589,3,96,0.33570363786543783,0.8412911326277075,0.1692155838282409,treatment,0.2,0.5,0.26666666666666666
590,3,97,0.6779808953817781,0.16462021647356584,0.851872489574737,treatment,0.2,0.5,0.275
591,3,97,0.33570363786543783,0.8323596367142708,0.16853954083884182,treatment,0.2,0.5,0.23333333333333334
592,3,98,0.6779808953817781,0.16451699911681333,0.8519680082783461,treatment,0.2,0.5,0.275
593,3,98,0.33570363786543783,0.8418246959841409,0.1687415188770814,treatment,0.2,0.5,0.23333333333333334
594,3,99,0.6779808953817781,0.16442007730520458,0.8520634913470942,treatment,0.2,0.5,0.275
595,3,99,0.33570363786543783,0.8327698969960802,0.16881870558073028,treatment,0.2,0.5,0.23333333333333334
596,4,1,0.6834877044196125,0.3112949866659089,0.7485036324090425,treatment,0.2,0.5,0.3958333333333333
597,4,1,0.3397795472846328,0.6756482369997769,0.28399016064293753,treatment,0.2,0.5,0.5
598,4,2,0.6834877044196125,0.2925909371635253,0.7807278151227397,treatment,0.2,0.5,0.3333333333333333
599,4,2,0.3397795472846328,0.6947863485905917,0.2424807118159933,treatment,0.2,0.5,0.36538461538461536
600,4,3,0.6834877044196125,0.25939451403508307,0.7910776449515345,treatment,0.2,0.5,0.25
601,4,3,0.3397795472846328,0.7056513502869769,0.23450099498660598,treatment,0.2,0.5,0.38461538461538464
602,4,4,0.6834877044196125,0.24235881566532158,0.7966687917814171,treatment,0.2,0.5,0.22916666666666666
603,4,4,0.3397795472846328,0.7298200557532132,0.22581541637324004,treatment,0.2,0.5,0.28846153846153844
604,4,5,0.6834877044196125,0.23761179340404434,0.8006509090238326,treatment,0.2,0.5,0.22916666666666666
605,4,5,0.3397795472846328,0.7296550853296788,0.22176081255619542,treatment,0.2,0.5,0.28846153846153844
606,4,6,0.6834877044196125,0.23346807520526427,0.8042098738361796,treatment,0.2,0.5,0.22916666666666666
607,4,6,0.3397795472846328,0.74522487883952,0.21813584987386753,treatment,0.2,0.5,0.28846153846153844
608,4,7,0.6834877044196125,0.2269794048266549,0.8071063369239052,treatment,0.2,0.5,0.25
609,4,7,0.3397795472846328,0.7418638673741705,0.21339599738930237,treatment,0.2,0.5,0.2692307692307692
610,4,8,0.6834877044196125,0.22369371183878065,0.8105705604277805,treatment,0.2,0.5,0.22916666666666666
611,4,8,0.3397795472846328,0.7564820591393855,0.21022603970939918,treatment,0.2,0.5,0.2692307692307692
612,4,9,0.6834877044196125,0.2190246727446283,0.8130490189982867,treatment,0.2,0.5,0.22916666666666666
613,4,9,0.3397795472846328,0.752880931077939,0.20597197039811993,treatment,0.2,0.5,0.25
614,4,10,0.6834877044196125,0.21576804668501173,0.8153516453764903,treatment,0.2,0.5,0.22916666666666666
615,4,10,0.3397795472846328,0.7658557514085195,0.20311174712248492,treatment,0.2,0.5,0.25
616,4,11,0.6834877044196125,0.21278671269449,0.8174803411392347,treatment,0.2,0.5,0.22916666666666666
617,4,11,0.3397795472846328,0.7613576066053322,0.20047890858512665,treatment,0.2,0.5,0.25
618,4,12,0.6834877044196125,0.20913573118914927,0.8190368069123357,treatment,0.2,0.5,0.25
619,4,12,0.3397795472846328,0.7726825793660349,0.19806089923675912,treatment,0.2,0.5,0.25
620,4,13,0.6834877044196125,0.2069753742590199,0.8214495664074589,treatment,0.2,0.5,0.22916666666666666
621,4,13,0.3397795472846328,0.7703435289558407,0.19583840315064138,treatment,0.2,0.5,0.25
622,4,14,0.6834877044196125,0.2048156717196671,0.8230114104460663,treatment,0.2,0.5,0.22916666666666666
623,4,14,0.3397795472846328,0.7812882857324817,0.19379088536567743,treatment,0.2,0.5,0.25
624,4,15,0.6834877044196125,0.2027526450341263,0.8245095924616814,treatment,0.2,0.5,0.22916666666666666
625,4,15,0.3397795472846328,0.7788144507495242,0.19189934064409514,treatment,0.2,0.5,0.25
626,4,16,0.6834877044196125,0.2008064311544059,0.825928046186322,treatment,0.2,0.5,0.22916666666666666
627,4,16,0.3397795472846328,0.7882033745236687,0.19014691768934178,treatment,0.2,0.5,0.25
628,4,17,0.6834877044196125,0.19897736662654023,0.8272641617156076,treatment,0.2,0.5,0.22916666666666666
629,4,17,0.3397795472846328,0.7841875263334086,0.18851889412648687,treatment,0.2,0.5,0.25
630,4,18,0.6834877044196125,0.19740733074911665,0.8281971454201859,treatment,0.2,0.5,0.25
631,4,18,0.3397795472846328,0.7924807253551146,0.186823471131043,treatment,0.2,0.5,0.2692307692307692
632,4,19,0.6834877044196125,0.19634284211370243,0.8299612068736989,treatment,0.2,0.5,0.22916666666666666
633,4,19,0.3397795472846328,0.7901912884247534,0.18551934764416106,treatment,0.2,0.5,0.2692307692307692
634,4,20,0.6834877044196125,0.1941659740326532,0.8309405077362003,treatment,0.2,0.5,0.22916666666666666
635,4,20,0.3397795472846328,0.79798340091295,0.18367478240999643,treatment,0.2,0.5,0.25
636,4,21,0.6834877044196125,0.19280505440555692,0.8319137377161834,treatment,0.2,0.5,0.22916666666666666
637,4,21,0.3397795472846328,0.7944820859972973,0.1826008329448947,treatment,0.2,0.5,0.25
638,4,22,0.6834877044196125,0.19149805543113355,0.8328574615070784,treatment,0.2,0.5,0.22916666666666666
639,4,22,0.3397795472846328,0.8036518672060884,0.1815351956340467,treatment,0.2,0.5,0.25
640,4,23,0.6834877044196125,0.18935424077674168,0.833438071416591,treatment,0.2,0.5,0.25
641,4,23,0.3397795472846328,0.8002830933026582,0.18050275088222914,treatment,0.2,0.5,0.25
642,4,24,0.6834877044196125,0.18852492583250355,0.8348888224871837,treatment,0.2,0.5,0.22916666666666666
643,4,24,0.3397795472846328,0.8084625271125975,0.17951268330807887,treatment,0.2,0.5,0.25
644,4,25,0.6834877044196125,0.18756240689332038,0.8355823192138906,treatment,0.2,0.5,0.22916666666666666
645,4,25,0.3397795472846328,0.8044684262553778,0.17856732264139957,treatment,0.2,0.5,0.25
646,4,26,0.6834877044196125,0.18658082721694347,0.8362937977137349,treatment,0.2,0.5,0.22916666666666666
647,4,26,0.3397795472846328,0.81105550533473,0.17766622000950172,treatment,0.2,0.5,0.25
648,4,27,0.6834877044196125,0.18561531501045234,0.836997088209598,treatment,0.2,0.5,0.22916666666666666
649,4,27,0.3397795472846328,0.8069117366080529,0.17680774480081476,treatment,0.2,0.5,0.25
650,4,28,0.6834877044196125,0.18467873865285578,0.8376810273967271,treatment,0.2,0.5,0.22916666666666666
651,4,28,0.3397795472846328,0.8133723059899993,0.175989781083755,treatment,0.2,0.5,0.25
652,4,29,0.6834877044196125,0.18288536131280833,0.838070107421764,treatment,0.2,0.5,0.25
653,4,29,0.3397795472846328,0.8079967800307083,0.17521005363189388,treatment,0.2,0.5,0.25
654,4,30,0.6834877044196125,0.1833933215770692,0.8392837424474937,treatment,0.2,0.5,0.22916666666666666
655,4,30,0.3397795472846328,0.8160734615994549,0.17457964770100023,treatment,0.2,0.5,0.2692307692307692
656,4,31,0.6834877044196125,0.18288117450954422,0.8397570418071147,treatment,0.2,0.5,0.22916666666666666
657,4,31,0.3397795472846328,0.810883559467224,0.17388620298368884,treatment,0.2,0.5,0.2692307692307692
658,4,32,0.6834877044196125,0.1813225778112791,0.8402639910790434,treatment,0.2,0.5,0.22916666666666666
659,4,32,0.3397795472846328,0.817247857001738,0.17263875373926957,treatment,0.2,0.5,0.25
660,4,33,0.6834877044196125,0.18059780095325384,0.8407770667075279,treatment,0.2,0.5,0.22916666666666666
661,4,33,0.3397795472846328,0.8128528180044998,0.1721542104706343,treatment,0.2,0.5,0.25
662,4,34,0.6834877044196125,0.17899370501709364,0.8409976586162036,treatment,0.2,0.5,0.25
663,4,34,0.3397795472846328,0.8179416047968874,0.17163181571872493,treatment,0.2,0.5,0.25
664,4,35,0.6834877044196125,0.17866684032166283,0.8420766838970523,treatment,0.2,0.5,0.22916666666666666
665,4,35,0.3397795472846328,0.8144038311862598,0.1711010205760465,treatment,0.2,0.5,0.25
666,4,36,0.6834877044196125,0.17817092298061832,0.842424815809347,treatment,0.2,0.5,0.22916666666666666
667,4,36,0.3397795472846328,0.8205410126343303,0.17057519719579195,treatment,0.2,0.5,0.25
668,4,37,0.6834877044196125,0.17855058488578587,0.8428148426815678,treatment,0.2,0.5,0.22916666666666666
669,4,37,0.3397795472846328,0.8166429684359616,0.17016918003216464,treatment,0.2,0.5,0.2692307692307692
670,4,38,0.6834877044196125,0.1781112167117688,0.8432184275312439,treatment,0.2,0.5,0.22916666666666666
671,4,38,0.3397795472846328,0.8217635550735652,0.16970294581036624,treatment,0.2,0.5,0.2692307692307692
672,4,39,0.6834877044196125,0.1758526931320554,0.8433466245965174,treatment,0.2,0.5,0.25
673,4,39,0.3397795472846328,0.8160984886515565,0.16868916278616003,treatment,0.2,0.5,0.25
674,4,40,0.6834877044196125,0.17565108849954614,0.8443288048177822,treatment,0.2,0.5,0.22916666666666666
675,4,40,0.3397795472846328,0.8231219379247037,0.16838003345903813,treatment,0.2,0.5,0.25
676,4,41,0.6834877044196125,0.17527616111011865,0.8445857982676622,treatment,0.2,0.5,0.22916666666666666
677,4,41,0.3397795472846328,0.8184829256109343,0.16802053916006682,treatment,0.2,0.5,0.25
678,4,42,0.6834877044196125,0.17484269604826064,0.8448899537683617,treatment,0.2,0.5,0.22916666666666666
679,4,42,0.3397795472846328,0.82446257781624,0.16764175147600108,treatment,0.2,0.5,0.25
680,4,43,0.6834877044196125,0.17438932168423513,0.8452125374007332,treatment,0.2,0.5,0.22916666666666666
681,4,43,0.3397795472846328,0.8197468534137584,0.16725817705536525,treatment,0.2,0.5,0.25
682,4,44,0.6834877044196125,0.1739320308793638,0.8455401011317992,treatment,0.2,0.5,0.22916666666666666
683,4,44,0.3397795472846328,0.8256696331805397,0.16687676042668576,treatment,0.2,0.5,0.25
684,4,45,0.6834877044196125,0.17258787824769595,0.845632526226305,treatment,0.2,0.5,0.25
685,4,45,0.3397795472846328,0.819819171633936,0.1665010822335034,treatment,0.2,0.5,0.25
686,4,46,0.6834877044196125,0.17250478746458842,0.8465309166241352,treatment,0.2,0.5,0.22916666666666666
687,4,46,0.3397795472846328,0.8266546513167223,0.16613305078425386,treatment,0.2,0.5,0.25
688,4,47,0.6834877044196125,0.17223962639464055,0.8467078959398814,treatment,0.2,0.5,0.22916666666666666
689,4,47,0.3397795472846328,0.8218598025411535,0.16577367367237555,treatment,0.2,0.5,0.25
690,4,48,0.6834877044196125,0.17191048149818533,0.8469359595524569,treatment,0.2,0.5,0.22916666666666666
691,4,48,0.3397795472846328,0.8277023836483531,0.16542344457442756,treatment,0.2,0.5,0.25
692,4,49,0.6834877044196125,0.17155623629554906,0.8471862389017611,treatment,0.2,0.5,0.22916666666666666
693,4,49,0.3397795472846328,0.8228624488591125,0.16508255167957267,treatment,0.2,0.5,0.25
694,4,50,0.6834877044196125,0.17119317775922335,0.8474450875069754,treatment,0.2,0.5,0.22916666666666666
695,4,50,0.3397795472846328,0.8286707776273624,0.16475099654984413,treatment,0.2,0.5,0.25
696,4,51,0.6834877044196125,0.16993754800528413,0.8474822606157025,treatment,0.2,0.5,0.25
697,4,51,0.3397795472846328,0.8227322379789311,0.16442866502037218,treatment,0.2,0.5,0.25
698,4,52,0.6834877044196125,0.1709756819413414,0.8483180696029176,treatment,0.2,0.5,0.22916666666666666
699,4,52,0.3397795472846328,0.830024712261404,0.16433590888060648,treatment,0.2,0.5,0.2692307692307692
700,4,53,0.6834877044196125,0.17090868447650032,0.8484354858381153,treatment,0.2,0.5,0.22916666666666666
701,4,53,0.3397795472846328,0.8244093879065346,0.1639253262083156,treatment,0.2,0.5,0.2692307692307692
702,4,54,0.6834877044196125,0.16974525346132233,0.8486068166003343,treatment,0.2,0.5,0.22916666666666666
703,4,54,0.3397795472846328,0.8302660390749761,0.16299971399107388,treatment,0.2,0.5,0.25
704,4,55,0.6834877044196125,0.16944784307987115,0.8488030186289333,treatment,0.2,0.5,0.22916666666666666
705,4,55,0.3397795472846328,0.8253917360986449,0.162878484629451,treatment,0.2,0.5,0.25
706,4,56,0.6834877044196125,0.1691870481199862,0.8487620327626614,treatment,0.2,0.5,0.25
707,4,56,0.3397795472846328,0.830671840897192,0.16278818226585504,treatment,0.2,0.5,0.2692307692307692
708,4,57,0.6834877044196125,0.16934303334326758,0.849556265835802,treatment,0.2,0.5,0.22916666666666666
709,4,57,0.3397795472846328,0.8258369541845654,0.16259492149995644,treatment,0.2,0.5,0.2692307692307692
710,4,58,0.6834877044196125,0.1683887763536256,0.8496346588687865,treatment,0.2,0.5,0.22916666666666666
711,4,58,0.3397795472846328,0.831670680564623,0.1618481542564772,treatment,0.2,0.5,0.25
712,4,59,0.6834877044196125,0.1681657464504179,0.8497689536606886,treatment,0.2,0.5,0.22916666666666666
713,4,59,0.3397795472846328,0.8267644079326909,0.16178647417894315,treatment,0.2,0.5,0.25
714,4,60,0.6834877044196125,0.16792002848313223,0.8499298569909198,treatment,0.2,0.5,0.22916666666666666
715,4,60,0.3397795472846328,0.8324885716477382,0.16165838960891143,treatment,0.2,0.5,0.25
716,4,61,0.6834877044196125,0.1677536334905981,0.8498592172129085,treatment,0.2,0.5,0.25
717,4,61,0.3397795472846328,0.8261439993979286,0.16163981095587457,treatment,0.2,0.5,0.2692307692307692
718,4,62,0.6834877044196125,0.16699419744517865,0.8506212078449501,treatment,0.2,0.5,0.22916666666666666
719,4,62,0.3397795472846328,0.8329040446364394,0.1608528538193933,treatment,0.2,0.5,0.25
720,4,63,0.6834877044196125,0.1668850384131939,0.8506687018629192,treatment,0.2,0.5,0.22916666666666666
721,4,63,0.3397795472846328,0.8279809256168384,0.16080941025301712,treatment,0.2,0.5,0.25
722,4,64,0.6834877044196125,0.16671249277690273,0.850773366644009,treatment,0.2,0.5,0.22916666666666666
723,4,64,0.3397795472846328,0.8336781829025445,0.16070529526367092,treatment,0.2,0.5,0.25
724,4,65,0.6834877044196125,0.16651003360297492,0.850905840672282,treatment,0.2,0.5,0.22916666666666666
725,4,65,0.3397795472846328,0.8286878100664998,0.16056978718550108,treatment,0.2,0.5,0.25
726,4,66,0.6834877044196125,0.16629332968023608,0.8510520970904721,treatment,0.2,0.5,0.22916666666666666
727,4,66,0.3397795472846328,0.8343455999003189,0.16041752820520244,treatment,0.2,0.5,0.25
728,4,67,0.6834877044196125,0.16516094102701026,0.850997555770722,treatment,0.2,0.5,0.25
729,4,67,0.3397795472846328,0.8282553314564984,0.1602560656366011,treatment,0.2,0.5,0.25
730,4,68,0.6834877044196125,0.16530049035552996,0.8517298980852038,treatment,0.2,0.5,0.22916666666666666
731,4,68,0.3397795472846328,0.8348466850640368,0.1600896874283794,treatment,0.2,0.5,0.25
732,4,69,0.6834877044196125,0.16524823878600786,0.8517481807964588,treatment,0.2,0.5,0.22916666666666666
733,4,69,0.3397795472846328,0.8298174146864323,0.15992100104193513,treatment,0.2,0.5,0.25
734,4,70,0.6834877044196125,0.1651228083058722,0.8518244726916354,treatment,0.2,0.5,0.22916666666666666
735,4,70,0.3397795472846328,0.8354349787219278,0.15975167017029465,treatment,0.2,0.5,0.25
736,4,71,0.6834877044196125,0.1649635985615507,0.8519295092712321,treatment,0.2,0.5,0.22916666666666666
737,4,71,0.3397795472846328,0.8303790661940996,0.15958279307369086,treatment,0.2,0.5,0.25
738,4,72,0.6834877044196125,0.1647873813845969,0.8520492761422087,treatment,0.2,0.5,0.22916666666666666
739,4,72,0.3397795472846328,0.8359800651697946,0.15941511178041617,treatment,0.2,0.5,0.25
740,4,73,0.6834877044196125,0.1637107723720531,0.8519750642208201,treatment,0.2,0.5,0.25
741,4,73,0.3397795472846328,0.8298583105894947,0.15924913475703278,treatment,0.2,0.5,0.25
742,4,74,0.6834877044196125,0.1638849062815407,0.8526825134814149,treatment,0.2,0.5,0.22916666666666666
743,4,74,0.3397795472846328,0.8364010030841624,0.15908521234793463,treatment,0.2,0.5,0.25
744,4,75,0.6834877044196125,0.16475562074535213,0.8526767977553354,treatment,0.2,0.5,0.22916666666666666
745,4,75,0.3397795472846328,0.8319998237679612,0.15898529623445862,treatment,0.2,0.5,0.2692307692307692
746,4,76,0.6834877044196125,0.16474437384172258,0.8527299456695411,treatment,0.2,0.5,0.22916666666666666
747,4,76,0.3397795472846328,0.8366353341805849,0.1588128294575495,treatment,0.2,0.5,0.2692307692307692
748,4,77,0.6834877044196125,0.16381009372793187,0.852812653687038,treatment,0.2,0.5,0.22916666666666666
749,4,77,0.3397795472846328,0.8316442812602589,0.1581331864361289,treatment,0.2,0.5,0.25
750,4,78,0.6834877044196125,0.16275738417645674,0.8526817477143999,treatment,0.2,0.5,0.25
751,4,78,0.3397795472846328,0.83618751882715,0.1581448733535201,treatment,0.2,0.5,0.25
752,4,79,0.6834877044196125,0.16295547953619557,0.8533706642908158,treatment,0.2,0.5,0.22916666666666666
753,4,79,0.3397795472846328,0.8320753291399612,0.15809307180019674,treatment,0.2,0.5,0.25
754,4,80,0.6834877044196125,0.16295901146032352,0.8533477640562849,treatment,0.2,0.5,0.22916666666666666
755,4,80,0.3397795472846328,0.8376611427595915,0.15800923922150498,treatment,0.2,0.5,0.25
756,4,81,0.6834877044196125,0.1628871596103397,0.8533845878737775,treatment,0.2,0.5,0.22916666666666666
757,4,81,0.3397795472846328,0.8325627993366957,0.15790836371635886,treatment,0.2,0.5,0.25
758,4,82,0.6834877044196125,0.16277956904176924,0.8534516539952229,treatment,0.2,0.5,0.22916666666666666
759,4,82,0.3397795472846328,0.8381197843372998,0.1577979156426274,treatment,0.2,0.5,0.25
760,4,83,0.6834877044196125,0.1636293936889606,0.8535348220147753,treatment,0.2,0.5,0.22916666666666666
761,4,83,0.3397795472846328,0.8327715495799775,0.15786856705402472,treatment,0.2,0.5,0.2692307692307692
762,4,84,0.6834877044196125,0.16168938355012452,0.8534313364356111,treatment,0.2,0.5,0.25
763,4,84,0.3397795472846328,0.8373169227219063,0.1570798398170248,treatment,0.2,0.5,0.25
764,4,85,0.6834877044196125,0.1619054212953709,0.8541046440382655,treatment,0.2,0.5,0.22916666666666666
765,4,85,0.3397795472846328,0.8332036352266583,0.15710397049748454,treatment,0.2,0.5,0.25
766,4,86,0.6834877044196125,0.16193068778960606,0.8540659172721131,treatment,0.2,0.5,0.22916666666666666
767,4,86,0.3397795472846328,0.838777787750695,0.15707120449543083,treatment,0.2,0.5,0.25
768,4,87,0.6834877044196125,0.16188020557421726,0.8540871343900029,treatment,0.2,0.5,0.22916666666666666
769,4,87,0.3397795472846328,0.8336635242402988,0.15700850884698456,treatment,0.2,0.5,0.25
770,4,88,0.6834877044196125,0.1617934715917919,0.8541389453451084,treatment,0.2,0.5,0.22916666666666666
771,4,88,0.3397795472846328,0.8392026925321496,0.15692931652225303,treatment,0.2,0.5,0.25
772,4,89,0.6834877044196125,0.16259758174982067,0.8542072548608876,treatment,0.2,0.5,0.22916666666666666
773,4,89,0.3397795472846328,0.8338326926193295,0.15695113020734344,treatment,0.2,0.5,0.2692307692307692
774,4,90,0.6834877044196125,0.16073482959898672,0.8540937173537254,treatment,0.2,0.5,0.25
775,4,90,0.3397795472846328,0.8383583016917148,0.15625260179408812,treatment,0.2,0.5,0.25
776,4,91,0.6834877044196125,0.16097052604610482,0.8547528002135302,treatment,0.2,0.5,0.22916666666666666
777,4,91,0.3397795472846328,0.8342270097010337,0.15630071960174002,treatment,0.2,0.5,0.25
778,4,92,0.6834877044196125,0.161014635470469,0.8547002757955736,treatment,0.2,0.5,0.22916666666666666
779,4,92,0.3397795472846328,0.8397829981453414,0.1562892937073267,treatment,0.2,0.5,0.25
780,4,93,0.6834877044196125,0.16098244190647656,0.8547081073986083,treatment,0.2,0.5,0.22916666666666666
781,4,93,0.3397795472846328,0.8346506424660775,0.15624627830667076,treatment,0.2,0.5,0.25
782,4,94,0.6834877044196125,0.16178075057019203,0.8547469295355321,treatment,0.2,0.5,0.22916666666666666
783,4,94,0.3397795472846328,0.8408447644133794,0.1562451186342545,treatment,0.2,0.5,0.2692307692307692
784,4,95,0.6834877044196125,0.1617595677650956,0.8548026318877661,treatment,0.2,0.5,0.22916666666666666
785,4,95,0.3397795472846328,0.8347525732830593,0.15616108423597094,treatment,0.2,0.5,0.2692307692307692
786,4,96,0.6834877044196125,0.1599308154923621,0.854679765240132,treatment,0.2,0.5,0.25
787,4,96,0.3397795472846328,0.8392755898907317,0.15555684439742354,treatment,0.2,0.5,0.25
788,4,97,0.6834877044196125,0.16018249892221584,0.8553269069663174,treatment,0.2,0.5,0.22916666666666666
789,4,97,0.3397795472846328,0.8351332078909551,0.15563771832443749,treatment,0.2,0.5,0.25
790,4,98,0.6834877044196125,0.16024203876398538,0.8552627831764816,treatment,0.2,0.5,0.22916666666666666
791,4,98,0.3397795472846328,0.8406758726103359,0.1556502064240011,treatment,0.2,0.5,0.25
792,4,99,0.6834877044196125,0.16022486085697907,0.8552593444726445,treatment,0.2,0.5,0.22916666666666666
793,4,99,0.3397795472846328,0.8355292951349484,0.1556266662531809,treatment,0.2,0.5,0.25
794,5,1,0.7021214676589835,0.28405169179970485,0.7385847440082838,treatment,0.2,0.5,0.5227272727272727
795,5,1,0.3302791944204329,0.6989456474856113,0.23513324373767194,treatment,0.2,0.5,0.48214285714285715
796,5,2,0.7021214676589835,0.26670238042023753,0.7750155894579464,treatment,0.2,0.5,0.4090909090909091
797,5,2,0.3302791944204329,0.712533473174333,0.20030305998755707,treatment,0.2,0.5,0.39285714285714285
798,5,3,0.7021214676589835,0.23817900186967444,0.792500067352393,treatment,0.2,0.5,0.3181818181818182
799,5,3,0.3302791944204329,0.7296507888074404,0.19433273804485232,treatment,0.2,0.5,0.375
800,5,4,0.7021214676589835,0.22543033172929458,0.8029165020189297,treatment,0.2,0.5,0.29545454545454547
801,5,4,0.3302791944204329,0.7460533476499335,0.18924417698993462,treatment,0.2,0.5,0.3392857142857143
802,5,5,0.7021214676589835,0.2225829143982649,0.8100044827752065,treatment,0.2,0.5,0.29545454545454547
803,5,5,0.3302791944204329,0.7549750357336897,0.18591615870531106,treatment,0.2,0.5,0.375
804,5,6,0.7021214676589835,0.21888676811851845,0.8160982780795899,treatment,0.2,0.5,0.29545454545454547
805,5,6,0.3302791944204329,0.7645279213386417,0.18387530273414768,treatment,0.2,0.5,0.375
806,5,7,0.7021214676589835,0.21558946879460114,0.8214283743044605,treatment,0.2,0.5,0.29545454545454547
807,5,7,0.3302791944204329,0.7706140285734825,0.18203901067448722,treatment,0.2,0.5,0.375
808,5,8,0.7021214676589835,0.21263295425422546,0.8261462789390766,treatment,0.2,0.5,0.29545454545454547
809,5,8,0.3302791944204329,0.779173782452614,0.1803647653249793,treatment,0.2,0.5,0.375
810,5,9,0.7021214676589835,0.21144367394316402,0.8303613722167427,treatment,0.2,0.5,0.29545454545454547
811,5,9,0.3302791944204329,0.7865624992175875,0.17883650800007236,treatment,0.2,0.5,0.4107142857142857
812,5,10,0.7021214676589835,0.20853852452836275,0.8341559628241503,treatment,0.2,0.5,0.29545454545454547
813,5,10,0.3302791944204329,0.7929517193848777,0.1770111620421344,treatment,0.2,0.5,0.39285714285714285
814,5,11,0.7021214676589835,0.20643806196532805,0.8375938957895136,treatment,0.2,0.5,0.29545454545454547
815,5,11,0.3302791944204329,0.7988617087149824,0.17596228720736123,treatment,0.2,0.5,0.39285714285714285
816,5,12,0.7021214676589835,0.2045175196773598,0.8407258523269349,treatment,0.2,0.5,0.29545454545454547
817,5,12,0.3302791944204329,0.8068038128931269,0.1749425384279,treatment,0.2,0.5,0.39285714285714285
818,5,13,0.7021214676589835,0.20275296311340119,0.8435928038958551,treatment,0.2,0.5,0.29545454545454547
819,5,13,0.3302791944204329,0.8087492253909174,0.17397614782917614,treatment,0.2,0.5,0.39285714285714285
820,5,14,0.7021214676589835,0.20112624165824364,0.8462283665022727,treatment,0.2,0.5,0.29545454545454547
821,5,14,0.3302791944204329,0.8166374605758008,0.17306971822114067,treatment,0.2,0.5,0.39285714285714285
822,5,15,0.7021214676589835,0.1996218960495986,0.8486604636289464,treatment,0.2,0.5,0.29545454545454547
823,5,15,0.3302791944204329,0.8179647129717845,0.17222275020785313,treatment,0.2,0.5,0.39285714285714285
824,5,16,0.7021214676589835,0.1982266787950328,0.8509125350833571,treatment,0.2,0.5,0.29545454545454547
825,5,16,0.3302791944204329,0.8228462911193685,0.1714321751389285,treatment,0.2,0.5,0.39285714285714285
826,5,17,0.7021214676589835,0.19616939545042095,0.853004436711354,treatment,0.2,0.5,0.29545454545454547
827,5,17,0.3302791944204329,0.8243751138144771,0.17017220503561514,treatment,0.2,0.5,0.375
828,5,18,0.7021214676589835,0.19485563764568592,0.8549531233111659,treatment,0.2,0.5,0.29545454545454547
829,5,18,0.3302791944204329,0.8263745681360968,0.16959450972223564,treatment,0.2,0.5,0.375
830,5,19,0.7021214676589835,0.19363114606163626,0.8567731756787142,treatment,0.2,0.5,0.29545454545454547
831,5,19,0.3302791944204329,0.82825229953274,0.16899271223785148,treatment,0.2,0.5,0.375
832,5,20,0.7021214676589835,0.19248486220394811,0.8584772132097647,treatment,0.2,0.5,0.29545454545454547
833,5,20,0.3302791944204329,0.8300163410068081,0.16839785311303362,treatment,0.2,0.5,0.375
834,5,21,0.7021214676589835,0.19140948233001842,0.8600762209481886,treatment,0.2,0.5,0.29545454545454547
835,5,21,0.3302791944204329,0.8316768593562092,0.16782261742642626,treatment,0.2,0.5,0.375
836,5,22,0.7021214676589835,0.19039859977022544,0.8615798116718377,treatment,0.2,0.5,0.29545454545454547
837,5,22,0.3302791944204329,0.833242844115645,0.16727177572187452,treatment,0.2,0.5,0.375
838,5,23,0.7021214676589835,0.18944656190469697,0.862996437973456,treatment,0.2,0.5,0.29545454545454547
839,5,23,0.3302791944204329,0.8347222600926276,0.16674676205042974,treatment,0.2,0.5,0.375
840,5,24,0.7021214676589835,0.18854836151353577,0.8643335653827564,treatment,0.2,0.5,0.29545454545454547
841,5,24,0.3302791944204329,0.8361221909256692,0.16624748695993152,treatment,0.2,0.5,0.375
842,5,25,0.7021214676589835,0.1876995465895894,0.865597814807099,treatment,0.2,0.5,0.29545454545454547
843,5,25,0.3302791944204329,0.8374489589839177,0.16577314249237585,treatment,0.2,0.5,0.375
844,5,26,0.7021214676589835,0.1868961449849761,0.8667950805744734,treatment,0.2,0.5,0.29545454545454547
845,5,26,0.3302791944204329,0.8387082260073946,0.16532258964087385,treatment,0.2,0.5,0.375
846,5,27,0.7021214676589835,0.18613460109419638,0.8679306289046383,treatment,0.2,0.5,0.29545454545454547
847,5,27,0.3302791944204329,0.8399050780394669,0.16489455519094534,treatment,0.2,0.5,0.375
848,5,28,0.7021214676589835,0.18541172237027972,0.8690091805537287,treatment,0.2,0.5,0.29545454545454547
849,5,28,0.3302791944204329,0.8410440974663435,0.16448773495048938,treatment,0.2,0.5,0.375
850,5,29,0.7021214676589835,0.18472463392409855,0.8700349805667579,treatment,0.2,0.5,0.29545454545454547
851,5,29,0.3302791944204329,0.8421294244107165,0.1641008484022592,treatment,0.2,0.5,0.375
852,5,30,0.7021214676589835,0.18407073980706282,0.8710118574572292,treatment,0.2,0.5,0.29545454545454547
853,5,30,0.3302791944204329,0.8431648092859455,0.16373266709558168,treatment,0.2,0.5,0.375
854,5,31,0.7021214676589835,0.18344768984986218,0.8719432736614517,treatment,0.2,0.5,0.29545454545454547
855,5,31,0.3302791944204329,0.8441536579722845,0.1633820284287509,treatment,0.2,0.5,0.375
856,5,32,0.7021214676589835,0.1828533511436189,0.8728323687503582,treatment,0.2,0.5,0.29545454545454547
857,5,32,0.3302791944204329,0.8450990708047424,0.16304784116460097,treatment,0.2,0.5,0.375
858,5,33,0.7021214676589835,0.18228578341863946,0.8736819965969302,treatment,0.2,0.5,0.29545454545454547
859,5,33,0.3302791944204329,0.8460038763463305,0.16272908624792987,treatment,0.2,0.5,0.375
860,5,34,0.7021214676589835,0.1817432177102355,0.8744947574735189,treatment,0.2,0.5,0.29545454545454547
861,5,34,0.3302791944204329,0.8468706607480018,0.16242481498451106,treatment,0.2,0.5,0.375
862,5,35,0.7021214676589835,0.1812240378085541,0.875273025875972,treatment,0.2,0.5,0.29545454545454547
863,5,35,0.3302791944204329,0.8477017933579999,0.16213414579254046,treatment,0.2,0.5,0.375
864,5,36,0.7021214676589835,0.1807267640758852,0.8760189747300801,treatment,0.2,0.5,0.29545454545454547
865,5,36,0.3302791944204329,0.8484994491313013,0.16185626024634356,treatment,0.2,0.5,0.375
866,5,37,0.7021214676589835,0.17978536015134147,0.875810292185302,treatment,0.2,0.5,0.3181818181818182
867,5,37,0.3302791944204329,0.8469953868268014,0.16159039884163176,treatment,0.2,0.5,0.375
868,5,38,0.7021214676589835,0.17972748908940187,0.8780845104234006,treatment,0.2,0.5,0.29545454545454547
869,5,38,0.3302791944204329,0.849857514837504,0.16133585673659004,treatment,0.2,0.5,0.375
870,5,39,0.7021214676589835,0.17948356423090361,0.8787047951849679,treatment,0.2,0.5,0.29545454545454547
871,5,39,0.3302791944204329,0.850581094756784,0.16109197961625044,treatment,0.2,0.5,0.375
872,5,40,0.7021214676589835,0.17917517800104588,0.8793094019483436,treatment,0.2,0.5,0.29545454545454547
873,5,40,0.3302791944204329,0.8512657984085168,0.16085815976184378,treatment,0.2,0.5,0.375
874,5,41,0.7021214676589835,0.17884223117192652,0.8798985070987068,treatment,0.2,0.5,0.29545454545454547
875,5,41,0.3302791944204329,0.8519254357831593,0.16063383236621856,treatment,0.2,0.5,0.375
876,5,42,0.7021214676589835,0.17850133444962762,0.8804699325795845,treatment,0.2,0.5,0.29545454545454547
877,5,42,0.3302791944204329,0.85256143399299,0.16041847211142626,treatment,0.2,0.5,0.375
878,5,43,0.7021214676589835,0.1781604040089286,0.8810231402033716,treatment,0.2,0.5,0.29545454545454547
879,5,43,0.3302791944204329,0.8531750511337928,0.16021159000939075,treatment,0.2,0.5,0.375
880,5,44,0.7021214676589835,0.17782352289696,0.8815582880767628,treatment,0.2,0.5,0.29545454545454547
881,5,44,0.3302791944204329,0.8537674566522863,0.160012730497581,treatment,0.2,0.5,0.375
882,5,45,0.7021214676589835,0.17621090233744824,0.880846153678591,treatment,0.2,0.5,0.3181818181818182
883,5,45,0.3302791944204329,0.8521621452412838,0.15982146877654163,treatment,0.2,0.5,0.375
884,5,46,0.7021214676589835,0.17631399797994726,0.882845639768011,treatment,0.2,0.5,0.29545454545454547
885,5,46,0.3302791944204329,0.854769907545247,0.1596374083735468,treatment,0.2,0.5,0.375
886,5,47,0.7021214676589835,0.17621199565147397,0.8832762017388941,treatment,0.2,0.5,0.29545454545454547
887,5,47,0.3302791944204329,0.855318799059091,0.1594601789156226,treatment,0.2,0.5,0.375
888,5,48,0.7021214676589835,0.17603303740863152,0.8837084949785946,treatment,0.2,0.5,0.29545454545454547
889,5,48,0.3302791944204329,0.8558383468583319,0.1592894340951221,treatment,0.2,0.5,0.375
890,5,49,0.7021214676589835,0.17581980991812776,0.8841378264452974,treatment,0.2,0.5,0.29545454545454547
891,5,49,0.3302791944204329,0.8563413227999167,0.159124849811564,treatment,0.2,0.5,0.375
892,5,50,0.7021214676589835,0.17559051527009537,0.8845597013540295,treatment,0.2,0.5,0.29545454545454547
893,5,50,0.3302791944204329,0.8568285759715657,0.15896612247429795,treatment,0.2,0.5,0.375
894,5,51,0.7021214676589835,0.17535414225009763,0.8849721709679135,treatment,0.2,0.5,0.29545454545454547
895,5,51,0.3302791944204329,0.8573008370844366,0.15881296745159287,treatment,0.2,0.5,0.375
896,5,52,0.7021214676589835,0.17511557114760304,0.8853744108976092,treatment,0.2,0.5,0.29545454545454547
897,5,52,0.3302791944204329,0.8577587916622395,0.15866511765283567,treatment,0.2,0.5,0.375
898,5,53,0.7021214676589835,0.17487762317880579,0.8857661422898229,treatment,0.2,0.5,0.29545454545454547
899,5,53,0.3302791944204329,0.8582030838455327,0.15852232223163645,treatment,0.2,0.5,0.375
900,5,54,0.7021214676589835,0.17464199603683103,0.8861473697126739,treatment,0.2,0.5,0.29545454545454547
901,5,54,0.3302791944204329,0.8586343194840337,0.15838434539870308,treatment,0.2,0.5,0.375
902,5,55,0.7021214676589835,0.17440973380816713,0.8865182510591022,treatment,0.2,0.5,0.29545454545454547
903,5,55,0.3302791944204329,0.8590530689526547,0.15825096533436,treatment,0.2,0.5,0.375
904,5,56,0.7021214676589835,0.17490411926977284,0.8868790283529729,treatment,0.2,0.5,0.29545454545454547
905,5,56,0.3302791944204329,0.8597319464633696,0.15808343294877653,treatment,0.2,0.5,0.39285714285714285
906,5,57,0.7021214676589835,0.17473620230839895,0.8872299889617189,treatment,0.2,0.5,0.29545454545454547
907,5,57,0.3302791944204329,0.8600219267446189,0.15778837474488072,treatment,0.2,0.5,0.39285714285714285
908,5,58,0.7021214676589835,0.17456762167767217,0.8875714429770373,treatment,0.2,0.5,0.29545454545454547
909,5,58,0.3302791944204329,0.860393164324251,0.15770097091973703,treatment,0.2,0.5,0.39285714285714285
910,5,59,0.7021214676589835,0.17440154949973583,0.8879037096427841,treatment,0.2,0.5,0.29545454545454547
911,5,59,0.3302791944204329,0.8607547714853201,0.15761732870473302,treatment,0.2,0.5,0.39285714285714285
912,5,60,0.7021214676589835,0.17423825472580565,0.888227109061186,treatment,0.2,0.5,0.29545454545454547
913,5,60,0.3302791944204329,0.8611066246199783,0.157536461905832,treatment,0.2,0.5,0.39285714285714285
914,5,61,0.7021214676589835,0.1740779050272553,0.8885419570856287,treatment,0.2,0.5,0.29545454545454547
915,5,61,0.3302791944204329,0.8614491121836222,0.15745824762660693,treatment,0.2,0.5,0.39285714285714285
916,5,62,0.7021214676589835,0.1739206034255061,0.8888485621915411,treatment,0.2,0.5,0.29545454545454547
917,5,62,0.3302791944204329,0.8617826050043261,0.15738257295746746,treatment,0.2,0.5,0.39285714285714285
918,5,63,0.7021214676589835,0.1737664058451391,0.8891472236028303,treatment,0.2,0.5,0.29545454545454547
919,5,63,0.3302791944204329,0.8621074545210549,0.15730933097395758,treatment,0.2,0.5,0.39285714285714285
920,5,64,0.7021214676589835,0.1736153336126874,0.8894382302290244,treatment,0.2,0.5,0.29545454545454547
921,5,64,0.3302791944204329,0.8624239940232238,0.15723842034723878,treatment,0.2,0.5,0.39285714285714285
922,5,65,0.7021214676589835,0.17346738252147048,0.8897218601322376,treatment,0.2,0.5,0.29545454545454547
923,5,65,0.3302791944204329,0.8627325398116314,0.15716974499631425,treatment,0.2,0.5,0.39285714285714285
924,5,66,0.7021214676589835,0.17395580204268188,0.889998380342794,treatment,0.2,0.5,0.29545454545454547
925,5,66,0.3302791944204329,0.8633200035802255,0.1570366892708633,treatment,0.2,0.5,0.4107142857142857
926,5,67,0.7021214676589835,0.17385552652046635,0.8902680469044612,treatment,0.2,0.5,0.29545454545454547
927,5,67,0.3302791944204329,0.8635035952930691,0.15678071394444956,treatment,0.2,0.5,0.4107142857142857
928,5,68,0.7021214676589835,0.17375450104103277,0.8905311050699249,treatment,0.2,0.5,0.29545454545454547
929,5,68,0.3302791944204329,0.863777574271021,0.1567414455811306,treatment,0.2,0.5,0.4107142857142857
930,5,69,0.7021214676589835,0.17365523055782936,0.8907877895928809,treatment,0.2,0.5,0.29545454545454547
931,5,69,0.3302791944204329,0.8640455397394489,0.15670444742950052,treatment,0.2,0.5,0.4107142857142857
932,5,70,0.7021214676589835,0.17355773635742702,0.8910383250802103,treatment,0.2,0.5,0.29545454545454547
933,5,70,0.3302791944204329,0.8643071580557765,0.1566687578294749,treatment,0.2,0.5,0.4107142857142857
934,5,71,0.7021214676589835,0.17346201875601344,0.8912829263791646,treatment,0.2,0.5,0.29545454545454547
935,5,71,0.3302791944204329,0.8645626499250335,0.15663431926005042,treatment,0.2,0.5,0.4107142857142857
936,5,72,0.7021214676589835,0.17336806973266167,0.8915217989823039,treatment,0.2,0.5,0.29545454545454547
937,5,72,0.3302791944204329,0.8648122289237045,0.15660108069151163,treatment,0.2,0.5,0.4107142857142857
938,5,73,0.7021214676589835,0.17327587475822406,0.8917551394383113,treatment,0.2,0.5,0.29545454545454547
939,5,73,0.3302791944204329,0.8650560987962772,0.15656899363781854,treatment,0.2,0.5,0.4107142857142857
940,5,74,0.7021214676589835,0.17318541421767378,0.8919831357605665,treatment,0.2,0.5,0.29545454545454547
941,5,74,0.3302791944204329,0.8652944539991323,0.15653801199143474,treatment,0.2,0.5,0.4107142857142857
942,5,75,0.7021214676589835,0.1730966645484574,0.8922059678279662,treatment,0.2,0.5,0.29545454545454547
943,5,75,0.3302791944204329,0.8655274802254526,0.15650809188430773,treatment,0.2,0.5,0.4107142857142857
944,5,76,0.7021214676589835,0.17300959915531122,0.8924238077743639,treatment,0.2,0.5,0.29545454545454547
945,5,76,0.3302791944204329,0.86575535489493,0.1564791915583561,treatment,0.2,0.5,0.4107142857142857
946,5,77,0.7021214676589835,0.1729241891478523,0.8926368203642802,treatment,0.2,0.5,0.29545454545454547
947,5,77,0.3302791944204329,0.8659782476109033,0.1564512712446655,treatment,0.2,0.5,0.4107142857142857
948,5,78,0.7021214676589835,0.17284040393681674,0.8928451633535022,treatment,0.2,0.5,0.29545454545454547
949,5,78,0.3302791944204329,0.8661963205874319,0.1564242930507265,treatment,0.2,0.5,0.4107142857142857
950,5,79,0.7021214676589835,0.17275821171694283,0.8930489878338256,treatment,0.2,0.5,0.29545454545454547
951,5,79,0.3302791944204329,0.8664097290485947,0.1563982208551053,treatment,0.2,0.5,0.4107142857142857
952,5,80,0.7021214676589835,0.17267757985850127,0.8932484385616788,treatment,0.2,0.5,0.29545454545454547
953,5,80,0.3302791944204329,0.8666186216021006,0.15637302020898877,treatment,0.2,0.5,0.4107142857142857
954,5,81,0.7021214676589835,0.17259847522487579,0.8934436542706824,treatment,0.2,0.5,0.29545454545454547
955,5,81,0.3302791944204329,0.8668231405891283,0.1563486582440928,treatment,0.2,0.5,0.4107142857142857
956,5,82,0.7021214676589835,0.17252086443004203,0.8936347679684435,treatment,0.2,0.5,0.29545454545454547
957,5,82,0.3302791944204329,0.8670234224121397,0.15632510358646595,treatment,0.2,0.5,0.4107142857142857
958,5,83,0.7021214676589835,0.17244471404702333,0.8938219072180146,treatment,0.2,0.5,0.29545454545454547
959,5,83,0.3302791944204329,0.8672195978422766,0.15630232627575769,treatment,0.2,0.5,0.4107142857142857
960,5,84,0.7021214676589835,0.17236999077623477,0.8940051944045758,treatment,0.2,0.5,0.29545454545454547
961,5,84,0.3302791944204329,0.8674117923078103,0.15628029768955717,treatment,0.2,0.5,0.4107142857142857
962,5,85,0.7021214676589835,0.17229666158091478,0.8941847469879348,treatment,0.2,0.5,0.29545454545454547
963,5,85,0.3302791944204329,0.867600126164996,0.15625899047243935,treatment,0.2,0.5,0.4107142857142857
964,5,86,0.7021214676589835,0.17222469379548852,0.8943606777414964,treatment,0.2,0.5,0.29545454545454547
965,5,86,0.3302791944204329,0.8677847149525748,0.15623837846938468,treatment,0.2,0.5,0.4107142857142857
966,5,87,0.7021214676589835,0.17215405521162566,0.8945330949783493,treatment,0.2,0.5,0.29545454545454547
967,5,87,0.3302791944204329,0.867965669631066,0.15621843666326557,treatment,0.2,0.5,0.4107142857142857
968,5,88,0.7021214676589835,0.1720847141458877,0.8947021027651381,treatment,0.2,0.5,0.29545454545454547
969,5,88,0.3302791944204329,0.8681430968079027,0.15619914111611546,treatment,0.2,0.5,0.4107142857142857
970,5,89,0.7021214676589835,0.17201663949216314,0.8948678011243512,treatment,0.2,0.5,0.29545454545454547
971,5,89,0.3302791944204329,0.8683170989493788,0.1561804689139214,treatment,0.2,0.5,0.4107142857142857
972,5,90,0.7021214676589835,0.17194980076152455,0.8950302862256748,treatment,0.2,0.5,0.29545454545454547
973,5,90,0.3302791944204329,0.868487774580304,0.1561623981146973,treatment,0.2,0.5,0.4107142857142857
974,5,91,0.7021214676589835,0.17064349206669155,0.8938508808275611,treatment,0.2,0.5,0.3181818181818182
975,5,91,0.3302791944204329,0.8663335317289341,0.15614490769961703,treatment,0.2,0.5,0.4107142857142857
976,5,92,0.7021214676589835,0.17103037429135437,0.8955017557382893,treatment,0.2,0.5,0.29545454545454547
977,5,92,0.3302791944204329,0.8687466220112247,0.15612797752700133,treatment,0.2,0.5,0.4107142857142857
978,5,93,0.7021214676589835,0.1711916025655719,0.8955997297387132,treatment,0.2,0.5,0.29545454545454547
979,5,93,0.3302791944204329,0.8689216521122187,0.15611158828896834,treatment,0.2,0.5,0.4107142857142857
980,5,94,0.7021214676589835,0.17126328383806108,0.8957133464339027,treatment,0.2,0.5,0.29545454545454547
981,5,94,0.3302791944204329,0.8690805489645506,0.15609572147057257,treatment,0.2,0.5,0.4107142857142857
982,5,95,0.7021214676589835,0.171290765828639,0.8958367832975881,treatment,0.2,0.5,0.29545454545454547
983,5,95,0.3302791944204329,0.8692364718737534,0.1560803593112689,treatment,0.2,0.5,0.4107142857142857
984,5,96,0.7021214676589835,0.17129346581882038,0.8959647208633477,treatment,0.2,0.5,0.29545454545454547
985,5,96,0.3302791944204329,0.8693895765506406,0.15606548476855137,treatment,0.2,0.5,0.4107142857142857
986,5,97,0.7021214676589835,0.17128107781866775,0.896094521300464,treatment,0.2,0.5,0.29545454545454547
987,5,97,0.3302791944204329,0.8695399393536807,0.15605108148362637,treatment,0.2,0.5,0.4107142857142857
988,5,98,0.7021214676589835,0.17125897492949152,0.8962247496217269,treatment,0.2,0.5,0.29545454545454547
989,5,98,0.3302791944204329,0.8696876334822095,0.15603713374899078,treatment,0.2,0.5,0.4107142857142857
990,5,99,0.7021214676589835,0.1712303702663149,0.8963545710867993,treatment,0.2,0.5,0.29545454545454547
991,5,99,0.3302791944204329,0.8698327295441649,0.15602362647779452,treatment,0.2,0.5,0.4107142857142857
992,6,1,0.6465859246098743,0.3165443723581301,0.7236243294483853,treatment,0.2,0.5,0.3695652173913043
993,6,1,0.33826751221995255,0.6838698335006038,0.2662235324309637,treatment,0.2,0.5,0.4444444444444444
994,6,2,0.6465859246098743,0.30714228412521427,0.7473451139390999,treatment,0.2,0.5,0.13043478260869565
995,6,2,0.33826751221995255,0.7050614740244029,0.2335992096771015,treatment,0.2,0.5,0.3888888888888889
996,6,3,0.6465859246098743,0.286369829669991,0.7566902259394425,treatment,0.2,0.5,0.13043478260869565
997,6,3,0.33826751221995255,0.7162466970349599,0.22809924875885598,treatment,0.2,0.5,0.3888888888888889
998,6,4,0.6465859246098743,0.2776643684064937,0.7709040832542422,treatment,0.2,0.5,0.08695652173913043
999,6,4,0.33826751221995255,0.7414222677256023,0.22349069962620657,treatment,0.2,0.5,0.2962962962962963
1000,6,5,0.6465859246098743,0.2723030497323945,0.7802611815843796,treatment,0.2,0.5,0.08695652173913043
1001,6,5,0.33826751221995255,0.7454493741901814,0.22105442009386575,treatment,0.2,0.5,0.2962962962962963
1002,6,6,0.6465859246098743,0.2676227876132152,0.7880357652044201,treatment,0.2,0.5,0.08695652173913043
1003,6,6,0.33826751221995255,0.7540351379600644,0.21864999548012862,treatment,0.2,0.5,0.2962962962962963
1004,6,7,0.6465859246098743,0.26284058007959865,0.7946824063627117,treatment,0.2,0.5,0.08695652173913043
1005,6,7,0.33826751221995255,0.7615862484072038,0.21570759133088124,treatment,0.2,0.5,0.2777777777777778
1006,6,8,0.6465859246098743,0.2588351341402042,0.8004736396388866,treatment,0.2,0.5,0.08695652173913043
1007,6,8,0.33826751221995255,0.7682870404572226,0.21361304140188686,treatment,0.2,0.5,0.2777777777777778
1008,6,9,0.6465859246098743,0.2543812033127783,0.8055904837191956,treatment,0.2,0.5,0.08695652173913043
1009,6,9,0.33826751221995255,0.7742917038382692,0.21048538313576695,treatment,0.2,0.5,0.25925925925925924
1010,6,10,0.6465859246098743,0.2500539971121249,0.810160394774344,treatment,0.2,0.5,0.08695652173913043
1011,6,10,0.33826751221995255,0.7797146141791813,0.20770360420783002,treatment,0.2,0.5,0.24074074074074073
1012,6,11,0.6465859246098743,0.2464474912102266,0.8142771245270989,treatment,0.2,0.5,0.08695652173913043
1013,6,11,0.33826751221995255,0.784643642640271,0.20577304109876027,treatment,0.2,0.5,0.24074074074074073
1014,6,12,0.6465859246098743,0.2442688066462856,0.818011994048679,treatment,0.2,0.5,0.08695652173913043
1015,6,12,0.33826751221995255,0.7893880447401235,0.20290730961274214,treatment,0.2,0.5,0.2777777777777778
1016,6,13,0.6465859246098743,0.24177731522659762,0.8214207192299405,treatment,0.2,0.5,0.08695652173913043
1017,6,13,0.33826751221995255,0.7983398178638527,0.2016706195476623,treatment,0.2,0.5,0.2777777777777778
1018,6,14,0.6465859246098743,0.2394866016684698,0.8245477646293733,treatment,0.2,0.5,0.08695652173913043
1019,6,14,0.33826751221995255,0.8005236664982172,0.20053741724030627,treatment,0.2,0.5,0.2777777777777778
1020,6,15,0.6465859246098743,0.23737476304638833,0.8274292426182562,treatment,0.2,0.5,0.08695652173913043
1021,6,15,0.33826751221995255,0.8037370364246726,0.199427061226467,treatment,0.2,0.5,0.2777777777777778
1022,6,16,0.6465859246098743,0.23494192003929362,0.830094914087509,treatment,0.2,0.5,0.08695652173913043
1023,6,16,0.33826751221995255,0.8092482473843425,0.19781157742116606,treatment,0.2,0.5,0.25925925925925924
1024,6,17,0.6465859246098743,0.23293098418762637,0.8325696112083751,treatment,0.2,0.5,0.08695652173913043
1025,6,17,0.33826751221995255,0.8113214518745979,0.19684016832587284,treatment,0.2,0.5,0.25925925925925924
1026,6,18,0.6465859246098743,0.2304403759290343,0.8348742752791395,treatment,0.2,0.5,0.08695652173913043
1027,6,18,0.33826751221995255,0.813845672702809,0.19501092738579018,treatment,0.2,0.5,0.24074074074074073
1028,6,19,0.6465859246098743,0.2284510061602581,0.837026730458286,treatment,0.2,0.5,0.08695652173913043
1029,6,19,0.33826751221995255,0.8162147449296007,0.19402040759997838,treatment,0.2,0.5,0.24074074074074073
1030,6,20,0.6465859246098743,0.2265952583330387,0.8390422715377135,treatment,0.2,0.5,0.08695652173913043
1031,6,20,0.33826751221995255,0.8184398145950506,0.193016035958729,treatment,0.2,0.5,0.24074074074074073
1032,6,21,0.6465859246098743,0.2248586057723434,0.8409341178097358,treatment,0.2,0.5,0.08695652173913043
1033,6,21,0.33826751221995255,0.8205338496010014,0.1920327414710744,treatment,0.2,0.5,0.24074074074074073
1034,6,22,0.6465859246098743,0.22322970907575512,0.8427137685948077,treatment,0.2,0.5,0.08695652173913043
1035,6,22,0.33826751221995255,0.8225082942569413,0.19108487008188954,treatment,0.2,0.5,0.24074074074074073
1036,6,23,0.6465859246098743,0.22169866281362716,0.8443912852864296,treatment,0.2,0.5,0.08695652173913043
1037,6,23,0.33826751221995255,0.8243732754209411,0.19017753440836205,treatment,0.2,0.5,0.24074074074074073
1038,6,24,0.6465859246098743,0.2202567653629526,0.8459755176358803,treatment,0.2,0.5,0.08695652173913043
1039,6,24,0.33826751221995255,0.826137789983927,0.18931187727598747,treatment,0.2,0.5,0.24074074074074073
1040,6,25,0.6465859246098743,0.218896337008101,0.8474742871407304,treatment,0.2,0.5,0.08695652173913043
1041,6,25,0.33826751221995255,0.8278098607170693,0.18848721390870024,treatment,0.2,0.5,0.24074074074074073
1042,6,26,0.6465859246098743,0.2180448948219552,0.8488945370250112,treatment,0.2,0.5,0.08695652173913043
1043,6,26,0.33826751221995255,0.8306773807441752,0.1874625630809868,treatment,0.2,0.5,0.25925925925925924
1044,6,27,0.6465859246098743,0.21697838990937707,0.8502424559103673,treatment,0.2,0.5,0.08695652173913043
1045,6,27,0.33826751221995255,0.8314856746750793,0.18673006857742713,treatment,0.2,0.5,0.25925925925925924
1046,6,28,0.6465859246098743,0.2159657766046539,0.85152358055985,treatment,0.2,0.5,0.08695652173913043
1047,6,28,0.33826751221995255,0.8328885133049568,0.18614170133083305,treatment,0.2,0.5,0.25925925925925924
1048,6,29,0.6465859246098743,0.21500403957480638,0.8527428818223948,treatment,0.2,0.5,0.08695652173913043
1049,6,29,0.33826751221995255,0.8342286603256007,0.18557909063462324,treatment,0.2,0.5,0.25925925925925924
1050,6,30,0.6465859246098743,0.2140894275552102,0.8539048369786962,treatment,0.2,0.5,0.08695652173913043
1051,6,30,0.33826751221995255,0.8355068930639015,0.1850406674307655,treatment,0.2,0.5,0.25925925925925924
1052,6,31,0.6465859246098743,0.21321854749243932,0.8550134909946963,treatment,0.2,0.5,0.08695652173913043
1053,6,31,0.33826751221995255,0.8367274313624041,0.18452528935949178,treatment,0.2,0.5,0.25925925925925924
1054,6,32,0.6465859246098743,0.21238832620836748,0.8560725086629464,treatment,0.2,0.5,0.08695652173913043
1055,6,32,0.33826751221995255,0.8378941352034649,0.1840318017923727,treatment,0.2,0.5,0.25925925925925924
1056,6,33,0.6465859246098743,0.21159597332584754,0.8570852192095609,treatment,0.2,0.5,0.08695652173913043
1057,6,33,0.33826751221995255,0.8390105246336396,0.18355906741765568,treatment,0.2,0.5,0.25925925925925924
1058,6,34,0.6465859246098743,0.21083894926146216,0.8580546546335022,treatment,0.2,0.5,0.08695652173913043
1059,6,34,0.33826751221995255,0.8400798166061539,0.18310598495569314,treatment,0.2,0.5,0.25925925925925924
1060,6,35,0.6465859246098743,0.2101149375021028,0.8589835828025162,treatment,0.2,0.5,0.08695652173913043
1061,6,35,0.33826751221995255,0.8411049571919279,0.18267149976051747,treatment,0.2,0.5,0.25925925925925924
1062,6,36,0.6465859246098743,0.20942182050534086,0.8598745361395169,treatment,0.2,0.5,0.08695652173913043
1063,6,36,0.33826751221995255,0.8420886497347184,0.18225460927191578,treatment,0.2,0.5,0.25925925925925924
1064,6,37,0.6465859246098743,0.20733759923454667,0.8592226131690117,treatment,0.2,0.5,0.10869565217391304
1065,6,37,0.33826751221995255,0.8387092478373165,0.1818543651922474,treatment,0.2,0.5,0.25925925925925924
1066,6,38,0.6465859246098743,0.2047181873206552,0.8612897580299748,treatment,0.2,0.5,0.08695652173913043
1067,6,38,0.33826751221995255,0.8541135234128358,0.1785334528554186,treatment,0.2,0.5,0.18518518518518517
1068,6,39,0.6465859246098743,0.20593001680164538,0.8620610855227497,treatment,0.2,0.5,0.08695652173913043
1069,6,39,0.33826751221995255,0.8444744607905919,0.18056760723495693,treatment,0.2,0.5,0.25925925925925924
1070,6,40,0.6465859246098743,0.2055334147039107,0.8628095771803997,treatment,0.2,0.5,0.08695652173913043
1071,6,40,0.33826751221995255,0.8452514834271199,0.1802213634225536,treatment,0.2,0.5,0.25925925925925924
1072,6,41,0.6465859246098743,0.2050959621380841,0.8635360321773157,treatment,0.2,0.5,0.08695652173913043
1073,6,41,0.33826751221995255,0.8460685366101336,0.1798907308419933,treatment,0.2,0.5,0.25925925925925924
1074,6,42,0.6465859246098743,0.2046469884874176,0.8642393281405307,treatment,0.2,0.5,0.08695652173913043
1075,6,42,0.33826751221995255,0.8468566080224839,0.17957225931817503,treatment,0.2,0.5,0.25925925925925924
1076,6,43,0.6465859246098743,0.20419746591557217,0.864919559467802,treatment,0.2,0.5,0.08695652173913043
1077,6,43,0.33826751221995255,0.8476168508571876,0.17926532593660927,treatment,0.2,0.5,0.25925925925925924
1078,6,44,0.6465859246098743,0.20375304643597153,0.8655773182071066,treatment,0.2,0.5,0.08695652173913043
1079,6,44,0.33826751221995255,0.8483507215471326,0.17896935600892083,treatment,0.2,0.5,0.25925925925925924
1080,6,45,0.6465859246098743,0.2033167697492556,0.8662134025696858,treatment,0.2,0.5,0.08695652173913043
1081,6,45,0.33826751221995255,0.8490595781157885,0.17868380927159536,treatment,0.2,0.5,0.25925925925925924
1082,6,46,0.6465859246098743,0.20289027875539223,0.8668286884701589,treatment,0.2,0.5,0.08695652173913043
1083,6,46,0.33826751221995255,0.8497446863716681,0.17840817776893483,treatment,0.2,0.5,0.25925925925925924
1084,6,47,0.6465859246098743,0.20247442459018336,0.8674240685781969,treatment,0.2,0.5,0.08695652173913043
1085,6,47,0.33826751221995255,0.850407227636034,0.17814198383956456,treatment,0.2,0.5,0.25925925925925924
1086,6,48,0.6465859246098743,0.2020695902479811,0.8680004221673476,treatment,0.2,0.5,0.08695652173913043
1087,6,48,0.33826751221995255,0.8510483057137499,0.17788477818202647,treatment,0.2,0.5,0.25925925925925924
1088,6,49,0.6465859246098743,0.20167587373322213,0.8685586000718198,treatment,0.2,0.5,0.08695652173913043
1089,6,49,0.33826751221995255,0.8516689531817618,0.17763613801375946,treatment,0.2,0.5,0.25925925925925924
1090,6,50,0.6465859246098743,0.20129319648478844,0.8690994174657484,treatment,0.2,0.5,0.08695652173913043
1091,6,50,0.33826751221995255,0.8522701370722016,0.177395665331036,treatment,0.2,0.5,0.25925925925925924
1092,6,51,0.6465859246098743,0.20092136992199047,0.8696236508510866,treatment,0.2,0.5,0.08695652173913043
1093,6,51,0.33826751221995255,0.8528527640173428,0.17716298527267857,treatment,0.2,0.5,0.25925925925925924
1094,6,52,0.6465859246098743,0.20056013748402143,0.8701320373640619,treatment,0.2,0.5,0.08695652173913043
1095,6,52,0.33826751221995255,0.8534176849152071,0.17693774458717013,treatment,0.2,0.5,0.25925925925925924
1096,6,53,0.6465859246098743,0.2002092017987515,0.870625275368929,treatment,0.2,0.5,0.08695652173913043
1097,6,53,0.33826751221995255,0.8539656991673531,0.17671961020064733,treatment,0.2,0.5,0.25925925925925924
1098,6,54,0.6465859246098743,0.19986824254717098,0.871104025757205,treatment,0.2,0.5,0.08695652173913043
1099,6,54,0.33826751221995255,0.8544975585341218,0.17650826788190455,treatment,0.2,0.5,0.25925925925925924
1100,6,55,0.6465859246098743,0.1995369283531378,0.8715689136157776,treatment,0.2,0.5,0.08695652173913043
1101,6,55,0.33826751221995255,0.8550139706471912,0.17630342099971402,treatment,0.2,0.5,0.25925925925925924
1102,6,56,0.6465859246098743,0.19921492475130098,0.8720205300657744,treatment,0.2,0.5,0.08695652173913043
1103,6,56,0.33826751221995255,0.8555156022146053,0.17610478936731794,treatment,0.2,0.5,0.25925925925925924
1104,6,57,0.6465859246098743,0.19890189953267237,0.8724594341545899,treatment,0.2,0.5,0.08695652173913043
1105,6,57,0.33826751221995255,0.8560030819493533,0.17591210816876537,treatment,0.2,0.5,0.25925925925925924
1106,6,58,0.6465859246098743,0.1985975263095861,0.8728861547314181,treatment,0.2,0.5,0.08695652173913043
1107,6,58,0.33826751221995255,0.8564770032490338,0.17572512696175505,treatment,0.2,0.5,0.25925925925925924
1108,6,59,0.6465859246098743,0.1983014868564188,0.8733011922657161,treatment,0.2,0.5,0.08695652173913043
1109,6,59,0.33826751221995255,0.8569379266510287,0.17554360875176409,treatment,0.2,0.5,0.25925925925925924
1110,6,60,0.6465859246098743,0.19839038286356372,0.8737050205859328,treatment,0.2,0.5,0.08695652173913043
1111,6,60,0.33826751221995255,0.857647037819906,0.17535598590059626,treatment,0.2,0.5,0.2777777777777778
1112,6,61,0.6465859246098743,0.1981966378510541,0.8740980885269202,treatment,0.2,0.5,0.08695652173913043
1113,6,61,0.33826751221995255,0.8579697613642232,0.17501498726409337,treatment,0.2,0.5,0.2777777777777778
1114,6,62,0.6465859246098743,0.19830140566741108,0.8744808214813753,treatment,0.2,0.5,0.08695652173913043
1115,6,62,0.33826751221995255,0.8586452850866986,0.17478745195632767,treatment,0.2,0.5,0.2962962962962963
1116,6,63,0.6465859246098743,0.19818221913812817,0.8748536228549257,treatment,0.2,0.5,0.08695652173913043
1117,6,63,0.33826751221995255,0.8589328998085463,0.17449589865788054,treatment,0.2,0.5,0.2962962962962963
1118,6,64,0.6465859246098743,0.19806473111752984,0.8752168754270812,treatment,0.2,0.5,0.08695652173913043
1119,6,64,0.33826751221995255,0.8593130708483704,0.17443878959701728,treatment,0.2,0.5,0.2962962962962963
1120,6,65,0.6465859246098743,0.19794984590473916,0.8755709426218207,treatment,0.2,0.5,0.08695652173913043
1121,6,65,0.33826751221995255,0.8596841968106893,0.17438424223523685,treatment,0.2,0.5,0.2962962962962963
1122,6,66,0.6465859246098743,0.19783751454628737,0.8759161696924167,treatment,0.2,0.5,0.08695652173913043
1123,6,66,0.33826751221995255,0.8600460411752168,0.1743312243370582,treatment,0.2,0.5,0.2962962962962963
1124,6,67,0.6465859246098743,0.19772768085762424,0.8762528848255267,treatment,0.2,0.5,0.08695652173913043
1125,6,67,0.33826751221995255,0.8603989459925655,0.17427968055863696,treatment,0.2,0.5,0.2962962962962963
1126,6,68,0.6465859246098743,0.19762028649251612,0.8765814001696847,treatment,0.2,0.5,0.08695652173913043
1127,6,68,0.33826751221995255,0.860743239822453,0.17422956151484886,treatment,0.2,0.5,0.2962962962962963
1128,6,69,0.6465859246098743,0.1977779825679425,0.8769020127932832,treatment,0.2,0.5,0.08695652173913043
1129,6,69,0.33826751221995255,0.861349970419895,0.17405846752957427,treatment,0.2,0.5,0.3148148148148148
1130,6,70,0.6465859246098743,0.1977301361922208,0.8772150055769713,treatment,0.2,0.5,0.08695652173913043
1131,6,70,0.33826751221995255,0.8615590151398287,0.17379892813526376,treatment,0.2,0.5,0.3148148148148148
1132,6,71,0.6465859246098743,0.19768227266630403,0.8775206480451547,treatment,0.2,0.5,0.08695652173913043
1133,6,71,0.33826751221995255,0.8618677579168327,0.1737846513379815,treatment,0.2,0.5,0.3148148148148148
1134,6,72,0.6465859246098743,0.19763525803289272,0.8778191971410199,treatment,0.2,0.5,0.08695652173913043
1135,6,72,0.33826751221995255,0.8621699420457541,0.1737719046406421,treatment,0.2,0.5,0.3148148148148148
1136,6,73,0.6465859246098743,0.19758909135025063,0.8781108979492409,treatment,0.2,0.5,0.08695652173913043
1137,6,73,0.33826751221995255,0.8624651892872753,0.17375964307854505,treatment,0.2,0.5,0.3148148148148148
1138,6,74,0.6465859246098743,0.1975437656230163,0.8783959843702174,treatment,0.2,0.5,0.08695652173913043
1139,6,74,0.33826751221995255,0.8627537332387101,0.17374784729743536,treatment,0.2,0.5,0.3148148148148148
1140,6,75,0.6465859246098743,0.197499271893805,0.8786746797494405,treatment,0.2,0.5,0.08695652173913043
1141,6,75,0.33826751221995255,0.8630358004345934,0.17373650266909946,treatment,0.2,0.5,0.3148148148148148
1142,6,76,0.6465859246098743,0.1962962402803576,0.8775244636327154,treatment,0.2,0.5,0.10869565217391304
1143,6,76,0.33826751221995255,0.8583567455413527,0.1737255949854692,treatment,0.2,0.5,0.3148148148148148
1144,6,77,0.6465859246098743,0.19358995028799214,0.8790304153109053,treatment,0.2,0.5,0.08695652173913043
1145,6,77,0.33826751221995255,0.8741548557572429,0.16969290588621172,treatment,0.2,0.5,0.18518518518518517
1146,6,78,0.6465859246098743,0.19613334055518314,0.8792675814174339,treatment,0.2,0.5,0.08695652173913043
1147,6,78,0.33826751221995255,0.8637057776556736,0.1733312009592514,treatment,0.2,0.5,0.3148148148148148
1148,6,79,0.6465859246098743,0.19630481601392968,0.8795066754630934,treatment,0.2,0.5,0.08695652173913043
1149,6,79,0.33826751221995255,0.8638864249332017,0.17331700575062198,treatment,0.2,0.5,0.3148148148148148
1150,6,80,0.6465859246098743,0.19639961297344852,0.8797467797049362,treatment,0.2,0.5,0.08695652173913043
1151,6,80,0.33826751221995255,0.8641409959737513,0.17331181018569394,treatment,0.2,0.5,0.3148148148148148
1152,6,81,0.6465859246098743,0.19645632288373105,0.8799852932525137,treatment,0.2,0.5,0.08695652173913043
1153,6,81,0.33826751221995255,0.8643906746416211,0.1733069317401976,treatment,0.2,0.5,0.3148148148148148
1154,6,82,0.6465859246098743,0.1964895702118561,0.8802209840869967,treatment,0.2,0.5,0.08695652173913043
1155,6,82,0.33826751221995255,0.8646351637769979,0.17330232502756895,treatment,0.2,0.5,0.3148148148148148
1156,6,83,0.6465859246098743,0.19650744593857666,0.8804532349036687,treatment,0.2,0.5,0.08695652173913043
1157,6,83,0.33826751221995255,0.8648746214572808,0.17329798136680846,treatment,0.2,0.5,0.3148148148148148
1158,6,84,0.6465859246098743,0.196514794420139,0.8806817326942167,treatment,0.2,0.5,0.08695652173913043
1159,6,84,0.33826751221995255,0.8651092018879801,0.1732938924675479,treatment,0.2,0.5,0.3148148148148148
1160,6,85,0.6465859246098743,0.19651468967760974,0.8809063277781348,treatment,0.2,0.5,0.08695652173913043
1161,6,85,0.33826751221995255,0.8653390530336607,0.1732900502752805,treatment,0.2,0.5,0.3148148148148148
1162,6,86,0.6465859246098743,0.19650917343490687,0.8811269634657382,treatment,0.2,0.5,0.08695652173913043
1163,6,86,0.33826751221995255,0.8655643169169773,0.17328644696841378,treatment,0.2,0.5,0.3148148148148148
1164,6,87,0.6465859246098743,0.1964996525025198,0.8813436383109787,treatment,0.2,0.5,0.08695652173913043
1165,6,87,0.33826751221995255,0.8657851299146547,0.17328307495526105,treatment,0.2,0.5,0.3148148148148148
1166,6,88,0.6465859246098743,0.1964871258356642,0.8815563846509711,treatment,0.2,0.5,0.08695652173913043
1167,6,88,0.33826751221995255,0.8660016230359875,0.17327992687045718,treatment,0.2,0.5,0.3148148148148148
1168,6,89,0.6465859246098743,0.19647232075321674,0.8817652558247415,treatment,0.2,0.5,0.08695652173913043
1169,6,89,0.33826751221995255,0.8662139221849814,0.17327699557090842,treatment,0.2,0.5,0.3148148148148148
1170,6,90,0.6465859246098743,0.19645577806053283,0.8819703182679401,treatment,0.2,0.5,0.08695652173913043
1171,6,90,0.33826751221995255,0.8664221484072426,0.17327427413137075,treatment,0.2,0.5,0.3148148148148148
1172,6,91,0.6465859246098743,0.1964379071165499,0.882171646470509,treatment,0.2,0.5,0.08695652173913043
1173,6,91,0.33826751221995255,0.8666264181226473,0.17327175583973684,treatment,0.2,0.5,0.3148148148148148
1174,6,92,0.6465859246098743,0.19641902253423985,0.8823693196793184,treatment,0.2,0.5,0.08695652173913043
1175,6,92,0.33826751221995255,0.8668268433447338,0.173269434192102,treatment,0.2,0.5,0.3148148148148148
1176,6,93,0.6465859246098743,0.1963993692817117,0.8825634196988615,treatment,0.2,0.5,0.08695652173913043
1177,6,93,0.33826751221995255,0.8670235318877023,0.1732673028876682,treatment,0.2,0.5,0.3148148148148148
1178,6,94,0.6465859246098743,0.1963791402443071,0.8827540294021586,treatment,0.2,0.5,0.08695652173913043
1179,6,94,0.33826751221995255,0.8672165875618256,0.17326535582353525,treatment,0.2,0.5,0.3148148148148148
1180,6,95,0.6465859246098743,0.1963584887611964,0.8829412317119952,treatment,0.2,0.5,0.08695652173913043
1181,6,95,0.33826751221995255,0.8674061103580284,0.1732635870894228,treatment,0.2,0.5,0.3148148148148148
1182,6,96,0.6465859246098743,0.196337537735947,0.8831251089001068,treatment,0.2,0.5,0.08695652173913043
1183,6,96,0.33826751221995255,0.8675921966223248,0.17326199096235867,treatment,0.2,0.5,0.3148148148148148
1184,6,97,0.6465859246098743,0.19631638636417165,0.8833057421050816,treatment,0.2,0.5,0.08695652173913043
1185,6,97,0.33826751221995255,0.8677749392207657,0.17326056190136466,treatment,0.2,0.5,0.3148148148148148
1186,6,98,0.6465859246098743,0.19629511517363255,0.8834832110030257,treatment,0.2,0.5,0.08695652173913043
1187,6,98,0.33826751221995255,0.8679544276954885,0.17325929454216396,treatment,0.2,0.5,0.3148148148148148
1188,6,99,0.6465859246098743,0.19627378984963684,0.8836575935862764,treatment,0.2,0.5,0.08695652173913043
1189,6,99,0.33826751221995255,0.8681307484124284,0.17325818369193305,treatment,0.2,0.5,0.3148148148148148
1190,7,1,0.685822757740197,0.3068953839762338,0.7328272100255158,treatment,0.2,0.5,0.6111111111111112
1191,7,1,0.3308480811538629,0.6968077119663978,0.2637992337623935,treatment,0.2,0.5,0.4782608695652174
1192,7,2,0.685822757740197,0.27352942373363176,0.77263877555523,treatment,0.2,0.5,0.4444444444444444
1193,7,2,0.3308480811538629,0.710847786405769,0.2270553903729757,treatment,0.2,0.5,0.391304347826087
1194,7,3,0.685822757740197,0.2377216958447619,0.7867199650356229,treatment,0.2,0.5,0.2962962962962963
1195,7,3,0.3308480811538629,0.7171227340301742,0.21964884936147994,treatment,0.2,0.5,0.391304347826087
1196,7,4,0.685822757740197,0.2275410726781516,0.7977742998001704,treatment,0.2,0.5,0.24074074074074073
1197,7,4,0.3308480811538629,0.7360085627175108,0.21399676408022206,treatment,0.2,0.5,0.3695652173913043
1198,7,5,0.685822757740197,0.22347221348226967,0.804374313834045,treatment,0.2,0.5,0.2222222222222222
1199,7,5,0.3308480811538629,0.7457580412701976,0.21017316965754032,treatment,0.2,0.5,0.3695652173913043
1200,7,6,0.685822757740197,0.21980830939542195,0.8091973070221928,treatment,0.2,0.5,0.2222222222222222
1201,7,6,0.3308480811538629,0.7568927524789878,0.20677080327845096,treatment,0.2,0.5,0.3695652173913043
1202,7,7,0.685822757740197,0.2165260921876644,0.8133741947073885,treatment,0.2,0.5,0.2222222222222222
1203,7,7,0.3308480811538629,0.7594428498683305,0.20373152586140897,treatment,0.2,0.5,0.3695652173913043
1204,7,8,0.685822757740197,0.21358013848464594,0.8170423544984416,treatment,0.2,0.5,0.2222222222222222
1205,7,8,0.3308480811538629,0.7713154473584793,0.2010036313558122,treatment,0.2,0.5,0.3695652173913043
1206,7,9,0.685822757740197,0.20874218828487076,0.8193633017386979,treatment,0.2,0.5,0.24074074074074073
1207,7,9,0.3308480811538629,0.7705562161964339,0.19732112742031066,treatment,0.2,0.5,0.34782608695652173
1208,7,10,0.685822757740197,0.20637495356472862,0.8230591145219106,treatment,0.2,0.5,0.2222222222222222
1209,7,10,0.3308480811538629,0.7807408091679165,0.19507186270999427,treatment,0.2,0.5,0.34782608695652173
1210,7,11,0.685822757740197,0.2027978662852926,0.8248536047059557,treatment,0.2,0.5,0.24074074074074073
1211,7,11,0.3308480811538629,0.7787372803348699,0.19296699276694526,treatment,0.2,0.5,0.34782608695652173
1212,7,12,0.685822757740197,0.19953068860856812,0.8279874721308206,treatment,0.2,0.5,0.2222222222222222
1213,7,12,0.3308480811538629,0.7882065388113678,0.1895009952308458,treatment,0.2,0.5,0.32608695652173914
1214,7,13,0.685822757740197,0.1973927105057887,0.8300822414497497,treatment,0.2,0.5,0.2222222222222222
1215,7,13,0.3308480811538629,0.7894386636689252,0.18761373946612867,treatment,0.2,0.5,0.32608695652173914
1216,7,14,0.685822757740197,0.1953791203812338,0.8320414349741511,treatment,0.2,0.5,0.2222222222222222
1217,7,14,0.3308480811538629,0.7965856003720121,0.18581741084118303,treatment,0.2,0.5,0.32608695652173914
1218,7,15,0.685822757740197,0.19263814366871057,0.8331222429171503,treatment,0.2,0.5,0.24074074074074073
1219,7,15,0.3308480811538629,0.7971070926736072,0.18412650299124972,treatment,0.2,0.5,0.32608695652173914
1220,7,16,0.685822757740197,0.19121417613690822,0.8355715414132706,treatment,0.2,0.5,0.2222222222222222
1221,7,16,0.3308480811538629,0.8063322818034842,0.18254214802856164,treatment,0.2,0.5,0.32608695652173914
1222,7,17,0.685822757740197,0.189737520295381,0.8370706349915374,treatment,0.2,0.5,0.2222222222222222
1223,7,17,0.3308480811538629,0.805511850482328,0.18105918860696607,treatment,0.2,0.5,0.32608695652173914
1224,7,18,0.685822757740197,0.18830274715404016,0.8385018734000173,treatment,0.2,0.5,0.2222222222222222
1225,7,18,0.3308480811538629,0.8112780834308772,0.17967052604687997,treatment,0.2,0.5,0.32608695652173914
1226,7,19,0.685822757740197,0.1869347042715457,0.8398566571086511,treatment,0.2,0.5,0.2222222222222222
1227,7,19,0.3308480811538629,0.8149029700211585,0.17836872293613334,treatment,0.2,0.5,0.32608695652173914
1228,7,20,0.685822757740197,0.18563907169717342,0.8411345830303161,treatment,0.2,0.5,0.2222222222222222
1229,7,20,0.3308480811538629,0.8188517244875115,0.17714662254135918,treatment,0.2,0.5,0.32608695652173914
1230,7,21,0.685822757740197,0.18163087250202015,0.8410957311544605,treatment,0.2,0.5,0.25925925925925924
1231,7,21,0.3308480811538629,0.8153932324118559,0.17509858316355445,treatment,0.2,0.5,0.30434782608695654
1232,7,22,0.685822757740197,0.18092771893068046,0.8436301980650918,treatment,0.2,0.5,0.2222222222222222
1233,7,22,0.3308480811538629,0.821882318716293,0.17404788111200742,treatment,0.2,0.5,0.30434782608695654
1234,7,23,0.685822757740197,0.18101531454255454,0.8445388167883913,treatment,0.2,0.5,0.2222222222222222
1235,7,23,0.3308480811538629,0.8207413371016589,0.1736015856520496,treatment,0.2,0.5,0.32608695652173914
1236,7,24,0.685822757740197,0.17919021686762188,0.8454596031096102,treatment,0.2,0.5,0.2222222222222222
1237,7,24,0.3308480811538629,0.8247112999200823,0.1717665993275625,treatment,0.2,0.5,0.30434782608695654
1238,7,25,0.685822757740197,0.17917522418871262,0.8463637048673803,treatment,0.2,0.5,0.2222222222222222
1239,7,25,0.3308480811538629,0.8234001277151805,0.1716005078577368,treatment,0.2,0.5,0.32608695652173914
1240,7,26,0.685822757740197,0.17737441633117262,0.8472381242873814,treatment,0.2,0.5,0.2222222222222222
1241,7,26,0.3308480811538629,0.8272288727448024,0.16987919032195364,treatment,0.2,0.5,0.30434782608695654
1242,7,27,0.685822757740197,0.17666809620353496,0.8474593451263964,treatment,0.2,0.5,0.24074074074074073
1243,7,27,0.3308480811538629,0.82425167749842,0.16981094427824284,treatment,0.2,0.5,0.32608695652173914
1244,7,28,0.685822757740197,0.1752227188481113,0.8490042471811683,treatment,0.2,0.5,0.2222222222222222
1245,7,28,0.3308480811538629,0.8292876610393491,0.1681850546724039,treatment,0.2,0.5,0.30434782608695654
1246,7,29,0.685822757740197,0.17545794272931564,0.8496823522231074,treatment,0.2,0.5,0.2222222222222222
1247,7,29,0.3308480811538629,0.8278113970107073,0.16819755528701844,treatment,0.2,0.5,0.32608695652173914
1248,7,30,0.685822757740197,0.17387309257140376,0.8503663200735773,treatment,0.2,0.5,0.2222222222222222
1249,7,30,0.3308480811538629,0.8314191985039691,0.16665361406595305,treatment,0.2,0.5,0.30434782608695654
1250,7,31,0.685822757740197,0.17326964097797054,0.8504745870892295,treatment,0.2,0.5,0.24074074074074073
1251,7,31,0.3308480811538629,0.8282320264197875,0.16673556822642518,treatment,0.2,0.5,0.32608695652173914
1252,7,32,0.685822757740197,0.17200444480994626,0.8518743370681015,treatment,0.2,0.5,0.2222222222222222
1253,7,32,0.3308480811538629,0.8330927660729034,0.16526253807140345,treatment,0.2,0.5,0.30434782608695654
1254,7,33,0.685822757740197,0.17165359705287678,0.8518027806144844,treatment,0.2,0.5,0.24074074074074073
1255,7,33,0.3308480811538629,0.8299211740401448,0.1654046570738332,treatment,0.2,0.5,0.32608695652173914
1256,7,34,0.685822757740197,0.17050869190915635,0.8530981363507295,treatment,0.2,0.5,0.2222222222222222
1257,7,34,0.3308480811538629,0.8346904503262033,0.16399341051464492,treatment,0.2,0.5,0.30434782608695654
1258,7,35,0.685822757740197,0.17099498743429745,0.8535583861060912,treatment,0.2,0.5,0.2222222222222222
1259,7,35,0.3308480811538629,0.8329658434425814,0.16418798006498822,treatment,0.2,0.5,0.32608695652173914
1260,7,36,0.685822757740197,0.16964051055653628,0.8540469983761818,treatment,0.2,0.5,0.2222222222222222
1261,7,36,0.3308480811538629,0.8363415630553304,0.16283090298023437,treatment,0.2,0.5,0.30434782608695654
1262,7,37,0.685822757740197,0.17003572341226914,0.8545418481175047,treatment,0.2,0.5,0.2222222222222222
1263,7,37,0.3308480811538629,0.8344796358310791,0.16307146523773272,treatment,0.2,0.5,0.32608695652173914
1264,7,38,0.685822757740197,0.1686684731684419,0.8550320201704616,treatment,0.2,0.5,0.2222222222222222
1265,7,38,0.3308480811538629,0.8377942267172245,0.16176215477002054,treatment,0.2,0.5,0.30434782608695654
1266,7,39,0.685822757740197,0.16831592560067377,0.8549323264587217,treatment,0.2,0.5,0.24074074074074073
1267,7,39,0.3308480811538629,0.8343701355936529,0.16204326363672655,treatment,0.2,0.5,0.32608695652173914
1268,7,40,0.685822757740197,0.16725713179121485,0.856139034265645,treatment,0.2,0.5,0.2222222222222222
1269,7,40,0.3308480811538629,0.8389573029409279,0.1607762956078822,treatment,0.2,0.5,0.30434782608695654
1270,7,41,0.685822757740197,0.16701060806651566,0.8559616180307246,treatment,0.2,0.5,0.24074074074074073
1271,7,41,0.3308480811538629,0.8355429172200017,0.16109332667133835,treatment,0.2,0.5,0.32608695652173914
1272,7,42,0.685822757740197,0.1660610808712894,0.8570976306250186,treatment,0.2,0.5,0.2222222222222222
1273,7,42,0.3308480811538629,0.8400998279212825,0.15986407465127472,treatment,0.2,0.5,0.30434782608695654
1274,7,43,0.685822757740197,0.1667157485830696,0.8573959043590332,treatment,0.2,0.5,0.2222222222222222
1275,7,43,0.3308480811538629,0.8381614211447842,0.1602130762294871,treatment,0.2,0.5,0.32608695652173914
1276,7,44,0.685822757740197,0.16553700842671873,0.8577315149615118,treatment,0.2,0.5,0.2222222222222222
1277,7,44,0.3308480811538629,0.8413349005275854,0.1590175693915832,treatment,0.2,0.5,0.30434782608695654
1278,7,45,0.685822757740197,0.16533946580385783,0.8575273455671905,treatment,0.2,0.5,0.24074074074074073
1279,7,45,0.3308480811538629,0.8377886597247025,0.1593951447541063,treatment,0.2,0.5,0.32608695652173914
1280,7,46,0.685822757740197,0.16441668810296153,0.8586193065453273,treatment,0.2,0.5,0.2222222222222222
1281,7,46,0.3308480811538629,0.8422492050298469,0.15822995515861674,treatment,0.2,0.5,0.30434782608695654
1282,7,47,0.685822757740197,0.1650983879631747,0.8588770302779274,treatment,0.2,0.5,0.2222222222222222
1283,7,47,0.3308480811538629,0.8402334368834873,0.15863316860758478,treatment,0.2,0.5,0.32608695652173914
1284,7,48,0.685822757740197,0.1639660486792748,0.8591691556800113,treatment,0.2,0.5,0.2222222222222222
1285,7,48,0.3308480811538629,0.8433346980198995,0.1574953210383615,treatment,0.2,0.5,0.30434782608695654
1286,7,49,0.685822757740197,0.1645496077475133,0.8594754747940816,treatment,0.2,0.5,0.2222222222222222
1287,7,49,0.3308480811538629,0.841213443850311,0.1579216224137943,treatment,0.2,0.5,0.32608695652173914
1288,7,50,0.685822757740197,0.16338808978499686,0.8597856795845611,treatment,0.2,0.5,0.2222222222222222
1289,7,50,0.3308480811538629,0.8442827457046377,0.1568085216661466,treatment,0.2,0.5,0.30434782608695654
1290,7,51,0.685822757740197,0.16239836955018513,0.8590871483221275,treatment,0.2,0.5,0.25925925925925924
1291,7,51,0.3308480811538629,0.8393573617105546,0.1572556852017703,treatment,0.2,0.5,0.32608695652173914
1292,7,52,0.685822757740197,0.16182143367664684,0.8607776927134846,treatment,0.2,0.5,0.2222222222222222
1293,7,52,0.3308480811538629,0.844874769431182,0.15616505699641903,treatment,0.2,0.5,0.30434782608695654
1294,7,53,0.685822757740197,0.16175390671447407,0.8609020461793563,treatment,0.2,0.5,0.2222222222222222
1295,7,53,0.3308480811538629,0.8430326137779648,0.15600004099472561,treatment,0.2,0.5,0.30434782608695654
1296,7,54,0.685822757740197,0.16252231306834003,0.8610924905200675,treatment,0.2,0.5,0.2222222222222222
1297,7,54,0.3308480811538629,0.8456634671450584,0.15630112025122872,treatment,0.2,0.5,0.32608695652173914
1298,7,55,0.685822757740197,0.16148195899596235,0.8613151425461384,treatment,0.2,0.5,0.2222222222222222
1299,7,55,0.3308480811538629,0.8438409803614618,0.15523944144121152,treatment,0.2,0.5,0.30434782608695654
1300,7,56,0.685822757740197,0.16214711997664943,0.8615525715512037,treatment,0.2,0.5,0.2222222222222222
1301,7,56,0.3308480811538629,0.8464518504823471,0.15572795644057474,treatment,0.2,0.5,0.32608695652173914
1302,7,57,0.685822757740197,0.16027552195493636,0.8612685822871827,treatment,0.2,0.5,0.24074074074074073
1303,7,57,0.3308480811538629,0.843160929205071,0.15468578235044123,treatment,0.2,0.5,0.30434782608695654
1304,7,58,0.685822757740197,0.16124909500497062,0.8622498248537922,treatment,0.2,0.5,0.2222222222222222
1305,7,58,0.3308480811538629,0.8471074339769448,0.15519255537030355,treatment,0.2,0.5,0.32608695652173914
1306,7,59,0.685822757740197,0.16030218206736568,0.8623985318763723,treatment,0.2,0.5,0.2222222222222222
1307,7,59,0.3308480811538629,0.8452538861006162,0.15416677052241104,treatment,0.2,0.5,0.30434782608695654
1308,7,60,0.685822757740197,0.16102339401667734,0.8625845588176091,treatment,0.2,0.5,0.2222222222222222
1309,7,60,0.3308480811538629,0.8478255922188602,0.15468723974830903,treatment,0.2,0.5,0.32608695652173914
1310,7,61,0.685822757740197,0.15912324452085208,0.8623006634705322,treatment,0.2,0.5,0.24074074074074073
1311,7,61,0.3308480811538629,0.8444823778557127,0.1536765200392934,treatment,0.2,0.5,0.30434782608695654
1312,7,62,0.685822757740197,0.16014282965484952,0.8632548653571223,treatment,0.2,0.5,0.2222222222222222
1313,7,62,0.3308480811538629,0.8484071489415096,0.1542095423818367,treatment,0.2,0.5,0.32608695652173914
1314,7,63,0.685822757740197,0.15844336752690982,0.8628323615984712,treatment,0.2,0.5,0.24074074074074073
1315,7,63,0.3308480811538629,0.8450774107780231,0.15321270930116712,treatment,0.2,0.5,0.30434782608695654
1316,7,64,0.685822757740197,0.15869173154047703,0.8630032793677077,treatment,0.2,0.5,0.24074074074074073
1317,7,64,0.3308480811538629,0.8473029797913839,0.15375727489870608,treatment,0.2,0.5,0.32608695652173914
1318,7,65,0.685822757740197,0.15806786431494407,0.8640078492012937,treatment,0.2,0.5,0.2222222222222222
1319,7,65,0.3308480811538629,0.8469015716294418,0.15277327073458888,treatment,0.2,0.5,0.30434782608695654
1320,7,66,0.685822757740197,0.15901217997953274,0.8640690040086811,treatment,0.2,0.5,0.2222222222222222
1321,7,66,0.3308480811538629,0.849505740041716,0.15332847384222575,treatment,0.2,0.5,0.32608695652173914
1322,7,67,0.685822757740197,0.15810409732636443,0.8641811764218488,treatment,0.2,0.5,0.2222222222222222
1323,7,67,0.3308480811538629,0.8475750553495712,0.15235634650243926,treatment,0.2,0.5,0.30434782608695654
1324,7,68,0.685822757740197,0.15889045351009023,0.864320883533037,treatment,0.2,0.5,0.2222222222222222
1325,7,68,0.3308480811538629,0.8500830754545242,0.15292137242309314,treatment,0.2,0.5,0.32608695652173914
1326,7,69,0.685822757740197,0.15712332998675135,0.8639522310953134,treatment,0.2,0.5,0.24074074074074073
1327,7,69,0.3308480811538629,0.8467030972810593,0.15196026251692202,treatment,0.2,0.5,0.30434782608695654
1328,7,70,0.685822757740197,0.15819527193781868,0.8648515487985338,treatment,0.2,0.5,0.2222222222222222
1329,7,70,0.3308480811538629,0.8505527735675007,0.15253437649243318,treatment,0.2,0.5,0.32608695652173914
1330,7,71,0.685822757740197,0.1564720705742484,0.8644352075824476,treatment,0.2,0.5,0.24074074074074073
1331,7,71,0.3308480811538629,0.8471560248117944,0.15158350626922135,treatment,0.2,0.5,0.30434782608695654
1332,7,72,0.685822757740197,0.15762874290949747,0.8652955456332714,treatment,0.2,0.5,0.2222222222222222
1333,7,72,0.3308480811538629,0.8510102202260659,0.15216604395706412,treatment,0.2,0.5,0.32608695652173914
1334,7,73,0.685822757740197,0.15682072921357953,0.8653320157160886,treatment,0.2,0.5,0.2222222222222222
1335,7,73,0.3308480811538629,0.8490521811669889,0.15122470779649816,treatment,0.2,0.5,0.30434782608695654
1336,7,74,0.685822757740197,0.15766800130516373,0.8654185962719084,treatment,0.2,0.5,0.2222222222222222
1337,7,74,0.3308480811538629,0.8515233000215734,0.15181506707410805,treatment,0.2,0.5,0.32608695652173914
1338,7,75,0.685822757740197,0.15594905635232836,0.8650122449256027,treatment,0.2,0.5,0.24074074074074073
1339,7,75,0.3308480811538629,0.8481122841219054,0.15088262327945104,treatment,0.2,0.5,0.30434782608695654
1340,7,76,0.685822757740197,0.15705662839404624,0.8658773958596796,treatment,0.2,0.5,0.2222222222222222
1341,7,76,0.3308480811538629,0.8519275095485533,0.15148025716522043,treatment,0.2,0.5,0.32608695652173914
1342,7,77,0.685822757740197,0.15623522887052535,0.8659185122904272,treatment,0.2,0.5,0.2222222222222222
1343,7,77,0.3308480811538629,0.8499476936365035,0.15055612085537168,treatment,0.2,0.5,0.30434782608695654
1344,7,78,0.685822757740197,0.15706871948809417,0.8660035875332524,treatment,0.2,0.5,0.2222222222222222
1345,7,78,0.3308480811538629,0.8523979017474904,0.1511605313728283,treatment,0.2,0.5,0.32608695652173914
1346,7,79,0.685822757740197,0.15614573906976742,0.866111827073092,treatment,0.2,0.5,0.2222222222222222
1347,7,79,0.3308480811538629,0.8503968436490738,0.15024416830490459,treatment,0.2,0.5,0.30434782608695654
1348,7,80,0.685822757740197,0.156913446962615,0.8662323869944887,treatment,0.2,0.5,0.2222222222222222
1349,7,80,0.3308480811538629,0.8528368385522175,0.1508549011467224,treatment,0.2,0.5,0.32608695652173914
1350,7,81,0.685822757740197,0.15430262381952703,0.865410202299488,treatment,0.2,0.5,0.25925925925925924
1351,7,81,0.3308480811538629,0.8481619781455438,0.1499458223297453,treatment,0.2,0.5,0.30434782608695654
1352,7,82,0.685822757740197,0.15477425377250636,0.8669252632931517,treatment,0.2,0.5,0.2222222222222222
1353,7,82,0.3308480811538629,0.8533245452156651,0.14995502662736082,treatment,0.2,0.5,0.30434782608695654
1354,7,83,0.685822757740197,0.15586261773341423,0.8668812190322629,treatment,0.2,0.5,0.2222222222222222
1355,7,83,0.3308480811538629,0.8509407810426624,0.1504003653641342,treatment,0.2,0.5,0.32608695652173914
1356,7,84,0.685822757740197,0.15506720870158036,0.8669099687138448,treatment,0.2,0.5,0.2222222222222222
1357,7,84,0.3308480811538629,0.8537437678121254,0.14949999963444155,treatment,0.2,0.5,0.30434782608695654
1358,7,85,0.685822757740197,0.15592916244215008,0.8669772728734964,treatment,0.2,0.5,0.2222222222222222
1359,7,85,0.3308480811538629,0.8513353577781286,0.15012173667875867,treatment,0.2,0.5,0.32608695652173914
1360,7,86,0.685822757740197,0.15503783471521027,0.8670653686190656,treatment,0.2,0.5,0.2222222222222222
1361,7,86,0.3308480811538629,0.8541308492385823,0.1492292356764937,treatment,0.2,0.5,0.30434782608695654
1362,7,87,0.685822757740197,0.15510557725150123,0.8666648742052415,treatment,0.2,0.5,0.24074074074074073
1363,7,87,0.3308480811538629,0.8502623784408447,0.14985928504048185,treatment,0.2,0.5,0.32608695652173914
1364,7,88,0.685822757740197,0.15446870929640572,0.867507296407998,treatment,0.2,0.5,0.2222222222222222
1365,7,88,0.3308480811538629,0.8543752834801093,0.14897264670437813,treatment,0.2,0.5,0.30434782608695654
1366,7,89,0.685822757740197,0.15539096232553049,0.8675223416535887,treatment,0.2,0.5,0.2222222222222222
1367,7,89,0.3308480811538629,0.8520261902335835,0.14960740612657805,treatment,0.2,0.5,0.32608695652173914
1368,7,90,0.685822757740197,0.1545290110595714,0.8675796114128731,treatment,0.2,0.5,0.2222222222222222
1369,7,90,0.3308480811538629,0.8548076565138334,0.14872628807618937,treatment,0.2,0.5,0.30434782608695654
1370,7,91,0.685822757740197,0.15453914216281708,0.8671967114907624,treatment,0.2,0.5,0.24074074074074073
1371,7,91,0.3308480811538629,0.8509105477844912,0.1493654607021279,treatment,0.2,0.5,0.32608695652173914
1372,7,92,0.685822757740197,0.15392359282737827,0.8680307138260592,treatment,0.2,0.5,0.2222222222222222
1373,7,92,0.3308480811538629,0.8550257162368181,0.14848955291425323,treatment,0.2,0.5,0.30434782608695654
1374,7,93,0.685822757740197,0.15412285264924305,0.8675159752625795,treatment,0.2,0.5,0.24074074074074073
1375,7,93,0.3308480811538629,0.8512138025005349,0.14913287757497162,treatment,0.2,0.5,0.32608695652173914
1376,7,94,0.685822757740197,0.15356448564825673,0.8682984191739459,treatment,0.2,0.5,0.2222222222222222
1377,7,94,0.3308480811538629,0.855307537098692,0.14826189307015347,treatment,0.2,0.5,0.30434782608695654
1378,7,95,0.685822757740197,0.1545464155457833,0.8682711195987439,treatment,0.2,0.5,0.2222222222222222
1379,7,95,0.3308480811538629,0.8529399418733344,0.14890912842735113,treatment,0.2,0.5,0.32608695652173914
1380,7,96,0.685822757740197,0.15372372190130038,0.8682958255103033,treatment,0.2,0.5,0.2222222222222222
1381,7,96,0.3308480811538629,0.8557030856953822,0.1480428011349797,treatment,0.2,0.5,0.30434782608695654
1382,7,97,0.685822757740197,0.15456728517757665,0.8683488418560246,treatment,0.2,0.5,0.2222222222222222
1383,7,97,0.3308480811538629,0.8532570339058769,0.14869372380084217,treatment,0.2,0.5,0.32608695652173914
1384,7,98,0.685822757740197,0.15368402218500446,0.8684178170521422,treatment,0.2,0.5,0.2222222222222222
1385,7,98,0.3308480811538629,0.8560141512816821,0.1478318066810815,treatment,0.2,0.5,0.30434782608695654
1386,7,99,0.685822757740197,0.15373854360177439,0.8679923640310234,treatment,0.2,0.5,0.24074074074074073
1387,7,99,0.3308480811538629,0.852114325176217,0.14848620959330738,treatment,0.2,0.5,0.32608695652173914
1388,8,1,0.6914524156349967,0.3217739577688387,0.7400729694621652,treatment,0.2,0.5,0.5178571428571429
1389,8,1,0.3176275671432488,0.6935058359719751,0.2706248581912549,treatment,0.2,0.5,0.45454545454545453
1390,8,2,0.6914524156349967,0.3042534224207535,0.7744720771827386,treatment,0.2,0.5,0.35714285714285715
1391,8,2,0.3176275671432488,0.7142933013266988,0.23702662441224262,treatment,0.2,0.5,0.38636363636363635
1392,8,3,0.6914524156349967,0.24814717461974545,0.7860074171155729,treatment,0.2,0.5,0.30357142857142855
1393,8,3,0.3176275671432488,0.7197542492044443,0.22800228871705966,treatment,0.2,0.5,0.4090909090909091
1394,8,4,0.6914524156349967,0.22656968872497377,0.7938336450572744,treatment,0.2,0.5,0.26785714285714285
1395,8,4,0.3176275671432488,0.7502700344221632,0.2198860663540798,treatment,0.2,0.5,0.36363636363636365
1396,8,5,0.6914524156349967,0.2220626549468315,0.7989197249583938,treatment,0.2,0.5,0.26785714285714285
1397,8,5,0.3176275671432488,0.744217228505326,0.21559816566441173,treatment,0.2,0.5,0.36363636363636365
1398,8,6,0.6914524156349967,0.2164698617161544,0.8033432647206082,treatment,0.2,0.5,0.26785714285714285
1399,8,6,0.3176275671432488,0.7646645207920841,0.21031082527075864,treatment,0.2,0.5,0.3409090909090909
1400,8,7,0.6914524156349967,0.212614364973152,0.8072396939302185,treatment,0.2,0.5,0.26785714285714285
1401,8,7,0.3176275671432488,0.7565844049739167,0.20681882374480276,treatment,0.2,0.5,0.3409090909090909
1402,8,8,0.6914524156349967,0.20919521199869687,0.8107053088055826,treatment,0.2,0.5,0.26785714285714285
1403,8,8,0.3176275671432488,0.7756047305811941,0.2036454079638287,treatment,0.2,0.5,0.3409090909090909
1404,8,9,0.6914524156349967,0.20613240122281723,0.8138129563134905,treatment,0.2,0.5,0.26785714285714285
1405,8,9,0.3176275671432488,0.7663560692302493,0.20076305973920422,treatment,0.2,0.5,0.3409090909090909
1406,8,10,0.6914524156349967,0.20336950216507726,0.8166188626533035,treatment,0.2,0.5,0.26785714285714285
1407,8,10,0.3176275671432488,0.7843995261409805,0.19814008447066137,treatment,0.2,0.5,0.3409090909090909
1408,8,11,0.6914524156349967,0.20086249841503698,0.819167326787442,treatment,0.2,0.5,0.26785714285714285
1409,8,11,0.3176275671432488,0.7743220951066704,0.19574566402608393,treatment,0.2,0.5,0.3409090909090909
1410,8,12,0.6914524156349967,0.1985761770241806,0.8214938885924976,treatment,0.2,0.5,0.26785714285714285
1411,8,12,0.3176275671432488,0.791654200674484,0.19355237791942495,treatment,0.2,0.5,0.3409090909090909
1412,8,13,0.6914524156349967,0.19648184496397775,0.8236275042185977,treatment,0.2,0.5,0.26785714285714285
1413,8,13,0.3176275671432488,0.7809603452904903,0.19153648559840575,treatment,0.2,0.5,0.3409090909090909
1414,8,14,0.6914524156349967,0.19455578456450734,0.8255920774592906,treatment,0.2,0.5,0.26785714285714285
1415,8,14,0.3176275671432488,0.7977539623073916,0.1896775979984457,treatment,0.2,0.5,0.3409090909090909
1416,8,15,0.6914524156349967,0.19277816127051536,0.8274075647267579,treatment,0.2,0.5,0.26785714285714285
1417,8,15,0.3176275671432488,0.7865864153069584,0.18795821810020638,treatment,0.2,0.5,0.3409090909090909
1418,8,16,0.6914524156349967,0.19113222515541292,0.8290907903636268,treatment,0.2,0.5,0.26785714285714285
1419,8,16,0.3176275671432488,0.802960786535913,0.18636329648612157,treatment,0.2,0.5,0.3409090909090909
1420,8,17,0.6914524156349967,0.18960371201440784,0.830656060149317,treatment,0.2,0.5,0.26785714285714285
1421,8,17,0.3176275671432488,0.7914201589566784,0.18487984236549482,treatment,0.2,0.5,0.3409090909090909
1422,8,18,0.6914524156349967,0.18818038488523256,0.8321156309253555,treatment,0.2,0.5,0.26785714285714285
1423,8,18,0.3176275671432488,0.8074609047955555,0.18349659565281903,treatment,0.2,0.5,0.3409090909090909
1424,8,19,0.6914524156349967,0.1857235628543655,0.8332276089301044,treatment,0.2,0.5,0.2857142857142857
1425,8,19,0.3176275671432488,0.7972357735022598,0.18220375457310256,treatment,0.2,0.5,0.3409090909090909
1426,8,20,0.6914524156349967,0.18355680373469901,0.835153327943471,treatment,0.2,0.5,0.26785714285714285
1427,8,20,0.3176275671432488,0.8157467769566575,0.17999985060447823,treatment,0.2,0.5,0.3181818181818182
1428,8,21,0.6914524156349967,0.18024978531409516,0.8356787219064492,treatment,0.2,0.5,0.30357142857142855
1429,8,21,0.3176275671432488,0.8044419181431377,0.17890541406803764,treatment,0.2,0.5,0.3181818181818182
1430,8,22,0.6914524156349967,0.17972184235154107,0.837982671560644,treatment,0.2,0.5,0.26785714285714285
1431,8,22,0.3176275671432488,0.8210660366248702,0.17781307820934578,treatment,0.2,0.5,0.3181818181818182
1432,8,23,0.6914524156349967,0.17892644613962513,0.8387963018670742,treatment,0.2,0.5,0.26785714285714285
1433,8,23,0.3176275671432488,0.8098806719488322,0.17675131459074403,treatment,0.2,0.5,0.3181818181818182
1434,8,24,0.6914524156349967,0.17805659423514272,0.8396445300334703,treatment,0.2,0.5,0.26785714285714285
1435,8,24,0.3176275671432488,0.8238116992956388,0.17573135160082567,treatment,0.2,0.5,0.3181818181818182
1436,8,25,0.6914524156349967,0.1771751900293795,0.8404901083280948,treatment,0.2,0.5,0.26785714285714285
1437,8,25,0.3176275671432488,0.8124532264207478,0.17475644160434423,treatment,0.2,0.5,0.3181818181818182
1438,8,26,0.6914524156349967,0.17630739169399062,0.841315810368032,treatment,0.2,0.5,0.26785714285714285
1439,8,26,0.3176275671432488,0.8262458684465744,0.17382657176361876,treatment,0.2,0.5,0.3181818181818182
1440,8,27,0.6914524156349967,0.17546416158832204,0.8421144885709232,treatment,0.2,0.5,0.26785714285714285
1441,8,27,0.3176275671432488,0.8147601140426805,0.1729403145637034,treatment,0.2,0.5,0.3181818181818182
1442,8,28,0.6914524156349967,0.1746502404042416,0.8428833913043207,treatment,0.2,0.5,0.26785714285714285
1443,8,28,0.3176275671432488,0.8284352873698843,0.17209563775917636,treatment,0.2,0.5,0.3181818181818182
1444,8,29,0.6914524156349967,0.17386736802408048,0.843621860180904,treatment,0.2,0.5,0.26785714285714285
1445,8,29,0.3176275671432488,0.8168408827655333,0.17129028592339646,treatment,0.2,0.5,0.3181818181818182
1446,8,30,0.6914524156349967,0.1731157503211987,0.8443302845755719,treatment,0.2,0.5,0.26785714285714285
1447,8,30,0.3176275671432488,0.830415355268087,0.17052196809503284,treatment,0.2,0.5,0.3181818181818182
1448,8,31,0.6914524156349967,0.17239478677789707,0.8450095855068309,treatment,0.2,0.5,0.26785714285714285
1449,8,31,0.3176275671432488,0.8187274356563379,0.16978845131020318,treatment,0.2,0.5,0.3181818181818182
1450,8,32,0.6914524156349967,0.17170345451778937,0.845660945218822,treatment,0.2,0.5,0.26785714285714285
1451,8,32,0.3176275671432488,0.8322149057823512,0.16908760607385276,treatment,0.2,0.5,0.3181818181818182
1452,8,33,0.6914524156349967,0.1710405202160073,0.8462856595797711,treatment,0.2,0.5,0.26785714285714285
1453,8,33,0.3176275671432488,0.8204459009452312,0.16841742641957896,treatment,0.2,0.5,0.3181818181818182
1454,8,34,0.6914524156349967,0.17040466060271417,0.8468850554942453,treatment,0.2,0.5,0.26785714285714285
1455,8,34,0.3176275671432488,0.8338576746041304,0.16777603626807797,treatment,0.2,0.5,0.3181818181818182
1456,8,35,0.6914524156349967,0.16979453214643017,0.8474604442966152,treatment,0.2,0.5,0.26785714285714285
1457,8,35,0.3176275671432488,0.8220178918042738,0.16716168837913203,treatment,0.2,0.5,0.3181818181818182
1458,8,36,0.6914524156349967,0.16920881144876634,0.8480130957482387,treatment,0.2,0.5,0.26785714285714285
1459,8,36,0.3176275671432488,0.8353633863169795,0.166572759381718,treatment,0.2,0.5,0.3181818181818182
1460,8,37,0.6914524156349967,0.16864621828743465,0.8485442241323226,treatment,0.2,0.5,0.26785714285714285
1461,8,37,0.3176275671432488,0.8234614476289009,0.16600774285064215,treatment,0.2,0.5,0.3181818181818182
1462,8,38,0.6914524156349967,0.1681055281703391,0.8490549815711175,treatment,0.2,0.5,0.26785714285714285
1463,8,38,0.3176275671432488,0.8367485725889733,0.1654652415538081,treatment,0.2,0.5,0.3181818181818182
1464,8,39,0.6914524156349967,0.16758557846669866,0.8495464556889577,treatment,0.2,0.5,0.26785714285714285
1465,8,39,0.3176275671432488,0.8247917476920811,0.16494395951201052,treatment,0.2,0.5,0.3181818181818182
1466,8,40,0.6914524156349967,0.16622096265682915,0.8496996656101359,treatment,0.2,0.5,0.2857142857142857
1467,8,40,0.3176275671432488,0.836884491487617,0.16444269423233634,treatment,0.2,0.5,0.3181818181818182
1468,8,41,0.6914524156349967,0.16604940418764746,0.8508061075854698,treatment,0.2,0.5,0.26785714285714285
1469,8,41,0.3176275671432488,0.825932748369971,0.1639603293105064,treatment,0.2,0.5,0.3181818181818182
1470,8,42,0.6914524156349967,0.16573908643531401,0.8511326616802639,treatment,0.2,0.5,0.26785714285714285
1471,8,42,0.3176275671432488,0.8391305681995435,0.1634958274989578,treatment,0.2,0.5,0.3181818181818182
1472,8,43,0.6914524156349967,0.16366672089406273,0.8508380959712277,treatment,0.2,0.5,0.30357142857142855
1473,8,43,0.3176275671432488,0.8249338760972822,0.16304822427891605,treatment,0.2,0.5,0.3181818181818182
1474,8,44,0.6914524156349967,0.16391323089185225,0.8524474527889184,treatment,0.2,0.5,0.26785714285714285
1475,8,44,0.3176275671432488,0.8400667040175627,0.16261662194027446,treatment,0.2,0.5,0.3181818181818182
1476,8,45,0.6914524156349967,0.16384553562248402,0.8526075063774741,treatment,0.2,0.5,0.26785714285714285
1477,8,45,0.3176275671432488,0.8280020931892007,0.16220018415336407,treatment,0.2,0.5,0.3181818181818182
1478,8,46,0.6914524156349967,0.163656735498713,0.8528431768020274,treatment,0.2,0.5,0.26785714285714285
1479,8,46,0.3176275671432488,0.8411174814978483,0.16179813100596122,treatment,0.2,0.5,0.3181818181818182
1480,8,47,0.6914524156349967,0.16341219599023962,0.8531151112164684,treatment,0.2,0.5,0.26785714285714285
1481,8,47,0.3176275671432488,0.8289982533301845,0.16140973447365892,treatment,0.2,0.5,0.3181818181818182
1482,8,48,0.6914524156349967,0.16314018325531984,0.8534034103662709,treatment,0.2,0.5,0.26785714285714285
1483,8,48,0.3176275671432488,0.8420800694413303,0.16103431428985931,treatment,0.2,0.5,0.3181818181818182
1484,8,49,0.6914524156349967,0.16285482507131352,0.8536981965973174,treatment,0.2,0.5,0.26785714285714285
1485,8,49,0.3176275671432488,0.8299290496471626,0.16067123418177842,treatment,0.2,0.5,0.3181818181818182
1486,8,50,0.6914524156349967,0.16256387503579833,0.853994112521411,treatment,0.2,0.5,0.26785714285714285
1487,8,50,0.3176275671432488,0.8429806274673318,0.16031989844014877,treatment,0.2,0.5,0.3181818181818182
1488,8,51,0.6914524156349967,0.16227186322882536,0.8542880800258719,treatment,0.2,0.5,0.26785714285714285
1489,8,51,0.3176275671432488,0.8308008218366674,0.15997974879222682,treatment,0.2,0.5,0.3181818181818182
1490,8,52,0.6914524156349967,0.1619815480843445,0.854578269083653,treatment,0.2,0.5,0.26785714285714285
1491,8,52,0.3176275671432488,0.8438249744638937,0.15965026154993342,treatment,0.2,0.5,0.3181818181818182
1492,8,53,0.6914524156349967,0.16169465146310852,0.8548635765137325,treatment,0.2,0.5,0.26785714285714285
1493,8,53,0.3176275671432488,0.8316190196433021,0.1593309450072679,treatment,0.2,0.5,0.3181818181818182
1494,8,54,0.6914524156349967,0.1614122588113355,0.8551433427383773,treatment,0.2,0.5,0.26785714285714285
1495,8,54,0.3176275671432488,0.8446182209436697,0.15902133706342197,treatment,0.2,0.5,0.3181818181818182
1496,8,55,0.6914524156349967,0.16113504989627264,0.855417188796889,treatment,0.2,0.5,0.26785714285714285
1497,8,55,0.3176275671432488,0.8323884404278711,0.158721003050202,treatment,0.2,0.5,0.3181818181818182
1498,8,56,0.6914524156349967,0.16086343819523677,0.8556849181199644,treatment,0.2,0.5,0.26785714285714285
1499,8,56,0.3176275671432488,0.845364874811979,0.1584295337444125,treatment,0.2,0.5,0.3181818181818182
1500,8,57,0.6914524156349967,0.16173413516730886,0.8559464550485291,treatment,0.2,0.5,0.26785714285714285
1501,8,57,0.3176275671432488,0.8343738906538689,0.15848700700535645,treatment,0.2,0.5,0.3409090909090909
1502,8,58,0.6914524156349967,0.16157346274788448,0.8562018051286638,treatment,0.2,0.5,0.26785714285714285
1503,8,58,0.3176275671432488,0.8466953902289834,0.15809643401955398,treatment,0.2,0.5,0.3409090909090909
1504,8,59,0.6914524156349967,0.16027829215740078,0.8564510287952659,treatment,0.2,0.5,0.26785714285714285
1505,8,59,0.3176275671432488,0.83457002293814,0.15699978870052414,treatment,0.2,0.5,0.3181818181818182
1506,8,60,0.6914524156349967,0.1600217371356811,0.8566942235500579,treatment,0.2,0.5,0.26785714285714285
1507,8,60,0.3176275671432488,0.8475722294379793,0.1569343082444693,treatment,0.2,0.5,0.3181818181818182
1508,8,61,0.6914524156349967,0.16009649235754608,0.8566378796771306,treatment,0.2,0.5,0.2857142857142857
1509,8,61,0.3176275671432488,0.8338345415008739,0.15738158474684052,treatment,0.2,0.5,0.3409090909090909
1510,8,62,0.6914524156349967,0.15910970829449325,0.8575190519644446,treatment,0.2,0.5,0.26785714285714285
1511,8,62,0.3176275671432488,0.847974960306609,0.15630754816696182,treatment,0.2,0.5,0.3181818181818182
1512,8,63,0.6914524156349967,0.158146216874216,0.8571336712728167,treatment,0.2,0.5,0.2857142857142857
1513,8,63,0.3176275671432488,0.834491489077049,0.1562603668978978,treatment,0.2,0.5,0.3181818181818182
1514,8,64,0.6914524156349967,0.15826730457936272,0.8580676681342501,treatment,0.2,0.5,0.26785714285714285
1515,8,64,0.3176275671432488,0.848598594447191,0.15614436532219297,treatment,0.2,0.5,0.3181818181818182
1516,8,65,0.6914524156349967,0.15778124324103734,0.8575093438311766,treatment,0.2,0.5,0.30357142857142855
1517,8,65,0.3176275671432488,0.8338050224170671,0.1564931916210632,treatment,0.2,0.5,0.3409090909090909
1518,8,66,0.6914524156349967,0.1572114927511326,0.8588839923077469,treatment,0.2,0.5,0.26785714285714285
1519,8,66,0.3176275671432488,0.8488711375663663,0.15544174018120901,treatment,0.2,0.5,0.3181818181818182
1520,8,67,0.6914524156349967,0.15735310168464747,0.8588295103337819,treatment,0.2,0.5,0.26785714285714285
1521,8,67,0.3176275671432488,0.8366480081606753,0.1554171058470345,treatment,0.2,0.5,0.3181818181818182
1522,8,68,0.6914524156349967,0.1573689382723103,0.8588655569327518,treatment,0.2,0.5,0.26785714285714285
1523,8,68,0.3176275671432488,0.8495748080392321,0.15532310713556205,treatment,0.2,0.5,0.3181818181818182
1524,8,69,0.6914524156349967,0.15849516838396685,0.8589499233064871,treatment,0.2,0.5,0.26785714285714285
1525,8,69,0.3176275671432488,0.8369840003773085,0.15568813864979128,treatment,0.2,0.5,0.3409090909090909
1526,8,70,0.6914524156349967,0.15736582366529778,0.8590609354311519,treatment,0.2,0.5,0.26785714285714285
1527,8,70,0.3176275671432488,0.8499962532435803,0.1546576296916799,treatment,0.2,0.5,0.3181818181818182
1528,8,71,0.6914524156349967,0.15724465954952693,0.8591874935568359,treatment,0.2,0.5,0.26785714285714285
1529,8,71,0.3176275671432488,0.8377051378417106,0.15465315535390559,treatment,0.2,0.5,0.3181818181818182
1530,8,72,0.6914524156349967,0.1582660163112255,0.8593233318685961,treatment,0.2,0.5,0.26785714285714285
1531,8,72,0.3176275671432488,0.8503030452780174,0.15514453998978647,treatment,0.2,0.5,0.3409090909090909
1532,8,73,0.6914524156349967,0.15709150749674544,0.8594646574960297,treatment,0.2,0.5,0.26785714285714285
1533,8,73,0.3176275671432488,0.8380816748424859,0.1541295029262541,treatment,0.2,0.5,0.3181818181818182
1534,8,74,0.6914524156349967,0.15694130300362857,0.8596090538526185,treatment,0.2,0.5,0.26785714285714285
1535,8,74,0.3176275671432488,0.8509918870584596,0.15413908862433334,treatment,0.2,0.5,0.3181818181818182
1536,8,75,0.6914524156349967,0.1579294599441788,0.8597549211512225,treatment,0.2,0.5,0.26785714285714285
1537,8,75,0.3176275671432488,0.8383576563993634,0.15464378340369786,treatment,0.2,0.5,0.3409090909090909
1538,8,76,0.6914524156349967,0.15674498833425493,0.8599011694918767,treatment,0.2,0.5,0.26785714285714285
1539,8,76,0.3176275671432488,0.8513384005591025,0.15364102703099713,treatment,0.2,0.5,0.3181818181818182
1540,8,77,0.6914524156349967,0.15658909523754422,0.8600470404760779,treatment,0.2,0.5,0.26785714285714285
1541,8,77,0.3176275671432488,0.8390165607318765,0.15366246079716406,treatment,0.2,0.5,0.3181818181818182
1542,8,78,0.6914524156349967,0.15756495002068904,0.8601919985124903,treatment,0.2,0.5,0.26785714285714285
1543,8,78,0.3176275671432488,0.8515854606059045,0.15417664949833168,treatment,0.2,0.5,0.3409090909090909
1544,8,79,0.6914524156349967,0.15638098954847343,0.8603356619365213,treatment,0.2,0.5,0.26785714285714285
1545,8,79,0.3176275671432488,0.8393351195696358,0.15318498170972814,treatment,0.2,0.5,0.3181818181818182
1546,8,80,0.6914524156349967,0.15622701563135435,0.8604777578909807,treatment,0.2,0.5,0.26785714285714285
1547,8,80,0.3176275671432488,0.8522173305051516,0.15321712928306236,treatment,0.2,0.5,0.3181818181818182
1548,8,81,0.6914524156349967,0.1571987470588744,0.8606180919238847,treatment,0.2,0.5,0.26785714285714285
1549,8,81,0.3176275671432488,0.8395560306674642,0.15373984920091835,treatment,0.2,0.5,0.3409090909090909
1550,8,82,0.6914524156349967,0.15512056162903817,0.8604777083537485,treatment,0.2,0.5,0.2857142857142857
1551,8,82,0.3176275671432488,0.8513558314359666,0.15275823434914215,treatment,0.2,0.5,0.3181818181818182
1552,8,83,0.6914524156349967,0.15528243410994327,0.8612636025670101,treatment,0.2,0.5,0.26785714285714285
1553,8,83,0.3176275671432488,0.840073969513434,0.15280010578649741,treatment,0.2,0.5,0.3181818181818182
1554,8,84,0.6914524156349967,0.15529486243616145,0.8612839469792581,treatment,0.2,0.5,0.26785714285714285
1555,8,84,0.3176275671432488,0.8529230346462442,0.15276994550401932,treatment,0.2,0.5,0.3181818181818182
1556,8,85,0.6914524156349967,0.15638179877758088,0.8613466097248262,treatment,0.2,0.5,0.26785714285714285
1557,8,85,0.3176275671432488,0.8402312587418297,0.15318787193228445,treatment,0.2,0.5,0.3409090909090909
1558,8,86,0.6914524156349967,0.1543683617986937,0.8611352212549299,treatment,0.2,0.5,0.2857142857142857
1559,8,86,0.3176275671432488,0.852015024307539,0.15221660512478905,treatment,0.2,0.5,0.3181818181818182
1560,8,87,0.6914524156349967,0.1536825091124196,0.8615600165776002,treatment,0.2,0.5,0.2857142857142857
1561,8,87,0.3176275671432488,0.8395767949582698,0.15226936070373048,treatment,0.2,0.5,0.3181818181818182
1562,8,88,0.6914524156349967,0.15404326537526078,0.8622155766112216,treatment,0.2,0.5,0.26785714285714285
1563,8,88,0.3176275671432488,0.8534730836402741,0.15225008504966772,treatment,0.2,0.5,0.3181818181818182
1564,8,89,0.6914524156349967,0.15535060294331046,0.862146655186484,treatment,0.2,0.5,0.26785714285714285
1565,8,89,0.3176275671432488,0.8408079513581785,0.15267483987913938,treatment,0.2,0.5,0.3409090909090909
1566,8,90,0.6914524156349967,0.15434717393033118,0.8621451290820322,treatment,0.2,0.5,0.26785714285714285
1567,8,90,0.3176275671432488,0.8537351753605712,0.15171435301607128,treatment,0.2,0.5,0.3181818181818182
1568,8,91,0.6914524156349967,0.15432575410862598,0.8621803193173181,treatment,0.2,0.5,0.26785714285714285
1569,8,91,0.3176275671432488,0.8413617444269641,0.15177756669003462,treatment,0.2,0.5,0.3181818181818182
1570,8,92,0.6914524156349967,0.15541998164953919,0.862236630404114,treatment,0.2,0.5,0.26785714285714285
1571,8,92,0.3176275671432488,0.8538800171563175,0.1523227591366121,treatment,0.2,0.5,0.3409090909090909
1572,8,93,0.6914524156349967,0.1543213360517452,0.8623059063027824,treatment,0.2,0.5,0.26785714285714285
1573,8,93,0.3176275671432488,0.8415815391033035,0.15137129358393872,treatment,0.2,0.5,0.3181818181818182
1574,8,94,0.6914524156349967,0.15424102329605055,0.8623834579635669,treatment,0.2,0.5,0.26785714285714285
1575,8,94,0.3176275671432488,0.8544170870939237,0.1514423986795348,treatment,0.2,0.5,0.3181818181818182
1576,8,95,0.6914524156349967,0.15528201170130126,0.8624663970893851,treatment,0.2,0.5,0.26785714285714285
1577,8,95,0.3176275671432488,0.8417105334949558,0.15199572796903169,treatment,0.2,0.5,0.3409090909090909
1578,8,96,0.6914524156349967,0.15415961571741482,0.8625528500394996,treatment,0.2,0.5,0.26785714285714285
1579,8,96,0.3176275671432488,0.8546211988241498,0.15105087047080648,treatment,0.2,0.5,0.3181818181818182
1580,8,97,0.6914524156349967,0.15406291781071732,0.8626415518624506,treatment,0.2,0.5,0.26785714285714285
1581,8,97,0.3176275671432488,0.8422314324586941,0.15112839124382393,treatment,0.2,0.5,0.3181818181818182
1582,8,98,0.6914524156349967,0.15508347968838818,0.8627316213698487,treatment,0.2,0.5,0.26785714285714285
1583,8,98,0.3176275671432488,0.8547344708046342,0.15168667116734483,treatment,0.2,0.5,0.3409090909090909
1584,8,99,0.6914524156349967,0.15395426095552225,0.8628224292944241,treatment,0.2,0.5,0.26785714285714285
1585,8,99,0.3176275671432488,0.8424202503583083,0.1507478930034009,treatment,0.2,0.5,0.3181818181818182
1586,9,1,0.6970545418502022,0.31183097743791166,0.7449489287959757,treatment,0.2,0.5,0.5
1587,9,1,0.33052838453426564,0.6772520148486806,0.26514242554048134,treatment,0.2,0.5,0.5483870967741935
1588,9,2,0.6970545418502022,0.29195913877539276,0.7808914287110881,treatment,0.2,0.5,0.3684210526315789
1589,9,2,0.33052838453426564,0.6973095471539374,0.22767189013125627,treatment,0.2,0.5,0.4032258064516129
1590,9,3,0.6970545418502022,0.2522616887243259,0.7930792922702625,treatment,0.2,0.5,0.3157894736842105
1591,9,3,0.33052838453426564,0.7113268258997548,0.22087751685618856,treatment,0.2,0.5,0.3709677419354839
1592,9,4,0.6970545418502022,0.23914676652457265,0.8041332039774105,treatment,0.2,0.5,0.2631578947368421
1593,9,4,0.33052838453426564,0.7274385320141978,0.2156709141593774,treatment,0.2,0.5,0.3225806451612903
1594,9,5,0.6970545418502022,0.23415937959187322,0.8103044969214741,treatment,0.2,0.5,0.2631578947368421
1595,9,5,0.33052838453426564,0.7342914870538296,0.21153847126459824,treatment,0.2,0.5,0.3225806451612903
1596,9,6,0.6970545418502022,0.23026677697923129,0.8155745621722557,treatment,0.2,0.5,0.2631578947368421
1597,9,6,0.33052838453426564,0.7431723052882746,0.20895804248978428,treatment,0.2,0.5,0.3225806451612903
1598,9,7,0.6970545418502022,0.22684534910898843,0.8201646213437055,treatment,0.2,0.5,0.2631578947368421
1599,9,7,0.33052838453426564,0.7530911954616988,0.20661589071914455,treatment,0.2,0.5,0.3225806451612903
1600,9,8,0.6970545418502022,0.22380367333708387,0.8242148101445957,treatment,0.2,0.5,0.2631578947368421
1601,9,8,0.33052838453426564,0.7614533187115243,0.2044933466583302,treatment,0.2,0.5,0.3225806451612903
1602,9,9,0.6970545418502022,0.22107712611467403,0.8278251594474493,treatment,0.2,0.5,0.2631578947368421
1603,9,9,0.33052838453426564,0.7689812432414154,0.202568759821931,treatment,0.2,0.5,0.3225806451612903
1604,9,10,0.6970545418502022,0.2186165654399083,0.8310700268723399,treatment,0.2,0.5,0.2631578947368421
1605,9,10,0.33052838453426564,0.7758176749898172,0.20081861956649882,treatment,0.2,0.5,0.3225806451612903
1606,9,11,0.6970545418502022,0.21638338500238719,0.8340064544580966,treatment,0.2,0.5,0.2631578947368421
1607,9,11,0.33052838453426564,0.7821177036274828,0.19922141151220366,treatment,0.2,0.5,0.3225806451612903
1608,9,12,0.6970545418502022,0.21434655788593054,0.8366792993737574,treatment,0.2,0.5,0.2631578947368421
1609,9,12,0.33052838453426564,0.7879300754382284,0.19775840783868653,treatment,0.2,0.5,0.3225806451612903
1610,9,13,0.6970545418502022,0.21311473769313985,0.839124544082917,treatment,0.2,0.5,0.2631578947368421
1611,9,13,0.33052838453426564,0.791158707492921,0.19622100639264473,treatment,0.2,0.5,0.3387096774193548
1612,9,14,0.6970545418502022,0.20974584862213277,0.8413715242210781,treatment,0.2,0.5,0.2631578947368421
1613,9,14,0.33052838453426564,0.7967124634235926,0.1937327228062853,treatment,0.2,0.5,0.3064516129032258
1614,9,15,0.6970545418502022,0.20696727556466157,0.8434444819502732,treatment,0.2,0.5,0.2631578947368421
1615,9,15,0.33052838453426564,0.7992833627619502,0.19194801738123363,treatment,0.2,0.5,0.2903225806451613
1616,9,16,0.6970545418502022,0.20309940119349462,0.8453636813715489,treatment,0.2,0.5,0.2631578947368421
1617,9,16,0.33052838453426564,0.8021750933486292,0.1893288453206287,treatment,0.2,0.5,0.25806451612903225
1618,9,17,0.6970545418502022,0.20108555582556642,0.8471462294811228,treatment,0.2,0.5,0.2631578947368421
1619,9,17,0.33052838453426564,0.8069819200218413,0.18813393657002642,treatment,0.2,0.5,0.25806451612903225
1620,9,18,0.6970545418502022,0.1992225259623705,0.8488066931521162,treatment,0.2,0.5,0.2631578947368421
1621,9,18,0.33052838453426564,0.8088757265303038,0.186906558080333,treatment,0.2,0.5,0.25806451612903225
1622,9,19,0.6970545418502022,0.1974877072366139,0.8503575711687238,treatment,0.2,0.5,0.2631578947368421
1623,9,19,0.33052838453426564,0.8111462396680208,0.18570145360758408,treatment,0.2,0.5,0.25806451612903225
1624,9,20,0.6970545418502022,0.19586782432233504,0.8518096609719471,treatment,0.2,0.5,0.2631578947368421
1625,9,20,0.33052838453426564,0.8132749941501249,0.18454106694566833,treatment,0.2,0.5,0.25806451612903225
1626,9,21,0.6970545418502022,0.1943514701639347,0.8531723474559251,treatment,0.2,0.5,0.2631578947368421
1627,9,21,0.33052838453426564,0.8152725338769632,0.18343330049863832,treatment,0.2,0.5,0.25806451612903225
1628,9,22,0.6970545418502022,0.19292875409363613,0.8544538330884394,treatment,0.2,0.5,0.2631578947368421
1629,9,22,0.33052838453426564,0.8171508196429927,0.18237991050202687,treatment,0.2,0.5,0.25806451612903225
1630,9,23,0.6970545418502022,0.1915910479010016,0.8556613232133382,treatment,0.2,0.5,0.2631578947368421
1631,9,23,0.33052838453426564,0.8189203873363792,0.18137989322948825,treatment,0.2,0.5,0.25806451612903225
1632,9,24,0.6970545418502022,0.1903307833828615,0.8568011766733131,treatment,0.2,0.5,0.2631578947368421
1633,9,24,0.33052838453426564,0.820590545377468,0.18043099824842954,treatment,0.2,0.5,0.25806451612903225
1634,9,25,0.6970545418502022,0.18914128907068098,0.8578790292857698,treatment,0.2,0.5,0.2631578947368421
1635,9,25,0.33052838453426564,0.8221695518545684,0.1795304531909155,treatment,0.2,0.5,0.25806451612903225
1636,9,26,0.6970545418502022,0.1880166572564921,0.8588998958462221,treatment,0.2,0.5,0.2631578947368421
1637,9,26,0.33052838453426564,0.8236647612610385,0.17867532566400424,treatment,0.2,0.5,0.25806451612903225
1638,9,27,0.6970545418502022,0.18695163473883858,0.8598682549870358,treatment,0.2,0.5,0.2631578947368421
1639,9,27,0.33052838453426564,0.825082746820898,0.17786270693201606,treatment,0.2,0.5,0.25806451612903225
1640,9,28,0.6970545418502022,0.18594153234277697,0.8607881202294445,treatment,0.2,0.5,0.2631578947368421
1641,9,28,0.33052838453426564,0.826429403111162,0.17708980382962858,treatment,0.2,0.5,0.25806451612903225
1642,9,29,0.6970545418502022,0.1849821494464642,0.861663099829562,treatment,0.2,0.5,0.2631578947368421
1643,9,29,0.33052838453426564,0.8277100326572604,0.1763539818713589,treatment,0.2,0.5,0.25806451612903225
1644,9,30,0.6970545418502022,0.18406971061047728,0.8624964474636102,treatment,0.2,0.5,0.2631578947368421
1645,9,30,0.33052838453426564,0.8289294193988016,0.17565278192313288,treatment,0.2,0.5,0.25806451612903225
1646,9,31,0.6970545418502022,0.18410527744257862,0.8632911053744644,treatment,0.2,0.5,0.2631578947368421
1647,9,31,0.33052838453426564,0.8314511138157494,0.17511895328743762,treatment,0.2,0.5,0.27419354838709675
1648,9,32,0.6970545418502022,0.1833796923586995,0.8640497412761272,treatment,0.2,0.5,0.2631578947368421
1649,9,32,0.33052838453426564,0.8320012281385323,0.17452810479671407,treatment,0.2,0.5,0.27419354838709675
1650,9,33,0.6970545418502022,0.18268377600350366,0.864774780060123,treatment,0.2,0.5,0.2631578947368421
1651,9,33,0.33052838453426564,0.8330284993510556,0.17401750844987052,treatment,0.2,0.5,0.27419354838709675
1652,9,34,0.6970545418502022,0.1820186684424634,0.8654684311500314,treatment,0.2,0.5,0.2631578947368421
1653,9,34,0.33052838453426564,0.834013967434213,0.17352840988146073,treatment,0.2,0.5,0.27419354838709675
1654,9,35,0.6970545418502022,0.18138237244813435,0.8661327121943992,treatment,0.2,0.5,0.2631578947368421
1655,9,35,0.33052838453426564,0.83495745143386,0.17305934981558058,treatment,0.2,0.5,0.27419354838709675
1656,9,36,0.6970545418502022,0.1807730492352464,0.8667694696643305,treatment,0.2,0.5,0.2631578947368421
1657,9,36,0.33052838453426564,0.8358615798396395,0.1726091879094403,treatment,0.2,0.5,0.27419354838709675
1658,9,37,0.6970545418502022,0.18018901417958696,0.8673803968229067,treatment,0.2,0.5,0.2631578947368421
1659,9,37,0.33052838453426564,0.8367287797533124,0.17217685939213018,treatment,0.2,0.5,0.27419354838709675
1660,9,38,0.6970545418502022,0.17962872090658433,0.8679670494537985,treatment,0.2,0.5,0.2631578947368421
1661,9,38,0.33052838453426564,0.8375612814574404,0.17176137022254268,treatment,0.2,0.5,0.27419354838709675
1662,9,39,0.6970545418502022,0.17909074728482668,0.8685308596718272,treatment,0.2,0.5,0.2631578947368421
1663,9,39,0.33052838453426564,0.8383611380301251,0.17136179288504635,treatment,0.2,0.5,0.27419354838709675
1664,9,40,0.6970545418502022,0.17857378310391786,0.8690731480856099,treatment,0.2,0.5,0.2631578947368421
1665,9,40,0.33052838453426564,0.8391302427227507,0.17097726207611993,treatment,0.2,0.5,0.27419354838709675
1666,9,41,0.6970545418502022,0.1780766192027893,0.869595134539394,treatment,0.2,0.5,0.2631578947368421
1667,9,41,0.33052838453426564,0.8398703443175188,0.17060697043909387,treatment,0.2,0.5,0.27419354838709675
1668,9,42,0.6970545418502022,0.17759813785121487,0.8700979476257562,treatment,0.2,0.5,0.2631578947368421
1669,9,42,0.33052838453426564,0.8405830607352374,0.17025016444510374,treatment,0.2,0.5,0.27419354838709675
1670,9,43,0.6970545418502022,0.17713730421766272,0.8705826331315981,treatment,0.2,0.5,0.2631578947368421
1671,9,43,0.33052838453426564,0.8412698911233153,0.16990614047692443,treatment,0.2,0.5,0.27419354838709675
1672,9,44,0.6970545418502022,0.1766931587817865,0.8710501615555755,treatment,0.2,0.5,0.2631578947368421
1673,9,44,0.33052838453426564,0.8419322266197553,0.16957424114523328,treatment,0.2,0.5,0.27419354838709675
1674,9,45,0.6970545418502022,0.17626481057078422,0.8715014348148602,treatment,0.2,0.5,0.2631578947368421
1675,9,45,0.33052838453426564,0.8425713599604155,0.16925385184922803,treatment,0.2,0.5,0.27419354838709675
1676,9,46,0.6970545418502022,0.17585143111633683,0.8719372922422037,treatment,0.2,0.5,0.2631578947368421
1677,9,46,0.33052838453426564,0.8431884940729184,0.16894439758222915,treatment,0.2,0.5,0.27419354838709675
1678,9,47,0.6970545418502022,0.17545224904349785,0.8723585159600316,treatment,0.2,0.5,0.2631578947368421
1679,9,47,0.33052838453426564,0.8437847497804999,0.16864533997582162,treatment,0.2,0.5,0.27419354838709675
1680,9,48,0.6970545418502022,0.17506654521524226,0.872765835706316,treatment,0.2,0.5,0.2631578947368421
1681,9,48,0.33052838453426564,0.8443611727221308,0.1683561745718435,treatment,0.2,0.5,0.27419354838709675
1682,9,49,0.6970545418502022,0.17469364836680948,0.8731599331768187,treatment,0.2,0.5,0.2631578947368421
1683,9,49,0.33052838453426564,0.8449187395808787,0.16807642830916175,treatment,0.2,0.5,0.27419354838709675
1684,9,50,0.6970545418502022,0.17433293117280715,0.8735414459396933,treatment,0.2,0.5,0.2631578947368421
1685,9,50,0.33052838453426564,0.8454583637002839,0.1678056572110556,treatment,0.2,0.5,0.27419354838709675
1686,9,51,0.6970545418502022,0.17398380669756247,0.8739109709710885,treatment,0.2,0.5,0.2631578947368421
1687,9,51,0.33052838453426564,0.8459809001581182,0.16754344425872394,treatment,0.2,0.5,0.27419354838709675
1688,9,52,0.6970545418502022,0.1736457251856127,0.8742690678541483,treatment,0.2,0.5,0.2631578947368421
1689,9,52,0.33052838453426564,0.8464871503580097,0.16728939743665186,treatment,0.2,0.5,0.27419354838709675
1690,9,53,0.6970545418502022,0.17331817115471604,0.8746162616784264,treatment,0.2,0.5,0.2631578947368421
1691,9,53,0.33052838453426564,0.8469778661917908,0.1670431479361143,treatment,0.2,0.5,0.27419354838709675
1692,9,54,0.6970545418502022,0.17300066075847212,0.8749530456721307,treatment,0.2,0.5,0.2631578947368421
1693,9,54,0.33052838453426564,0.8474537538188769,0.166804348503828,treatment,0.2,0.5,0.27419354838709675
1694,9,55,0.6970545418502022,0.17269273938968885,0.8752798835956386,treatment,0.2,0.5,0.2631578947368421
1695,9,55,0.33052838453426564,0.8479154771033376,0.16657267192359557,treatment,0.2,0.5,0.27419354838709675
1696,9,56,0.6970545418502022,0.17239397949913246,0.8755972119213087,treatment,0.2,0.5,0.2631578947368421
1697,9,56,0.33052838453426564,0.8483636607444333,0.1663478096196574,treatment,0.2,0.5,0.27419354838709675
1698,9,57,0.6970545418502022,0.17210397860731785,0.875905441821628,treatment,0.2,0.5,0.2631578947368421
1699,9,57,0.33052838453426564,0.8487988931321728,0.16612947037133888,treatment,0.2,0.5,0.27419354838709675
1700,9,58,0.6970545418502022,0.17182235748961946,0.8762049609851755,treatment,0.2,0.5,0.2631578947368421
1701,9,58,0.33052838453426564,0.8492217289557626,0.16591737912942722,treatment,0.2,0.5,0.27419354838709675
1702,9,59,0.6970545418502022,0.17154875851726348,0.8764961352776345,treatment,0.2,0.5,0.2631578947368421
1703,9,59,0.33052838453426564,0.8496326915896362,0.16571127592551826,treatment,0.2,0.5,0.27419354838709675
1704,9,60,0.6970545418502022,0.17128284413874462,0.8767793102631325,treatment,0.2,0.5,0.2631578947368421
1705,9,60,0.33052838453426564,0.850032275278948,0.1655109148663322,treatment,0.2,0.5,0.27419354838709675
1706,9,61,0.6970545418502022,0.17102429548794804,0.8770548125994896,treatment,0.2,0.5,0.2631578947368421
1707,9,61,0.33052838453426564,0.8504209471439973,0.16531606320570053,treatment,0.2,0.5,0.27419354838709675
1708,9,62,0.6970545418502022,0.1707728111067711,0.8773229513194483,treatment,0.2,0.5,0.2631578947368421
1709,9,62,0.33052838453426564,0.8507991490208927,0.16512650048757693,treatment,0.2,0.5,0.27419354838709675
1710,9,63,0.6970545418502022,0.17052810577137115,0.8775840190086613,treatment,0.2,0.5,0.2631578947368421
1711,9,63,0.33052838453426564,0.8511672991539124,0.16494201775402437,treatment,0.2,0.5,0.27419354838709675
1712,9,64,0.6970545418502022,0.1702899094123342,0.8778382928900536,treatment,0.2,0.5,0.2631578947368421
1713,9,64,0.33052838453426564,0.8515257937533509,0.1647624168126731,treatment,0.2,0.5,0.27419354838709675
1714,9,65,0.6970545418502022,0.1700579661200871,0.8780860358231607,treatment,0.2,0.5,0.2631578947368421
1715,9,65,0.33052838453426564,0.851875008431203,0.16458750955864596,treatment,0.2,0.5,0.27419354838709675
1716,9,66,0.6970545418502022,0.1698320332277831,0.8783274972261534,treatment,0.2,0.5,0.2631578947368421
1717,9,66,0.33052838453426564,0.8522152995257456,0.1644171173463993,treatment,0.2,0.5,0.27419354838709675
1718,9,67,0.6970545418502022,0.16961188046469367,0.8785629139274637,treatment,0.2,0.5,0.2631578947368421
1719,9,67,0.33052838453426564,0.8525470053249486,0.16425107040733813,treatment,0.2,0.5,0.27419354838709675
1720,9,68,0.6970545418502022,0.1693972891738465,0.8787925109532283,treatment,0.2,0.5,0.2631578947368421
1721,9,68,0.33052838453426564,0.8528704471976413,0.16408920730943963,treatment,0.2,0.5,0.27419354838709675
1722,9,69,0.6970545418502022,0.16918805158827946,0.8790165022561449,treatment,0.2,0.5,0.2631578947368421
1723,9,69,0.33052838453426564,0.8531859306404638,0.16393137445545528,treatment,0.2,0.5,0.27419354838709675
1724,9,70,0.6970545418502022,0.16898397016083955,0.8792350913907786,treatment,0.2,0.5,0.2631578947368421
1725,9,70,0.33052838453426564,0.8534937462478539,0.16377742561657158,treatment,0.2,0.5,0.27419354838709675
1726,9,71,0.6970545418502022,0.16878485694295087,0.8794484721398753,treatment,0.2,0.5,0.2631578947368421
1727,9,71,0.33052838453426564,0.853794170611599,0.16362722149868178,treatment,0.2,0.5,0.27419354838709675
1728,9,72,0.6970545418502022,0.16859053300821988,0.8796568290957868,treatment,0.2,0.5,0.2631578947368421
1729,9,72,0.33052838453426564,0.8540874671558665,0.1634806293386796,treatment,0.2,0.5,0.27419354838709675
1730,9,73,0.6970545418502022,0.16840082791713967,0.8798603382007348,treatment,0.2,0.5,0.2631578947368421
1731,9,73,0.33052838453426564,0.8543738869130587,0.16333752252840597,treatment,0.2,0.5,0.27419354838709675
1732,9,74,0.6970545418502022,0.16821557921950755,0.8800591672492786,treatment,0.2,0.5,0.2631578947368421
1733,9,74,0.33052838453426564,0.8546536692453401,0.16319778026409262,treatment,0.2,0.5,0.27419354838709675
1734,9,75,0.6970545418502022,0.16803463199148796,0.8802534763560543,treatment,0.2,0.5,0.2631578947368421
1735,9,75,0.33052838453426564,0.8549270425162276,0.16306128721932894,treatment,0.2,0.5,0.27419354838709675
1736,9,76,0.6970545418502022,0.16785783840453325,0.8804434183915528,treatment,0.2,0.5,0.2631578947368421
1737,9,76,0.33052838453426564,0.8551942247162485,0.16292793323975013,treatment,0.2,0.5,0.27419354838709675
1738,9,77,0.6970545418502022,0.16768505732362876,0.8806291393884715,treatment,0.2,0.5,0.2631578947368421
1739,9,77,0.33052838453426564,0.8554554240462854,0.16279761305779772,treatment,0.2,0.5,0.27419354838709675
1740,9,78,0.6970545418502022,0.1675161539325588,0.8808107789209337,treatment,0.2,0.5,0.2631578947368421
1741,9,78,0.33052838453426564,0.8557108394619247,0.16267022602604284,treatment,0.2,0.5,0.27419354838709675
1742,9,79,0.6970545418502022,0.16735099938409292,0.8809884704586747,treatment,0.2,0.5,0.2631578947368421
1743,9,79,0.33052838453426564,0.8559606611818189,0.1625456758676898,treatment,0.2,0.5,0.27419354838709675
1744,9,80,0.6970545418502022,0.16718947047317756,0.881162341698108,treatment,0.2,0.5,0.2631578947368421
1745,9,80,0.33052838453426564,0.856205071162812,0.16242387044299172,treatment,0.2,0.5,0.27419354838709675
1746,9,81,0.6970545418502022,0.1670314493313849,0.8813325148720147,treatment,0.2,0.5,0.2631578947368421
1747,9,81,0.33052838453426564,0.8564442435443417,0.16230472153041553,treatment,0.2,0.5,0.27419354838709675
1748,9,82,0.6970545418502022,0.16687682314102117,0.8814991070394566,treatment,0.2,0.5,0.2631578947368421
1749,9,82,0.33052838453426564,0.8566783450644173,0.1621881446214881,treatment,0.2,0.5,0.27419354838709675
1750,9,83,0.6970545418502022,0.1676209090449142,0.8816622303573728,treatment,0.2,0.5,0.2631578947368421
1751,9,83,0.33052838453426564,0.8570596553692765,0.16231145995808294,treatment,0.2,0.5,0.2903225806451613
1752,9,84,0.6970545418502022,0.1675245493667164,0.8818219923352039,treatment,0.2,0.5,0.2631578947368421
1753,9,84,0.33052838453426564,0.8571701514562224,0.16201314744361725,treatment,0.2,0.5,0.2903225806451613
1754,9,85,0.6970545418502022,0.16742672643994783,0.8819784960737621,treatment,0.2,0.5,0.2631578947368421
1755,9,85,0.33052838453426564,0.8573833089768971,0.16194933224787514,treatment,0.2,0.5,0.2903225806451613
1756,9,86,0.6970545418502022,0.16733091472078696,0.8821318404894876,treatment,0.2,0.5,0.2631578947368421
1757,9,86,0.33052838453426564,0.8575927474382014,0.16188778100085885,treatment,0.2,0.5,0.2903225806451613
1758,9,87,0.6970545418502022,0.16723706732729177,0.8822821205251167,treatment,0.2,0.5,0.2631578947368421
1759,9,87,0.33052838453426564,0.8577979713894579,0.16182747672470194,treatment,0.2,0.5,0.2903225806451613
1760,9,88,0.6970545418502022,0.16714512498702316,0.8824294273477192,treatment,0.2,0.5,0.2631578947368421
1761,9,88,0.33052838453426564,0.8579991034070723,0.16176837969753394,treatment,0.2,0.5,0.2903225806451613
1762,9,89,0.6970545418502022,0.16705503071714842,0.8825738485349831,treatment,0.2,0.5,0.2631578947368421
1763,9,89,0.33052838453426564,0.8581962647413589,0.16171045561533023,treatment,0.2,0.5,0.2903225806451613
1764,9,90,0.6970545418502022,0.16696672977196364,0.8827154682505487,treatment,0.2,0.5,0.2631578947368421
1765,9,90,0.33052838453426564,0.858389571914085,0.16165367143587583,treatment,0.2,0.5,0.2903225806451613
1766,9,91,0.6970545418502022,0.16688016953488907,0.8828543674091457,treatment,0.2,0.5,0.2631578947368421
1767,9,91,0.33052838453426564,0.8585791369275925,0.1615979953074525,treatment,0.2,0.5,0.2903225806451613
1768,9,92,0.6970545418502022,0.16679529941640564,0.8829906238322116,treatment,0.2,0.5,0.2631578947368421
1769,9,92,0.33052838453426564,0.8587650674819426,0.16154339651740135,treatment,0.2,0.5,0.2903225806451613
1770,9,93,0.6970545418502022,0.1667120707577864,0.8831243123946343,treatment,0.2,0.5,0.2631578947368421
1771,9,93,0.33052838453426564,0.8589474671797578,0.16148984544327588,treatment,0.2,0.5,0.2903225806451613
1772,9,94,0.6970545418502022,0.16663043674024322,0.883255505163198,treatment,0.2,0.5,0.2631578947368421
1773,9,94,0.33052838453426564,0.8591264357194545,0.1614373135063796,treatment,0.2,0.5,0.2903225806451613
1774,9,95,0.6970545418502022,0.1665503522991385,0.8833842715272824,treatment,0.2,0.5,0.2631578947368421
1775,9,95,0.33052838453426564,0.8593020690776311,0.16138577312756414,treatment,0.2,0.5,0.2903225806451613
1776,9,96,0.6970545418502022,0.16647177404293645,0.8835106783223136,treatment,0.2,0.5,0.2631578947368421
1777,9,96,0.33052838453426564,0.8594744596813139,0.16133519768516727,treatment,0.2,0.5,0.2903225806451613
1778,9,97,0.6970545418502022,0.16639466017659163,0.8836347899464315,treatment,0.2,0.5,0.2631578947368421
1779,9,97,0.33052838453426564,0.8596436965707162,0.16128556147497902,treatment,0.2,0.5,0.2903225806451613
1780,9,98,0.6970545418502022,0.1663189704290949,0.8837566684708091,treatment,0.2,0.5,0.2631578947368421
1781,9,98,0.33052838453426564,0.8598098655531081,0.16123683967212837,treatment,0.2,0.5,0.2903225806451613
1782,9,99,0.6970545418502022,0.16624466598491708,0.8838763737440204,treatment,0.2,0.5,0.2631578947368421
1783,9,99,0.33052838453426564,0.8599730493483709,0.16118900829479071,treatment,0.2,0.5,0.2903225806451613
0,0,0,0.6487250601920809,0.2268880954025337,0.7756451100005709,treatment,0.2,0.5,0.0
1,0,0,0.33987415049374525,0.6431375898465851,0.36214797757931727,treatment,0.2,0.5,0.0
2,1,1,0.6487250601920809,0.21447553775565364,0.807725840652347,treatment,0.2,0.5,0.5208333333333334
3,1,1,0.33987415049374525,0.7370482449168109,0.28528939624667343,treatment,0.2,0.5,0.75
4,1,2,0.6487250601920809,0.19541753127997652,0.8264967257834899,treatment,0.2,0.5,0.5
5,1,2,0.33987415049374525,0.7527574706603717,0.2453251041247389,treatment,0.2,0.5,0.7884615384615384
6,1,3,0.6487250601920809,0.18635460752779828,0.8401961103624247,treatment,0.2,0.5,0.4583333333333333
7,1,3,0.33987415049374525,0.7605087938968573,0.21719065748517533,treatment,0.2,0.5,0.6538461538461539
8,1,4,0.6487250601920809,0.18820423014472384,0.8396674597530073,treatment,0.2,0.5,0.4583333333333333
9,1,4,0.33987415049374525,0.7678942086784516,0.21686578064980702,treatment,0.2,0.5,0.6923076923076923
10,1,5,0.6487250601920809,0.187839235526949,0.8391038842020411,treatment,0.2,0.5,0.4583333333333333
11,1,5,0.33987415049374525,0.7691551345080553,0.21579881405696627,treatment,0.2,0.5,0.6538461538461539
12,1,6,0.6487250601920809,0.18929597771911041,0.8386011511328869,treatment,0.2,0.5,0.4583333333333333
13,1,6,0.33987415049374525,0.7738636352405772,0.21627879071119113,treatment,0.2,0.5,0.6923076923076923
14,1,7,0.6487250601920809,0.18812302863459465,0.8381316003186013,treatment,0.2,0.5,0.4791666666666667
15,1,7,0.33987415049374525,0.7722381876263585,0.21665173021851258,treatment,0.2,0.5,0.6730769230769231
16,1,8,0.6487250601920809,0.18911784952685254,0.8385566651206809,treatment,0.2,0.5,0.4583333333333333
17,1,8,0.33987415049374525,0.7771072209612082,0.21583592547457203,treatment,0.2,0.5,0.6923076923076923
18,1,9,0.6487250601920809,0.19001742018098022,0.8379013043734868,treatment,0.2,0.5,0.4583333333333333
19,1,9,0.33987415049374525,0.7762972307289819,0.21619800793751376,treatment,0.2,0.5,0.6730769230769231
20,1,10,0.6487250601920809,0.18732343872739113,0.8369805654802224,treatment,0.2,0.5,0.4791666666666667
21,1,10,0.33987415049374525,0.7780156919069244,0.21446253489989703,treatment,0.2,0.5,0.6730769230769231
22,1,11,0.6487250601920809,0.18851845656537533,0.8375276793117595,treatment,0.2,0.5,0.4583333333333333
23,1,11,0.33987415049374525,0.7779431530575791,0.2149940582119486,treatment,0.2,0.5,0.6538461538461539
24,1,12,0.6487250601920809,0.1851894085192003,0.8368685341810499,treatment,0.2,0.5,0.4583333333333333
25,1,12,0.33987415049374525,0.7777694957804665,0.2109482283898254,treatment,0.2,0.5,0.5961538461538461
26,1,13,0.6487250601920809,0.18742667714221575,0.8360635689825981,treatment,0.2,0.5,0.4791666666666667
27,1,13,0.33987415049374525,0.7804356634006759,0.21442396779913409,treatment,0.2,0.5,0.6730769230769231
28,1,14,0.6487250601920809,0.18878803726967497,0.8364794358840282,treatment,0.2,0.5,0.4583333333333333
29,1,14,0.33987415049374525,0.779974369871926,0.21470912036522435,treatment,0.2,0.5,0.6538461538461539
30,1,15,0.6487250601920809,0.18797013998876702,0.8358324863071473,treatment,0.2,0.5,0.4583333333333333
31,1,15,0.33987415049374525,0.7807670287579216,0.21342365821636097,treatment,0.2,0.5,0.6346153846153846
32,1,16,0.6487250601920809,0.18985536397488753,0.835303739648468,treatment,0.2,0.5,0.4583333333333333
33,1,16,0.33987415049374525,0.7842417510191737,0.2145561959218409,treatment,0.2,0.5,0.6730769230769231
34,1,17,0.6487250601920809,0.19047383707036825,0.8348466177733833,treatment,0.2,0.5,0.4583333333333333
35,1,17,0.33987415049374525,0.782393705052436,0.2150185848898537,treatment,0.2,0.5,0.6538461538461539
36,1,18,0.6487250601920809,0.1883111457815173,0.8344345311464202,treatment,0.2,0.5,0.4583333333333333
37,1,18,0.33987415049374525,0.7816466502872198,0.21244066546867924,treatment,0.2,0.5,0.6153846153846154
38,1,19,0.6487250601920809,0.18916099346084136,0.8338035385337182,treatment,0.2,0.5,0.4791666666666667
39,1,19,0.33987415049374525,0.7838373253340757,0.2145290638486811,treatment,0.2,0.5,0.6730769230769231
40,1,20,0.6487250601920809,0.18972260875337446,0.8339934016275162,treatment,0.2,0.5,0.4791666666666667
41,1,20,0.33987415049374525,0.7828499815079444,0.2158348128934606,treatment,0.2,0.5,0.6730769230769231
42,1,21,0.6487250601920809,0.19217595601400875,0.8322756290172517,treatment,0.2,0.5,0.4791666666666667
43,1,21,0.33987415049374525,0.7847631663020055,0.2155597392550728,treatment,0.2,0.5,0.6923076923076923
44,1,22,0.6487250601920809,0.19347636605965066,0.8306356052239915,treatment,0.2,0.5,0.4791666666666667
45,1,22,0.33987415049374525,0.7833916012638638,0.2157480050853328,treatment,0.2,0.5,0.6730769230769231
46,1,23,0.6487250601920809,0.19620306153197595,0.8308374820387384,treatment,0.2,0.5,0.4583333333333333
47,1,23,0.33987415049374525,0.7878548283528853,0.21604217181188298,treatment,0.2,0.5,0.7115384615384616
48,1,24,0.6487250601920809,0.19514175483079468,0.8276107492897999,treatment,0.2,0.5,0.5
49,1,24,0.33987415049374525,0.7835523553578011,0.21527576825233413,treatment,0.2,0.5,0.6730769230769231
50,1,25,0.6487250601920809,0.19585127348571807,0.8283800832294244,treatment,0.2,0.5,0.4791666666666667
51,1,25,0.33987415049374525,0.7858236908864823,0.21499114829010782,treatment,0.2,0.5,0.6923076923076923
52,1,26,0.6487250601920809,0.19766378609661137,0.8287960781409534,treatment,0.2,0.5,0.4583333333333333
53,1,26,0.33987415049374525,0.7856841014474576,0.21529196713278906,treatment,0.2,0.5,0.6730769230769231
54,1,27,0.6487250601920809,0.19735135379115912,0.8276147419307923,treatment,0.2,0.5,0.4791666666666667
55,1,27,0.33987415049374525,0.7862976113238138,0.21505787475542293,treatment,0.2,0.5,0.6923076923076923
56,1,28,0.6487250601920809,0.19876790351765602,0.8279772617029995,treatment,0.2,0.5,0.4583333333333333
57,1,28,0.33987415049374525,0.7859322325117272,0.21532053951407584,treatment,0.2,0.5,0.6730769230769231
58,1,29,0.6487250601920809,0.1947586352404782,0.8264915062067528,treatment,0.2,0.5,0.5208333333333334
59,1,29,0.33987415049374525,0.784051277390038,0.21506532678730572,treatment,0.2,0.5,0.6923076923076923
60,1,30,0.6487250601920809,0.19743244499827547,0.8280894481262483,treatment,0.2,0.5,0.4583333333333333
61,1,30,0.33987415049374525,0.785650814270529,0.2153154746834335,treatment,0.2,0.5,0.6730769230769231
62,1,31,0.6487250601920809,0.19732265765423143,0.8267493652212909,treatment,0.2,0.5,0.4791666666666667
63,1,31,0.33987415049374525,0.7864739795796023,0.2150525585438021,treatment,0.2,0.5,0.6923076923076923
64,1,32,0.6487250601920809,0.19737065554429548,0.826720099294948,treatment,0.2,0.5,0.4791666666666667
65,1,32,0.33987415049374525,0.7848957365032481,0.21529817462374873,treatment,0.2,0.5,0.6730769230769231
66,1,33,0.6487250601920809,0.1991181630601826,0.8269220268966255,treatment,0.2,0.5,0.4583333333333333
67,1,33,0.33987415049374525,0.7880056644088795,0.21503242948948983,treatment,0.2,0.5,0.6923076923076923
68,1,34,0.6487250601920809,0.19678770825140246,0.8255184780997785,treatment,0.2,0.5,0.5
69,1,34,0.33987415049374525,0.784134089389043,0.21527655181722546,treatment,0.2,0.5,0.6730769230769231
70,1,35,0.6487250601920809,0.19898961216476616,0.8267546399318046,treatment,0.2,0.5,0.4583333333333333
71,1,35,0.33987415049374525,0.7880936252622424,0.21500997771998254,treatment,0.2,0.5,0.6923076923076923
72,1,36,0.6487250601920809,0.20016929299478206,0.8259051755272898,treatment,0.2,0.5,0.4583333333333333
73,1,36,0.33987415049374525,0.78672246778585,0.21525390850330284,treatment,0.2,0.5,0.6730769230769231
74,1,37,0.6487250601920809,0.19952245238526436,0.8249355171382939,treatment,0.2,0.5,0.4791666666666667
75,1,37,0.33987415049374525,0.787158822722917,0.2149873975409983,treatment,0.2,0.5,0.6923076923076923
76,1,38,0.6487250601920809,0.19904816779554999,0.8250708061219445,treatment,0.2,0.5,0.4791666666666667
77,1,38,0.33987415049374525,0.7853939583182451,0.21523172269991184,treatment,0.2,0.5,0.6730769230769231
78,1,39,0.6487250601920809,0.19724016373532938,0.824833063354188,treatment,0.2,0.5,0.5
79,1,39,0.33987415049374525,0.785973143048792,0.21496568170063102,treatment,0.2,0.5,0.6923076923076923
80,1,40,0.6487250601920809,0.1994789897379746,0.8259860933242441,treatment,0.2,0.5,0.4583333333333333
81,1,40,0.33987415049374525,0.7866026806315389,0.21521065985504015,treatment,0.2,0.5,0.6730769230769231
82,1,41,0.6487250601920809,0.19827106808584608,0.8223644149117758,treatment,0.2,0.5,0.5
83,1,41,0.33987415049374525,0.7858496566052503,0.21494526502203326,treatment,0.2,0.5,0.6923076923076923
84,1,42,0.6487250601920809,0.19867639937325043,0.8234516083730657,treatment,0.2,0.5,0.4791666666666667
85,1,42,0.33987415049374525,0.78538380776253,0.21519099553112186,treatment,0.2,0.5,0.6730769230769231
86,1,43,0.6487250601920809,0.20057577199804597,0.823517964589182,treatment,0.2,0.5,0.4583333333333333
87,1,43,0.33987415049374525,0.7886225300045029,0.21492630798320375,treatment,0.2,0.5,0.6923076923076923
88,1,44,0.6487250601920809,0.19831963025325564,0.8220273523886347,treatment,0.2,0.5,0.5
89,1,44,0.33987415049374525,0.7847508392373354,0.2151728101322622,treatment,0.2,0.5,0.6730769230769231
90,1,45,0.6487250601920809,0.20154277466091222,0.8232396694920378,treatment,0.2,0.5,0.4583333333333333
91,1,45,0.33987415049374525,0.7899541430815623,0.21553726228715686,treatment,0.2,0.5,0.7115384615384616
92,1,46,0.6487250601920809,0.201867268308935,0.8223860538661075,treatment,0.2,0.5,0.4583333333333333
93,1,46,0.33987415049374525,0.7881098680495261,0.21480445163686554,treatment,0.2,0.5,0.6730769230769231
94,1,47,0.6487250601920809,0.19670354199789306,0.8206932009165601,treatment,0.2,0.5,0.5208333333333334
95,1,47,0.33987415049374525,0.7992398033179128,0.21370718906912067,treatment,0.2,0.5,0.6730769230769231
96,1,48,0.6487250601920809,0.19937815808532136,0.8231685444982091,treatment,0.2,0.5,0.4583333333333333
97,1,48,0.33987415049374525,0.8097867976692508,0.21431203301445198,treatment,0.2,0.5,0.6538461538461539
98,1,49,0.6487250601920809,0.1971311140829,0.821549072835332,treatment,0.2,0.5,0.5
99,1,49,0.33987415049374525,0.8090319095750623,0.21371696864738363,treatment,0.2,0.5,0.6730769230769231
100,1,50,0.6487250601920809,0.19707467985183538,0.822716955091563,treatment,0.2,0.5,0.4583333333333333
101,1,50,0.33987415049374525,0.8103550370542372,0.21234580609605616,treatment,0.2,0.5,0.6153846153846154
102,1,51,0.6487250601920809,0.1930422184182182,0.8214930488892666,treatment,0.2,0.5,0.4791666666666667
103,1,51,0.33987415049374525,0.8073820337687019,0.20904787886910176,treatment,0.2,0.5,0.5769230769230769
104,1,52,0.6487250601920809,0.19881160546516585,0.8219310764829301,treatment,0.2,0.5,0.4583333333333333
105,1,52,0.33987415049374525,0.811952615351142,0.21379778893749993,treatment,0.2,0.5,0.6538461538461539
106,1,53,0.6487250601920809,0.1951854784309587,0.8212595559394799,treatment,0.2,0.5,0.4583333333333333
107,1,53,0.33987415049374525,0.8102897330638131,0.2090929423903171,treatment,0.2,0.5,0.5769230769230769
108,1,54,0.6487250601920809,0.1963949407270674,0.8180639084611533,treatment,0.2,0.5,0.5
109,1,54,0.33987415049374525,0.8057305694151384,0.21271830338419748,treatment,0.2,0.5,0.6153846153846154
110,1,55,0.6487250601920809,0.19413713948146416,0.8194540000093339,treatment,0.2,0.5,0.4791666666666667
111,1,55,0.33987415049374525,0.8077878232141463,0.20913573998088147,treatment,0.2,0.5,0.5961538461538461
112,1,56,0.6487250601920809,0.19968076216559227,0.8196992021916273,treatment,0.2,0.5,0.4583333333333333
113,1,56,0.33987415049374525,0.8124048032907396,0.21355487509613155,treatment,0.2,0.5,0.6538461538461539
114,1,57,0.6487250601920809,0.1968643598701576,0.8183868415544029,treatment,0.2,0.5,0.5
115,1,57,0.33987415049374525,0.807674252673942,0.21255713743182414,treatment,0.2,0.5,0.6346153846153846
116,1,58,0.6487250601920809,0.1947043309610518,0.8198361457423665,treatment,0.2,0.5,0.4583333333333333
117,1,58,0.33987415049374525,0.810087535339454,0.20843746840695074,treatment,0.2,0.5,0.5769230769230769
118,1,59,0.6487250601920809,0.20017417990751904,0.8190555757745552,treatment,0.2,0.5,0.4583333333333333
119,1,59,0.33987415049374525,0.8125217231207846,0.21282953643715238,treatment,0.2,0.5,0.6538461538461539
120,1,60,0.6487250601920809,0.19963532353037428,0.8185060629699485,treatment,0.2,0.5,0.4583333333333333
121,1,60,0.33987415049374525,0.8109497260191905,0.21210649784058871,treatment,0.2,0.5,0.6153846153846154
122,1,61,0.6487250601920809,0.19623645358586272,0.8178309037260129,treatment,0.2,0.5,0.4791666666666667
123,1,61,0.33987415049374525,0.809018967213234,0.20899616365189588,treatment,0.2,0.5,0.5961538461538461
124,1,62,0.6487250601920809,0.19693132634705068,0.8178277988305958,treatment,0.2,0.5,0.5
125,1,62,0.33987415049374525,0.807819845483687,0.21235252682618128,treatment,0.2,0.5,0.6346153846153846
126,1,63,0.6487250601920809,0.19916518316340612,0.8192504321558362,treatment,0.2,0.5,0.4583333333333333
127,1,63,0.33987415049374525,0.810992427596343,0.21250588043203303,treatment,0.2,0.5,0.6346153846153846
128,1,64,0.6487250601920809,0.19451349446168356,0.8179233576363792,treatment,0.2,0.5,0.4791666666666667
129,1,64,0.33987415049374525,0.8078600033781377,0.20840051360265194,treatment,0.2,0.5,0.5769230769230769
130,1,65,0.6487250601920809,0.19383097261888915,0.8182836702038676,treatment,0.2,0.5,0.4791666666666667
131,1,65,0.33987415049374525,0.8072057555069118,0.20863604877935799,treatment,0.2,0.5,0.5769230769230769
132,1,66,0.6487250601920809,0.198897322710709,0.8186979631486005,treatment,0.2,0.5,0.4583333333333333
133,1,66,0.33987415049374525,0.8111893028636883,0.21256908812279982,treatment,0.2,0.5,0.6346153846153846
134,1,67,0.6487250601920809,0.19778888985115958,0.8175031632574923,treatment,0.2,0.5,0.5
135,1,67,0.33987415049374525,0.8081351213225572,0.21260502741543902,treatment,0.2,0.5,0.6538461538461539
136,1,68,0.6487250601920809,0.1952944658095027,0.818895480365759,treatment,0.2,0.5,0.4583333333333333
137,1,68,0.33987415049374525,0.8104679706405167,0.20878439078032568,treatment,0.2,0.5,0.5769230769230769
138,1,69,0.6487250601920809,0.2004513416687712,0.8181365227690282,treatment,0.2,0.5,0.4583333333333333
139,1,69,0.33987415049374525,0.8128340470093632,0.21261774927491484,treatment,0.2,0.5,0.6538461538461539
140,1,70,0.6487250601920809,0.19621299070918122,0.8165617841562437,treatment,0.2,0.5,0.5208333333333334
141,1,70,0.33987415049374525,0.8061435931301483,0.21183504555617816,treatment,0.2,0.5,0.6346153846153846
142,1,71,0.6487250601920809,0.19437293346424558,0.8191882378276946,treatment,0.2,0.5,0.4583333333333333
143,1,71,0.33987415049374525,0.8100707588807284,0.2079724521721499,treatment,0.2,0.5,0.5769230769230769
144,1,72,0.6487250601920809,0.1992250537533852,0.8183206616913833,treatment,0.2,0.5,0.4583333333333333
145,1,72,0.33987415049374525,0.811736048291311,0.21215586863681454,treatment,0.2,0.5,0.6346153846153846
146,1,73,0.6487250601920809,0.1922835941305497,0.8169035304238808,treatment,0.2,0.5,0.5208333333333334
147,1,73,0.33987415049374525,0.8057432477261652,0.20852567394123792,treatment,0.2,0.5,0.5961538461538461
148,1,74,0.6487250601920809,0.19690848927551605,0.8191500774294612,treatment,0.2,0.5,0.4583333333333333
149,1,74,0.33987415049374525,0.809867993566734,0.21145111297488334,treatment,0.2,0.5,0.6153846153846154
150,1,75,0.6487250601920809,0.19989218830301522,0.8182146083394674,treatment,0.2,0.5,0.4583333333333333
151,1,75,0.33987415049374525,0.8124632374851768,0.2125084709619968,treatment,0.2,0.5,0.6538461538461539
152,1,76,0.6487250601920809,0.19633743029994433,0.8175744931294774,treatment,0.2,0.5,0.4583333333333333
153,1,76,0.33987415049374525,0.8109487700819499,0.20787066179280714,treatment,0.2,0.5,0.5769230769230769
154,1,77,0.6487250601920809,0.19919787211773063,0.8167848388070635,treatment,0.2,0.5,0.4791666666666667
155,1,77,0.33987415049374525,0.8088681667067216,0.21195292464072565,treatment,0.2,0.5,0.6346153846153846
156,1,78,0.6487250601920809,0.19870687583055033,0.8172100899267086,treatment,0.2,0.5,0.4791666666666667
157,1,78,0.33987415049374525,0.8098625373658841,0.2120802429911094,treatment,0.2,0.5,0.6346153846153846
158,1,79,0.6487250601920809,0.1954625999621152,0.8173687354621207,treatment,0.2,0.5,0.4791666666666667
159,1,79,0.33987415049374525,0.8093242682021583,0.20839534632149626,treatment,0.2,0.5,0.5961538461538461
160,1,80,0.6487250601920809,0.19897695502512144,0.8176805364176835,treatment,0.2,0.5,0.4583333333333333
161,1,80,0.33987415049374525,0.8100926989577703,0.2114099866751018,treatment,0.2,0.5,0.6153846153846154
162,1,81,0.6487250601920809,0.19988586103015318,0.8167450327383877,treatment,0.2,0.5,0.4791666666666667
163,1,81,0.33987415049374525,0.8104009583295491,0.2124468741141474,treatment,0.2,0.5,0.6538461538461539
164,1,82,0.6487250601920809,0.19662816348466675,0.8172784630113283,treatment,0.2,0.5,0.4583333333333333
165,1,82,0.33987415049374525,0.8106856982756256,0.207815044027784,treatment,0.2,0.5,0.5769230769230769
166,1,83,0.6487250601920809,0.197127812253684,0.8167249939829079,treatment,0.2,0.5,0.4583333333333333
167,1,83,0.33987415049374525,0.8098443455631236,0.20809320269094897,treatment,0.2,0.5,0.5769230769230769
168,1,84,0.6487250601920809,0.19903073289362636,0.8159992594385991,treatment,0.2,0.5,0.4791666666666667
169,1,84,0.33987415049374525,0.8075006111244287,0.21170094434254164,treatment,0.2,0.5,0.6153846153846154
170,1,85,0.6487250601920809,0.20070072018902538,0.8164620153180703,treatment,0.2,0.5,0.4791666666666667
171,1,85,0.33987415049374525,0.81121049929548,0.21256124478234634,treatment,0.2,0.5,0.6730769230769231
172,1,86,0.6487250601920809,0.19235424597934092,0.8162497280560833,treatment,0.2,0.5,0.5
173,1,86,0.33987415049374525,0.8061233980277803,0.20718392306760236,treatment,0.2,0.5,0.5576923076923077
174,1,87,0.6487250601920809,0.191782284730327,0.8167563604737035,treatment,0.2,0.5,0.5
175,1,87,0.33987415049374525,0.8050412218274483,0.20833173235451896,treatment,0.2,0.5,0.5769230769230769
176,1,88,0.6487250601920809,0.1981010800790788,0.8181709987176399,treatment,0.2,0.5,0.4583333333333333
177,1,88,0.33987415049374525,0.8098155594616704,0.2119048558725896,treatment,0.2,0.5,0.6346153846153846
178,1,89,0.6487250601920809,0.200271057833453,0.817268225047126,treatment,0.2,0.5,0.4583333333333333
179,1,89,0.33987415049374525,0.8126559497293637,0.2120939981539722,treatment,0.2,0.5,0.6538461538461539
180,1,90,0.6487250601920809,0.19545048123451755,0.8163491279573263,treatment,0.2,0.5,0.4791666666666667
181,1,90,0.33987415049374525,0.8091513714765247,0.20849387114311246,treatment,0.2,0.5,0.5769230769230769
182,1,91,0.6487250601920809,0.20161705439667688,0.8166259376825025,treatment,0.2,0.5,0.4791666666666667
183,1,91,0.33987415049374525,0.8121086653341585,0.21428875061370098,treatment,0.2,0.5,0.6923076923076923
184,1,92,0.6487250601920809,0.20030168336770923,0.8169629889802108,treatment,0.2,0.5,0.4583333333333333
185,1,92,0.33987415049374525,0.8140095914891371,0.21150250393318304,treatment,0.2,0.5,0.6346153846153846
186,1,93,0.6487250601920809,0.19578527382401548,0.8158142402059144,treatment,0.2,0.5,0.4791666666666667
187,1,93,0.33987415049374525,0.8097434095641416,0.20763680930389358,treatment,0.2,0.5,0.5769230769230769
188,1,94,0.6487250601920809,0.19925268133282895,0.8163367534369709,treatment,0.2,0.5,0.4791666666666667
189,1,94,0.33987415049374525,0.8098634070794213,0.21140292696051455,treatment,0.2,0.5,0.6346153846153846
190,1,95,0.6487250601920809,0.19980308882666686,0.8164034200247983,treatment,0.2,0.5,0.4791666666666667
191,1,95,0.33987415049374525,0.8113737581536562,0.21193733453133407,treatment,0.2,0.5,0.6538461538461539
192,1,96,0.6487250601920809,0.19556502765808972,0.8168633147526352,treatment,0.2,0.5,0.4583333333333333
193,1,96,0.33987415049374525,0.8105482939012716,0.2071298081798792,treatment,0.2,0.5,0.5576923076923077
194,1,97,0.6487250601920809,0.19468768025146907,0.8156537032851898,treatment,0.2,0.5,0.5
195,1,97,0.33987415049374525,0.8071664600568133,0.20836764650150943,treatment,0.2,0.5,0.5961538461538461
196,1,98,0.6487250601920809,0.1971733722384367,0.8167165192641073,treatment,0.2,0.5,0.4791666666666667
197,1,98,0.33987415049374525,0.8079921731187292,0.21119286521449876,treatment,0.2,0.5,0.6153846153846154
198,1,99,0.6487250601920809,0.200476485899433,0.8169617345503215,treatment,0.2,0.5,0.4583333333333333
199,1,99,0.33987415049374525,0.8127647001006968,0.21213871193670034,treatment,0.2,0.5,0.6538461538461539
200,2,1,0.6668244566860484,0.20108747709673663,0.7602993803805742,treatment,0.2,0.5,0.7777777777777778
201,2,1,0.29144404993398687,0.7104061362356539,0.2595527031808734,treatment,0.2,0.5,0.8648648648648649
202,2,2,0.6668244566860484,0.17963276124605806,0.7894180549405097,treatment,0.2,0.5,0.5873015873015873
203,2,2,0.29144404993398687,0.7391904848280391,0.21281990545476848,treatment,0.2,0.5,0.8648648648648649
204,2,3,0.6668244566860484,0.17549428196121453,0.8013415972853652,treatment,0.2,0.5,0.5714285714285714
205,2,3,0.29144404993398687,0.7508842915278022,0.18245977404514685,treatment,0.2,0.5,0.8108108108108109
206,2,4,0.6668244566860484,0.17419809263112163,0.8009198546348592,treatment,0.2,0.5,0.5873015873015873
207,2,4,0.29144404993398687,0.756334283323583,0.18181075136568955,treatment,0.2,0.5,0.8108108108108109
208,2,5,0.6668244566860484,0.17487917765340671,0.8019980141297318,treatment,0.2,0.5,0.5714285714285714
209,2,5,0.29144404993398687,0.761572269680349,0.18144983803583525,treatment,0.2,0.5,0.8108108108108109
210,2,6,0.6668244566860484,0.17525693394997363,0.8021400343337006,treatment,0.2,0.5,0.5714285714285714
211,2,6,0.29144404993398687,0.7648016751642818,0.18110333039320517,treatment,0.2,0.5,0.8108108108108109
212,2,7,0.6668244566860484,0.1739756717739896,0.8022165883359257,treatment,0.2,0.5,0.5873015873015873
213,2,7,0.29144404993398687,0.7663011177497541,0.18077865357959566,treatment,0.2,0.5,0.8108108108108109
214,2,8,0.6668244566860484,0.17313658923257108,0.8024778011309043,treatment,0.2,0.5,0.5873015873015873
215,2,8,0.29144404993398687,0.7676985198288039,0.18047829588427108,treatment,0.2,0.5,0.8108108108108109
216,2,9,0.6668244566860484,0.1739186764692068,0.8036102858279841,treatment,0.2,0.5,0.5714285714285714
217,2,9,0.29144404993398687,0.7702957033762219,0.18020176884731612,treatment,0.2,0.5,0.8108108108108109
218,2,10,0.6668244566860484,0.17440091916474884,0.8035549317410482,treatment,0.2,0.5,0.5714285714285714
219,2,10,0.29144404993398687,0.7716121885695362,0.17994747567273373,treatment,0.2,0.5,0.8108108108108109
220,2,11,0.6668244566860484,0.1747472758710702,0.803538985195622,treatment,0.2,0.5,0.5714285714285714
221,2,11,0.29144404993398687,0.7727084091366239,0.17971348131054588,treatment,0.2,0.5,0.8108108108108109
222,2,12,0.6668244566860484,0.1750193090016756,0.803545398366747,treatment,0.2,0.5,0.5714285714285714
223,2,12,0.29144404993398687,0.7736421118822975,0.17949783556805968,treatment,0.2,0.5,0.8108108108108109
224,2,13,0.6668244566860484,0.17406065217425953,0.8035411936943088,treatment,0.2,0.5,0.5873015873015873
225,2,13,0.29144404993398687,0.7735907581145142,0.17929870566636996,treatment,0.2,0.5,0.8108108108108109
226,2,14,0.6668244566860484,0.17341610708524213,0.8034184563148569,treatment,0.2,0.5,0.5873015873015873
227,2,14,0.29144404993398687,0.7741150952686393,0.17911442397541935,treatment,0.2,0.5,0.8108108108108109
228,2,15,0.6668244566860484,0.17301848774684872,0.8034553357313381,treatment,0.2,0.5,0.5873015873015873
229,2,15,0.29144404993398687,0.7746472311848984,0.17894349742493817,treatment,0.2,0.5,0.8108108108108109
230,2,16,0.6668244566860484,0.17130136217893924,0.8032652565654747,treatment,0.2,0.5,0.6031746031746031
231,2,16,0.29144404993398687,0.7740438774015268,0.17878459998114454,treatment,0.2,0.5,0.8108108108108109
232,2,17,0.6668244566860484,0.17281584244476908,0.8048310029416266,treatment,0.2,0.5,0.5714285714285714
233,2,17,0.29144404993398687,0.7762676555528955,0.17863655829555813,treatment,0.2,0.5,0.8108108108108109
234,2,18,0.6668244566860484,0.17369492514202312,0.8044980038099476,treatment,0.2,0.5,0.5714285714285714
235,2,18,0.29144404993398687,0.7767505168006765,0.17849833533503864,treatment,0.2,0.5,0.8108108108108109
236,2,19,0.6668244566860484,0.17163364948203524,0.8034078366175028,treatment,0.2,0.5,0.6031746031746031
237,2,19,0.29144404993398687,0.7753847015102331,0.17836901423783227,treatment,0.2,0.5,0.8108108108108109
238,2,20,0.6668244566860484,0.1730589082452948,0.8048122919961264,treatment,0.2,0.5,0.5714285714285714
239,2,20,0.29144404993398687,0.7773577728794924,0.17824778337651365,treatment,0.2,0.5,0.8108108108108109
240,2,21,0.6668244566860484,0.17388884067558502,0.8044738628920878,treatment,0.2,0.5,0.5714285714285714
241,2,21,0.29144404993398687,0.7777301337623843,0.17813392298349268,treatment,0.2,0.5,0.8108108108108109
242,2,22,0.6668244566860484,0.17445973918800986,0.8042500714041421,treatment,0.2,0.5,0.5714285714285714
243,2,22,0.29144404993398687,0.7780563426639595,0.17802679339032795,treatment,0.2,0.5,0.8108108108108109
244,2,23,0.6668244566860484,0.1748907655005103,0.8040959169877342,treatment,0.2,0.5,0.5714285714285714
245,2,23,0.29144404993398687,0.7783561646119328,0.17792582479091384,treatment,0.2,0.5,0.8108108108108109
246,2,24,0.6668244566860484,0.17394157938379812,0.8033176155121019,treatment,0.2,0.5,0.5873015873015873
247,2,24,0.29144404993398687,0.7777645511804795,0.17783050838067918,treatment,0.2,0.5,0.8108108108108109
248,2,25,0.6668244566860484,0.17225015530776186,0.803455670055684,treatment,0.2,0.5,0.6031746031746031
249,2,25,0.29144404993398687,0.7771970946198167,0.17774038870792452,treatment,0.2,0.5,0.8108108108108109
250,2,26,0.6668244566860484,0.17255239987128462,0.8036554820603775,treatment,0.2,0.5,0.5873015873015873
251,2,26,0.29144404993398687,0.7778290142023536,0.17765505707775572,treatment,0.2,0.5,0.8108108108108109
252,2,27,0.6668244566860484,0.1737388195448252,0.8044785998219459,treatment,0.2,0.5,0.5714285714285714
253,2,27,0.29144404993398687,0.7790595758746439,0.17757414586247125,treatment,0.2,0.5,0.8108108108108109
254,2,28,0.6668244566860484,0.1731896793269466,0.8033565614597823,treatment,0.2,0.5,0.5873015873015873
255,2,28,0.29144404993398687,0.7783047493962632,0.1774973235888947,treatment,0.2,0.5,0.8108108108108109
256,2,29,0.6668244566860484,0.17420844250012188,0.8041938263093985,treatment,0.2,0.5,0.5714285714285714
257,2,29,0.29144404993398687,0.7794055723837906,0.1774242906900775,treatment,0.2,0.5,0.8108108108108109
258,2,30,0.6668244566860484,0.1748496468672308,0.8039929146477988,treatment,0.2,0.5,0.5714285714285714
259,2,30,0.29144404993398687,0.7796061561871264,0.17735477582464443,treatment,0.2,0.5,0.8108108108108109
260,2,31,0.6668244566860484,0.17279028312286293,0.8038749939274993,treatment,0.2,0.5,0.6031746031746031
261,2,31,0.29144404993398687,0.7781987233914033,0.17728853268124417,treatment,0.2,0.5,0.8108108108108109
262,2,32,0.6668244566860484,0.1741306666752183,0.8049001166036496,treatment,0.2,0.5,0.5714285714285714
263,2,32,0.29144404993398687,0.77983194341808,0.1772253371979537,treatment,0.2,0.5,0.8108108108108109
264,2,33,0.6668244566860484,0.17362440338098406,0.8037774597015327,treatment,0.2,0.5,0.5873015873015873
265,2,33,0.29144404993398687,0.7791601600985817,0.1771649851371337,treatment,0.2,0.5,0.8108108108108109
266,2,34,0.6668244566860484,0.17337016012995832,0.8037059953207574,treatment,0.2,0.5,0.5873015873015873
267,2,34,0.29144404993398687,0.7792667895380592,0.1771072899652979,treatment,0.2,0.5,0.8108108108108109
268,2,35,0.6668244566860484,0.17450135001659436,0.8043014038472702,treatment,0.2,0.5,0.5714285714285714
269,2,35,0.29144404993398687,0.7801944149945903,0.1770520809952348,treatment,0.2,0.5,0.8108108108108109
270,2,36,0.6668244566860484,0.17551418350988415,0.8023202569457272,treatment,0.2,0.5,0.5873015873015873
271,2,36,0.29144404993398687,0.779492499936807,0.1769992017540937,treatment,0.2,0.5,0.8108108108108109
272,2,37,0.6668244566860484,0.17526509839374438,0.8028483286162811,treatment,0.2,0.5,0.5873015873015873
273,2,37,0.29144404993398687,0.7796328146906675,0.17694850854660357,treatment,0.2,0.5,0.8108108108108109
274,2,38,0.6668244566860484,0.17504704350713302,0.8022731897348928,treatment,0.2,0.5,0.5873015873015873
275,2,38,0.29144404993398687,0.7795362814353937,0.17689986918718137,treatment,0.2,0.5,0.8108108108108109
276,2,39,0.6668244566860484,0.17619946550999047,0.8029282962986766,treatment,0.2,0.5,0.5714285714285714
277,2,39,0.29144404993398687,0.7805645298632126,0.17685316187855374,treatment,0.2,0.5,0.8108108108108109
278,2,40,0.6668244566860484,0.17690290689461521,0.8026179076555809,treatment,0.2,0.5,0.5714285714285714
279,2,40,0.29144404993398687,0.7806919206411609,0.17680827421777312,treatment,0.2,0.5,0.8108108108108109
280,2,41,0.6668244566860484,0.17739643140406858,0.8023997156313907,treatment,0.2,0.5,0.5714285714285714
281,2,41,0.29144404993398687,0.7808045250196681,0.17676510231325826,treatment,0.2,0.5,0.8108108108108109
282,2,42,0.6668244566860484,0.17777146352902737,0.8022407201853905,treatment,0.2,0.5,0.5714285714285714
283,2,42,0.29144404993398687,0.7809119343053602,0.1767235499988116,treatment,0.2,0.5,0.8108108108108109
284,2,43,0.6668244566860484,0.1768880821803132,0.8021232455645582,treatment,0.2,0.5,0.5873015873015873
285,2,43,0.29144404993398687,0.780236884469196,0.17668352813253252,treatment,0.2,0.5,0.8108108108108109
286,2,44,0.6668244566860484,0.17631536395224348,0.8019143386770975,treatment,0.2,0.5,0.5873015873015873
287,2,44,0.29144404993398687,0.7802286974595933,0.17664495397021382,treatment,0.2,0.5,0.8108108108108109
288,2,45,0.6668244566860484,0.17594961908325887,0.8018796353163127,treatment,0.2,0.5,0.5873015873015873
289,2,45,0.29144404993398687,0.780295829957205,0.1766077506042263,treatment,0.2,0.5,0.8108108108108109
290,2,46,0.6668244566860484,0.1756659079710598,0.8025047652735239,treatment,0.2,0.5,0.5873015873015873
291,2,46,0.29144404993398687,0.7803479825449701,0.1765718464601037,treatment,0.2,0.5,0.8108108108108109
292,2,47,0.6668244566860484,0.17679232818359955,0.8028992382970204,treatment,0.2,0.5,0.5714285714285714
293,2,47,0.29144404993398687,0.7812171169200316,0.17653717484407042,treatment,0.2,0.5,0.8108108108108109
294,2,48,0.6668244566860484,0.17747296070429802,0.8025519447754965,treatment,0.2,0.5,0.5714285714285714
295,2,48,0.29144404993398687,0.7813113154142417,0.17650367353563756,treatment,0.2,0.5,0.8108108108108109
296,2,49,0.6668244566860484,0.1754568265613924,0.8015186489555949,treatment,0.2,0.5,0.6031746031746031
297,2,49,0.29144404993398687,0.7797157081063341,0.17647128442014606,treatment,0.2,0.5,0.8108108108108109
298,2,50,0.6668244566860484,0.17679336170851173,0.8028898330374532,treatment,0.2,0.5,0.5714285714285714
299,2,50,0.29144404993398687,0.7813797383723535,0.17643995315678745,treatment,0.2,0.5,0.8108108108108109
300,2,51,0.6668244566860484,0.1775476221681822,0.8025224728920747,treatment,0.2,0.5,0.5714285714285714
301,2,51,0.29144404993398687,0.7814741946467847,0.1764096288781892,treatment,0.2,0.5,0.8108108108108109
302,2,52,0.6668244566860484,0.1780527565033757,0.8022734488475434,treatment,0.2,0.5,0.5714285714285714
303,2,52,0.29144404993398687,0.7815494673238373,0.17638026391813644,treatment,0.2,0.5,0.8108108108108109
304,2,53,0.6668244566860484,0.1784250991085694,0.8020975960158929,treatment,0.2,0.5,0.5714285714285714
305,2,53,0.29144404993398687,0.7816218502278545,0.17635181356441545,treatment,0.2,0.5,0.8108108108108109
306,2,54,0.6668244566860484,0.17871694606190155,0.8019654798305703,treatment,0.2,0.5,0.5714285714285714
307,2,54,0.29144404993398687,0.7816916565945907,0.1763242358341292,treatment,0.2,0.5,0.8108108108108109
308,2,55,0.6668244566860484,0.1764654856223816,0.8012412677575592,treatment,0.2,0.5,0.6031746031746031
309,2,55,0.29144404993398687,0.7802035426792682,0.176297491269145,treatment,0.2,0.5,0.8108108108108109
310,2,56,0.6668244566860484,0.17498002842817528,0.8018687375630505,treatment,0.2,0.5,0.6031746031746031
311,2,56,0.29144404993398687,0.7801410502735276,0.17627154274960957,treatment,0.2,0.5,0.8108108108108109
312,2,57,0.6668244566860484,0.17661240175045873,0.8030522341825099,treatment,0.2,0.5,0.5714285714285714
313,2,57,0.29144404993398687,0.781741473984048,0.17624635532370322,treatment,0.2,0.5,0.8108108108108109
314,2,58,0.6668244566860484,0.17752189452200834,0.8026132360898397,treatment,0.2,0.5,0.5714285714285714
315,2,58,0.29144404993398687,0.7818203209650174,0.17622189605201324,treatment,0.2,0.5,0.8108108108108109
316,2,59,0.6668244566860484,0.1768242359694375,0.8014945716458358,treatment,0.2,0.5,0.5873015873015873
317,2,59,0.29144404993398687,0.7809376599802593,0.17619813386508587,treatment,0.2,0.5,0.8108108108108109
318,2,60,0.6668244566860484,0.17775060607818075,0.8023176797000446,treatment,0.2,0.5,0.5714285714285714
319,2,60,0.29144404993398687,0.7818938246787852,0.17617503943287918,treatment,0.2,0.5,0.8108108108108109
320,2,61,0.6668244566860484,0.17579873163834767,0.8021478598568963,treatment,0.2,0.5,0.6031746031746031
321,2,61,0.29144404993398687,0.7804252136295587,0.1761525850449741,treatment,0.2,0.5,0.8108108108108109
322,2,62,0.6668244566860484,0.1771816238767592,0.8031251928476998,treatment,0.2,0.5,0.5714285714285714
323,2,62,0.29144404993398687,0.7819429368695403,0.17613074450052763,treatment,0.2,0.5,0.8108108108108109
324,2,63,0.6668244566860484,0.17796358239987814,0.8026419642097249,treatment,0.2,0.5,0.5714285714285714
325,2,63,0.29144404993398687,0.7820130860273532,0.17610949300705794,treatment,0.2,0.5,0.8108108108108109
326,2,64,0.6668244566860484,0.17720906895875482,0.8016701233124106,treatment,0.2,0.5,0.5873015873015873
327,2,64,0.29144404993398687,0.7812429654774143,0.17608880708724797,treatment,0.2,0.5,0.8108108108108109
328,2,65,0.6668244566860484,0.1780880137980365,0.8023266320314003,treatment,0.2,0.5,0.5714285714285714
329,2,65,0.29144404993398687,0.7820800182861817,0.17606866449303732,treatment,0.2,0.5,0.8108108108108109
330,2,66,0.6668244566860484,0.17733284126860036,0.8014601806391521,treatment,0.2,0.5,0.5873015873015873
331,2,66,0.29144404993398687,0.7813302085463758,0.17604904412634803,treatment,0.2,0.5,0.8108108108108109
332,2,67,0.6668244566860484,0.17702764368927582,0.8021551966050425,treatment,0.2,0.5,0.5873015873015873
333,2,67,0.29144404993398687,0.78138753449908,0.17602992596585523,treatment,0.2,0.5,0.8108108108108109
334,2,68,0.6668244566860484,0.1780438541271762,0.8025122781827837,treatment,0.2,0.5,0.5714285714285714
335,2,68,0.29144404993398687,0.7821731711019937,0.17601129099927287,treatment,0.2,0.5,0.8108108108108109
336,2,69,0.6668244566860484,0.17735573533721982,0.8013616788238936,treatment,0.2,0.5,0.5873015873015873
337,2,69,0.29144404993398687,0.7812895212198715,0.1759931211606772,treatment,0.2,0.5,0.8108108108108109
338,2,70,0.6668244566860484,0.1782695466392072,0.8021677984967468,treatment,0.2,0.5,0.5714285714285714
339,2,70,0.29144404993398687,0.7822326203614035,0.17597539927243627,treatment,0.2,0.5,0.8108108108108109
340,2,71,0.6668244566860484,0.17882379224101316,0.8019459204352837,treatment,0.2,0.5,0.5714285714285714
341,2,71,0.29144404993398687,0.7822869952964343,0.17595810899135716,treatment,0.2,0.5,0.8108108108108109
342,2,72,0.6668244566860484,0.17921220435102114,0.8017817455828784,treatment,0.2,0.5,0.5714285714285714
343,2,72,0.29144404993398687,0.7823309212458629,0.17594123475869713,treatment,0.2,0.5,0.8108108108108109
344,2,73,0.6668244566860484,0.1783235459137043,0.8016719224528327,treatment,0.2,0.5,0.5873015873015873
345,2,73,0.29144404993398687,0.7816119138417701,0.17592476175372118,treatment,0.2,0.5,0.8108108108108109
346,2,74,0.6668244566860484,0.17904182091474355,0.8021239902327916,treatment,0.2,0.5,0.5714285714285714
347,2,74,0.29144404993398687,0.7823828571734014,0.17590867585051448,treatment,0.2,0.5,0.8108108108108109
348,2,75,0.6668244566860484,0.17816115408519262,0.8012101556593106,treatment,0.2,0.5,0.5873015873015873
349,2,75,0.29144404993398687,0.7816119059636037,0.1758929635777893,treatment,0.2,0.5,0.8108108108108109
350,2,76,0.6668244566860484,0.17626484723898286,0.8019018088261968,treatment,0.2,0.5,0.6031746031746031
351,2,76,0.29144404993398687,0.7808509940181438,0.17587761208144548,treatment,0.2,0.5,0.8108108108108109
352,2,77,0.6668244566860484,0.1764140574596804,0.802310385216714,treatment,0.2,0.5,0.5873015873015873
353,2,77,0.29144404993398687,0.781614152951167,0.17586260908966783,treatment,0.2,0.5,0.8108108108108109
354,2,78,0.6668244566860484,0.17644953211248374,0.8016547936153229,treatment,0.2,0.5,0.5873015873015873
355,2,78,0.29144404993398687,0.7814264042996896,0.17584794288036304,treatment,0.2,0.5,0.8108108108108109
356,2,79,0.6668244566860484,0.17518596462164163,0.8016308721064463,treatment,0.2,0.5,0.6031746031746031
357,2,79,0.29144404993398687,0.7807957928216591,0.17583360225075442,treatment,0.2,0.5,0.8108108108108109
358,2,80,0.6668244566860484,0.17691030469148594,0.8028832607880596,treatment,0.2,0.5,0.5714285714285714
359,2,80,0.29144404993398687,0.7824270896894919,0.17581957648897034,treatment,0.2,0.5,0.8108108108108109
360,2,81,0.6668244566860484,0.17789829098033394,0.8024305827215751,treatment,0.2,0.5,0.5714285714285714
361,2,81,0.29144404993398687,0.7824808426244286,0.1758058553474753,treatment,0.2,0.5,0.8108108108108109
362,2,82,0.6668244566860484,0.17855616285953296,0.8021217984954611,treatment,0.2,0.5,0.5714285714285714
363,2,82,0.29144404993398687,0.7825173029207227,0.1757924290182067,treatment,0.2,0.5,0.8108108108108109
364,2,83,0.6668244566860484,0.17903357677777548,0.8019018775423176,treatment,0.2,0.5,0.5714285714285714
365,2,83,0.29144404993398687,0.7825527429760292,0.17577928810928958,treatment,0.2,0.5,0.8108108108108109
366,2,84,0.6668244566860484,0.17812338469197772,0.8010885073200162,treatment,0.2,0.5,0.5873015873015873
367,2,84,0.29144404993398687,0.7817707100626119,0.17576642362321562,treatment,0.2,0.5,0.8108108108108109
368,2,85,0.6668244566860484,0.17772872282682756,0.8018375220931276,treatment,0.2,0.5,0.5873015873015873
369,2,85,0.29144404993398687,0.781831395936825,0.17575382693637875,treatment,0.2,0.5,0.8108108108108109
370,2,86,0.6668244566860484,0.17869255468882683,0.8022185758419693,treatment,0.2,0.5,0.5714285714285714
371,2,86,0.29144404993398687,0.7826022001248578,0.1757414897798708,treatment,0.2,0.5,0.8108108108108109
372,2,87,0.6668244566860484,0.1779700877417316,0.8012686478919567,treatment,0.2,0.5,0.5873015873015873
373,2,87,0.29144404993398687,0.7818407848194869,0.1757294042214479,treatment,0.2,0.5,0.8108108108108109
374,2,88,0.6668244566860484,0.17886139081724967,0.8019170492582898,treatment,0.2,0.5,0.5714285714285714
375,2,88,0.29144404993398687,0.7826446500987728,0.17571756264858432,treatment,0.2,0.5,0.8108108108108109
376,2,89,0.6668244566860484,0.17939943983976298,0.8016993739071233,treatment,0.2,0.5,0.5714285714285714
377,2,89,0.29144404993398687,0.7826842993924154,0.17570595775253955,treatment,0.2,0.5,0.8108108108108109
378,2,90,0.6668244566860484,0.17847004037151407,0.8007282436327383,treatment,0.2,0.5,0.5873015873015873
379,2,90,0.29144404993398687,0.7817840487710609,0.17569458251336728,treatment,0.2,0.5,0.8108108108108109
380,2,91,0.6668244566860484,0.17673020475122161,0.801677223766825,treatment,0.2,0.5,0.6031746031746031
381,2,91,0.29144404993398687,0.7811944881067553,0.17568343018580276,treatment,0.2,0.5,0.8108108108108109
382,2,92,0.6668244566860484,0.17817885653375465,0.8026609796371872,treatment,0.2,0.5,0.5714285714285714
383,2,92,0.29144404993398687,0.7826950832559693,0.17567249428596918,treatment,0.2,0.5,0.8108108108108109
384,2,93,0.6668244566860484,0.178981204830373,0.8021812002641172,treatment,0.2,0.5,0.5714285714285714
385,2,93,0.29144404993398687,0.7827400651027306,0.17566176857884777,treatment,0.2,0.5,0.8108108108108109
386,2,94,0.6668244566860484,0.17803625649053678,0.8004353491901446,treatment,0.2,0.5,0.6031746031746031
387,2,94,0.29144404993398687,0.7810446433408845,0.17565124706646149,treatment,0.2,0.5,0.8108108108108109
388,2,95,0.6668244566860484,0.179320731811151,0.8020507603911278,treatment,0.2,0.5,0.5714285714285714
389,2,95,0.29144404993398687,0.7827360403775363,0.17564092397672484,treatment,0.2,0.5,0.8108108108108109
390,2,96,0.6668244566860484,0.17870256603836102,0.8017001439365466,treatment,0.2,0.5,0.5873015873015873
391,2,96,0.29144404993398687,0.7819628915137056,0.17563079375291696,treatment,0.2,0.5,0.8108108108108109
392,2,97,0.6668244566860484,0.17720700739997744,0.8015161310244286,treatment,0.2,0.5,0.6031746031746031
393,2,97,0.29144404993398687,0.7812662035599324,0.17562085104373723,treatment,0.2,0.5,0.8108108108108109
394,2,98,0.6668244566860484,0.17753271815160976,0.8017119119858334,treatment,0.2,0.5,0.5873015873015873
395,2,98,0.29144404993398687,0.7818339506764561,0.1756110906939066,treatment,0.2,0.5,0.8108108108108109
396,2,99,0.6668244566860484,0.17770371412916833,0.8011441022234431,treatment,0.2,0.5,0.5873015873015873
397,2,99,0.29144404993398687,0.7817394742007647,0.17560150773527985,treatment,0.2,0.5,0.8108108108108109
398,3,1,0.680280154921968,0.2243627376734361,0.7773517393175,treatment,0.2,0.5,0.7222222222222222
399,3,1,0.3385214174001127,0.720461383116173,0.2777649350707275,treatment,0.2,0.5,0.782608695652174
400,3,2,0.680280154921968,0.20151092727236736,0.8039461917663024,treatment,0.2,0.5,0.6666666666666666
401,3,2,0.3385214174001127,0.7421425502921923,0.2398084262095213,treatment,0.2,0.5,0.8043478260869565
402,3,3,0.680280154921968,0.1944773382579912,0.8182038665722687,treatment,0.2,0.5,0.6296296296296297
403,3,3,0.3385214174001127,0.7510820895960838,0.21694758732468838,treatment,0.2,0.5,0.7391304347826086
404,3,4,0.680280154921968,0.1944932826382649,0.8186435628372956,treatment,0.2,0.5,0.6296296296296297
405,3,4,0.3385214174001127,0.7579240361121763,0.21278749002400077,treatment,0.2,0.5,0.7391304347826086
406,3,5,0.680280154921968,0.1965984882337813,0.8188880945889031,treatment,0.2,0.5,0.6296296296296297
407,3,5,0.3385214174001127,0.7603820734435828,0.21415241068030105,treatment,0.2,0.5,0.7391304347826086
408,3,6,0.680280154921968,0.198695989140918,0.8190838681607141,treatment,0.2,0.5,0.6296296296296297
409,3,6,0.3385214174001127,0.7653522504750676,0.21529932894392417,treatment,0.2,0.5,0.782608695652174
410,3,7,0.680280154921968,0.19663547561704284,0.8192395608519555,treatment,0.2,0.5,0.6296296296296297
411,3,7,0.3385214174001127,0.7657081134024167,0.21357834661625272,treatment,0.2,0.5,0.717391304347826
412,3,8,0.680280154921968,0.19853269588983158,0.8193617873071453,treatment,0.2,0.5,0.6296296296296297
413,3,8,0.3385214174001127,0.7696381898609042,0.21442603155162832,treatment,0.2,0.5,0.7608695652173914
414,3,9,0.680280154921968,0.19586421168120705,0.8194560405498938,treatment,0.2,0.5,0.6296296296296297
415,3,9,0.3385214174001127,0.7691289011974992,0.2123104811252745,treatment,0.2,0.5,0.6956521739130435
416,3,10,0.680280154921968,0.20042749970009469,0.8195268024490483,treatment,0.2,0.5,0.6296296296296297
417,3,10,0.3385214174001127,0.7737456875462771,0.2153449647004761,treatment,0.2,0.5,0.782608695652174
418,3,11,0.680280154921968,0.19507932941936001,0.8195777293269442,treatment,0.2,0.5,0.6296296296296297
419,3,11,0.3385214174001127,0.7722589252161937,0.21111095824268822,treatment,0.2,0.5,0.6739130434782609
420,3,12,0.680280154921968,0.19911589409448374,0.8186682698835795,treatment,0.2,0.5,0.6481481481481481
421,3,12,0.3385214174001127,0.7736721073013496,0.21497761897761433,treatment,0.2,0.5,0.7608695652173914
422,3,13,0.680280154921968,0.196985841870201,0.8200147972694102,treatment,0.2,0.5,0.6296296296296297
423,3,13,0.3385214174001127,0.7731844305268798,0.21180546072924994,treatment,0.2,0.5,0.6956521739130435
424,3,14,0.680280154921968,0.19927038678552844,0.8199581964254568,treatment,0.2,0.5,0.6296296296296297
425,3,14,0.3385214174001127,0.7758252724917141,0.21356987281320677,treatment,0.2,0.5,0.7391304347826086
426,3,15,0.680280154921968,0.1908240563261752,0.819862330511482,treatment,0.2,0.5,0.6481481481481481
427,3,15,0.3385214174001127,0.773512126213578,0.20842164760298262,treatment,0.2,0.5,0.6304347826086957
428,3,16,0.680280154921968,0.19871311828631508,0.820672844043509,treatment,0.2,0.5,0.6296296296296297
429,3,16,0.3385214174001127,0.7767353220007454,0.2146781468467569,treatment,0.2,0.5,0.7391304347826086
430,3,17,0.680280154921968,0.19219175785490492,0.8204141363416596,treatment,0.2,0.5,0.6296296296296297
431,3,17,0.3385214174001127,0.7752727571746074,0.20916208183174725,treatment,0.2,0.5,0.6304347826086957
432,3,18,0.680280154921968,0.20088996519960584,0.820233896721751,treatment,0.2,0.5,0.6296296296296297
433,3,18,0.3385214174001127,0.7776402501530676,0.2163142702788667,treatment,0.2,0.5,0.7608695652173914
434,3,19,0.680280154921968,0.19303197172657247,0.819050039582119,treatment,0.2,0.5,0.6481481481481481
435,3,19,0.3385214174001127,0.7750385214485335,0.21106920555294037,treatment,0.2,0.5,0.6521739130434783
436,3,20,0.680280154921968,0.20153301624709452,0.8203248791284009,treatment,0.2,0.5,0.6296296296296297
437,3,20,0.3385214174001127,0.7797581621614921,0.2168187660229674,treatment,0.2,0.5,0.782608695652174
438,3,21,0.680280154921968,0.19611699295218768,0.8201575086184909,treatment,0.2,0.5,0.6296296296296297
439,3,21,0.3385214174001127,0.7790490493515787,0.21132715417777953,treatment,0.2,0.5,0.6739130434782609
440,3,22,0.680280154921968,0.19838352342946663,0.8189363683356587,treatment,0.2,0.5,0.6481481481481481
441,3,22,0.3385214174001127,0.7793442760873208,0.214017379587842,treatment,0.2,0.5,0.7391304347826086
442,3,23,0.680280154921968,0.19417992086809133,0.8202226830278588,treatment,0.2,0.5,0.6296296296296297
443,3,23,0.3385214174001127,0.7781621257290137,0.2102747441037784,treatment,0.2,0.5,0.6521739130434783
444,3,24,0.680280154921968,0.19969425787828243,0.8200509784432264,treatment,0.2,0.5,0.6296296296296297
445,3,24,0.3385214174001127,0.7802407359076903,0.21444645320429984,treatment,0.2,0.5,0.7391304347826086
446,3,25,0.680280154921968,0.1935228311195851,0.81966875123351,treatment,0.2,0.5,0.6481481481481481
447,3,25,0.3385214174001127,0.7774490018192717,0.21060913774310927,treatment,0.2,0.5,0.6521739130434783
448,3,26,0.680280154921968,0.20093597051125722,0.8205236958972586,treatment,0.2,0.5,0.6296296296296297
449,3,26,0.3385214174001127,0.7803324719183103,0.21569541370451972,treatment,0.2,0.5,0.7608695652173914
450,3,27,0.680280154921968,0.19501843368309257,0.820220139461051,treatment,0.2,0.5,0.6296296296296297
451,3,27,0.3385214174001127,0.778541907544437,0.21052028269490747,treatment,0.2,0.5,0.6521739130434783
452,3,28,0.680280154921968,0.19749570258560445,0.8190627063775034,treatment,0.2,0.5,0.6666666666666666
453,3,28,0.3385214174001127,0.7787117146161984,0.21448975681444268,treatment,0.2,0.5,0.7391304347826086
454,3,29,0.680280154921968,0.19238602107418942,0.8183738847721395,treatment,0.2,0.5,0.6481481481481481
455,3,29,0.3385214174001127,0.7775498610568852,0.2106583802901375,treatment,0.2,0.5,0.6521739130434783
456,3,30,0.680280154921968,0.1999176292323009,0.8187198584622019,treatment,0.2,0.5,0.6296296296296297
457,3,30,0.3385214174001127,0.7821620004185534,0.21523242091820596,treatment,0.2,0.5,0.7608695652173914
458,3,31,0.680280154921968,0.19449809982231214,0.8181380819142733,treatment,0.2,0.5,0.6296296296296297
459,3,31,0.3385214174001127,0.7798124848603598,0.21041757519406148,treatment,0.2,0.5,0.6521739130434783
460,3,32,0.680280154921968,0.20004368614214454,0.817739472425373,treatment,0.2,0.5,0.6296296296296297
461,3,32,0.3385214174001127,0.7816202602590616,0.21442413594307977,treatment,0.2,0.5,0.7391304347826086
462,3,33,0.680280154921968,0.195457799731434,0.8174467045113083,treatment,0.2,0.5,0.6296296296296297
463,3,33,0.3385214174001127,0.779659714348881,0.21060302954138463,treatment,0.2,0.5,0.6521739130434783
464,3,34,0.680280154921968,0.20078268389467216,0.8172177722134135,treatment,0.2,0.5,0.6296296296296297
465,3,34,0.3385214174001127,0.7816266206297705,0.2146086339291662,treatment,0.2,0.5,0.7391304347826086
466,3,35,0.680280154921968,0.19609657478753723,0.8170303923922876,treatment,0.2,0.5,0.6296296296296297
467,3,35,0.3385214174001127,0.7797444457545953,0.21074590093950576,treatment,0.2,0.5,0.6521739130434783
468,3,36,0.680280154921968,0.20131525103553047,0.8168716269232598,treatment,0.2,0.5,0.6296296296296297
469,3,36,0.3385214174001127,0.781752450137204,0.21469996106837339,treatment,0.2,0.5,0.7391304347826086
470,3,37,0.680280154921968,0.1965818632551273,0.8167334328674416,treatment,0.2,0.5,0.6296296296296297
471,3,37,0.3385214174001127,0.7798924474882307,0.21082436650728797,treatment,0.2,0.5,0.6521739130434783
472,3,38,0.680280154921968,0.20324645686894185,0.8166105426660327,treatment,0.2,0.5,0.6296296296296297
473,3,38,0.3385214174001127,0.7819120980070601,0.2157267460570292,treatment,0.2,0.5,0.7608695652173914
474,3,39,0.680280154921968,0.19703973857749396,0.8164993614707815,treatment,0.2,0.5,0.6296296296296297
475,3,39,0.3385214174001127,0.780057539595463,0.2105472624682009,treatment,0.2,0.5,0.6521739130434783
476,3,40,0.680280154921968,0.20331135615023327,0.8163973528105111,treatment,0.2,0.5,0.6296296296296297
477,3,40,0.3385214174001127,0.7835585738727807,0.21504871561087113,treatment,0.2,0.5,0.7608695652173914
478,3,41,0.680280154921968,0.19580281365893673,0.8161751913945339,treatment,0.2,0.5,0.6481481481481481
479,3,41,0.3385214174001127,0.7802665661851557,0.2102828052338825,treatment,0.2,0.5,0.6521739130434783
480,3,42,0.680280154921968,0.2027506365213059,0.8169432527533718,treatment,0.2,0.5,0.6296296296296297
481,3,42,0.3385214174001127,0.7842539158177345,0.21495171057154078,treatment,0.2,0.5,0.7608695652173914
482,3,43,0.680280154921968,0.19703599520734688,0.8166473259075095,treatment,0.2,0.5,0.6296296296296297
483,3,43,0.3385214174001127,0.7817276110125058,0.2101309547857415,treatment,0.2,0.5,0.6521739130434783
484,3,44,0.680280154921968,0.20228245166543227,0.816435588548402,treatment,0.2,0.5,0.6296296296296297
485,3,44,0.3385214174001127,0.7833861553236608,0.2141839141241962,treatment,0.2,0.5,0.7391304347826086
486,3,45,0.680280154921968,0.1975728821627716,0.8162736190915125,treatment,0.2,0.5,0.6296296296296297
487,3,45,0.3385214174001127,0.781301594793083,0.21039308122850295,treatment,0.2,0.5,0.6521739130434783
488,3,46,0.680280154921968,0.20270842355467186,0.8161408917058975,treatment,0.2,0.5,0.6296296296296297
489,3,46,0.3385214174001127,0.7831618581871393,0.21442742893861866,treatment,0.2,0.5,0.7391304347826086
490,3,47,0.680280154921968,0.19633690926149522,0.8157999061209534,treatment,0.2,0.5,0.6481481481481481
491,3,47,0.3385214174001127,0.7803093666065088,0.21058547534621863,treatment,0.2,0.5,0.6521739130434783
492,3,48,0.680280154921968,0.20062701628547724,0.8163338889314155,treatment,0.2,0.5,0.6481481481481481
493,3,48,0.3385214174001127,0.7820899291157947,0.21455668108094214,treatment,0.2,0.5,0.7391304347826086
494,3,49,0.680280154921968,0.19654585840115513,0.8170236727850608,treatment,0.2,0.5,0.6296296296296297
495,3,49,0.3385214174001127,0.7809410540311615,0.21069697949957628,treatment,0.2,0.5,0.6521739130434783
496,3,50,0.680280154921968,0.20326227064115904,0.8166229953140777,treatment,0.2,0.5,0.6296296296296297
497,3,50,0.3385214174001127,0.7845042506077821,0.21520515108596763,treatment,0.2,0.5,0.7608695652173914
498,3,51,0.680280154921968,0.1961502839675433,0.815870489809456,treatment,0.2,0.5,0.6481481481481481
499,3,51,0.3385214174001127,0.7810513028369414,0.2103958237949953,treatment,0.2,0.5,0.6521739130434783
500,3,52,0.680280154921968,0.20192602052507494,0.8167843162764211,treatment,0.2,0.5,0.6296296296296297
501,3,52,0.3385214174001127,0.7836239452779882,0.21436476954459444,treatment,0.2,0.5,0.7391304347826086
502,3,53,0.680280154921968,0.19929887329986992,0.8164530284396257,treatment,0.2,0.5,0.6296296296296297
503,3,53,0.3385214174001127,0.7815730653830076,0.21171618870658057,treatment,0.2,0.5,0.6739130434782609
504,3,54,0.680280154921968,0.2013436340845984,0.8160700004846423,treatment,0.2,0.5,0.6481481481481481
505,3,54,0.3385214174001127,0.7825584914895067,0.21408458486565943,treatment,0.2,0.5,0.7391304347826086
506,3,55,0.680280154921968,0.19714991501774964,0.81673829699613,treatment,0.2,0.5,0.6296296296296297
507,3,55,0.3385214174001127,0.7813208931615631,0.21029961930723917,treatment,0.2,0.5,0.6521739130434783
508,3,56,0.680280154921968,0.20188352588726183,0.8157019704774291,treatment,0.2,0.5,0.6481481481481481
509,3,56,0.3385214174001127,0.7823908560415214,0.21435922356537723,treatment,0.2,0.5,0.7391304347826086
510,3,57,0.680280154921968,0.1978021162029483,0.8165742799499189,treatment,0.2,0.5,0.6296296296296297
511,3,57,0.3385214174001127,0.7812478943223794,0.21053888234434687,treatment,0.2,0.5,0.6521739130434783
512,3,58,0.680280154921968,0.20335939923679244,0.8162440310506943,treatment,0.2,0.5,0.6296296296296297
513,3,58,0.3385214174001127,0.7833059215574254,0.2145144956467526,treatment,0.2,0.5,0.7391304347826086
514,3,59,0.680280154921968,0.19877431436779733,0.8159957859803193,treatment,0.2,0.5,0.6296296296296297
515,3,59,0.3385214174001127,0.7813875628121429,0.21066704995144933,treatment,0.2,0.5,0.6521739130434783
516,3,60,0.680280154921968,0.2047547085353445,0.8138623786783593,treatment,0.2,0.5,0.6481481481481481
517,3,60,0.3385214174001127,0.7839183887135457,0.21516840508398188,treatment,0.2,0.5,0.7608695652173914
518,3,61,0.680280154921968,0.19923905000649333,0.8145533911834418,treatment,0.2,0.5,0.6296296296296297
519,3,61,0.3385214174001127,0.7821956178104408,0.21036827661784901,treatment,0.2,0.5,0.6521739130434783
520,3,62,0.680280154921968,0.2046081351286885,0.8141921858367236,treatment,0.2,0.5,0.6296296296296297
521,3,62,0.3385214174001127,0.7839910102716732,0.21433513264030496,treatment,0.2,0.5,0.7391304347826086
522,3,63,0.680280154921968,0.20147059312505652,0.8139359961275704,treatment,0.2,0.5,0.6296296296296297
523,3,63,0.3385214174001127,0.7833891738195554,0.21132108382225892,treatment,0.2,0.5,0.6739130434782609
524,3,64,0.680280154921968,0.204645839634216,0.8116697851569585,treatment,0.2,0.5,0.6481481481481481
525,3,64,0.3385214174001127,0.7838647120637839,0.21402954123581222,treatment,0.2,0.5,0.7391304347826086
526,3,65,0.680280154921968,0.19744526437031434,0.8108401367719281,treatment,0.2,0.5,0.6666666666666666
527,3,65,0.3385214174001127,0.7805057950930122,0.21025779103065179,treatment,0.2,0.5,0.6521739130434783
528,3,66,0.680280154921968,0.20276537813687648,0.8114963205063126,treatment,0.2,0.5,0.6481481481481481
529,3,66,0.3385214174001127,0.7829863365208121,0.21431698518279912,treatment,0.2,0.5,0.7391304347826086
530,3,67,0.680280154921968,0.19731349695611916,0.8122807780569777,treatment,0.2,0.5,0.6481481481481481
531,3,67,0.3385214174001127,0.7810041584017643,0.2105010846608728,treatment,0.2,0.5,0.6521739130434783
532,3,68,0.680280154921968,0.2037578492523183,0.8127742227651105,treatment,0.2,0.5,0.6296296296296297
533,3,68,0.3385214174001127,0.7837826700714857,0.21447654771907593,treatment,0.2,0.5,0.7391304347826086
534,3,69,0.680280154921968,0.20103961759478184,0.8122936990594908,treatment,0.2,0.5,0.6296296296296297
535,3,69,0.3385214174001127,0.7833435662028829,0.21136679842438816,treatment,0.2,0.5,0.6739130434782609
536,3,70,0.680280154921968,0.20600158822236891,0.8111966629666454,treatment,0.2,0.5,0.6481481481481481
537,3,70,0.3385214174001127,0.7837037188802958,0.21509337653825195,treatment,0.2,0.5,0.7608695652173914
538,3,71,0.680280154921968,0.19889375847571863,0.811809660771087,treatment,0.2,0.5,0.6481481481481481
539,3,71,0.3385214174001127,0.7813925251017801,0.21000477682383298,treatment,0.2,0.5,0.6521739130434783
540,3,72,0.680280154921968,0.20530430331740543,0.8123559246001728,treatment,0.2,0.5,0.6481481481481481
541,3,72,0.3385214174001127,0.7832558888982619,0.215250778876482,treatment,0.2,0.5,0.7608695652173914
542,3,73,0.680280154921968,0.1985654268753312,0.8121192329753419,treatment,0.2,0.5,0.6481481481481481
543,3,73,0.3385214174001127,0.7809831806829399,0.2100449370570579,treatment,0.2,0.5,0.6521739130434783
544,3,74,0.680280154921968,0.20486531160791782,0.812790740886893,treatment,0.2,0.5,0.6296296296296297
545,3,74,0.3385214174001127,0.7838482112444198,0.21405054585870142,treatment,0.2,0.5,0.7391304347826086
546,3,75,0.680280154921968,0.20053705879311778,0.8122972613356866,treatment,0.2,0.5,0.6296296296296297
547,3,75,0.3385214174001127,0.7818874233102698,0.21025556342136997,treatment,0.2,0.5,0.6521739130434783
548,3,76,0.680280154921968,0.20456654059415783,0.8117417004411706,treatment,0.2,0.5,0.6481481481481481
549,3,76,0.3385214174001127,0.7829173262840661,0.21429428431050726,treatment,0.2,0.5,0.7391304347826086
550,3,77,0.680280154921968,0.20043483052924294,0.8123861632304298,treatment,0.2,0.5,0.6296296296296297
551,3,77,0.3385214174001127,0.7817154046418352,0.21045661269606897,treatment,0.2,0.5,0.6521739130434783
552,3,78,0.680280154921968,0.20604770656926027,0.8119821230024883,treatment,0.2,0.5,0.6296296296296297
553,3,78,0.3385214174001127,0.7837514389769191,0.2144337961981991,treatment,0.2,0.5,0.7391304347826086
554,3,79,0.680280154921968,0.20296008364512338,0.8116922734323194,treatment,0.2,0.5,0.6296296296296297
555,3,79,0.3385214174001127,0.7833319478663919,0.21131522751155493,treatment,0.2,0.5,0.6739130434782609
556,3,80,0.680280154921968,0.20392542276047387,0.8112287364842852,treatment,0.2,0.5,0.6666666666666666
557,3,80,0.3385214174001127,0.7830090582511183,0.21406448610510698,treatment,0.2,0.5,0.7391304347826086
558,3,81,0.680280154921968,0.2002223751937324,0.8126601306339487,treatment,0.2,0.5,0.6296296296296297
559,3,81,0.3385214174001127,0.7822056639314237,0.210285787165864,treatment,0.2,0.5,0.6521739130434783
560,3,82,0.680280154921968,0.20601961727577295,0.8121062483416814,treatment,0.2,0.5,0.6296296296296297
561,3,82,0.3385214174001127,0.7841878773110146,0.21432944737716347,treatment,0.2,0.5,0.7391304347826086
562,3,83,0.680280154921968,0.19992121340858215,0.811529183375661,treatment,0.2,0.5,0.6481481481481481
563,3,83,0.3385214174001127,0.7813111538196754,0.21050874394689617,treatment,0.2,0.5,0.6521739130434783
564,3,84,0.680280154921968,0.20439495824553974,0.8106774574737853,treatment,0.2,0.5,0.6666666666666666
565,3,84,0.3385214174001127,0.7834765094609222,0.21509830210427625,treatment,0.2,0.5,0.7608695652173914
566,3,85,0.680280154921968,0.19964768166744992,0.8126603800978809,treatment,0.2,0.5,0.6296296296296297
567,3,85,0.3385214174001127,0.7826349597677739,0.21023222444655723,treatment,0.2,0.5,0.6521739130434783
568,3,86,0.680280154921968,0.2055917881085579,0.8121518142066907,treatment,0.2,0.5,0.6296296296296297
569,3,86,0.3385214174001127,0.7845302510940426,0.21420964016560617,treatment,0.2,0.5,0.7391304347826086
570,3,87,0.680280154921968,0.20114016498406836,0.8117896287595769,treatment,0.2,0.5,0.6296296296296297
571,3,87,0.3385214174001127,0.7824409193028615,0.2104114436600593,treatment,0.2,0.5,0.6521739130434783
572,3,88,0.680280154921968,0.20531696983206318,0.8102510429496961,treatment,0.2,0.5,0.6666666666666666
573,3,88,0.3385214174001127,0.7824498722099923,0.21536763485345387,treatment,0.2,0.5,0.7608695652173914
574,3,89,0.680280154921968,0.20171249865598995,0.8121969462244797,treatment,0.2,0.5,0.6296296296296297
575,3,89,0.3385214174001127,0.7835075284741445,0.21097878592321825,treatment,0.2,0.5,0.6739130434782609
576,3,90,0.680280154921968,0.20480910517823905,0.8112447470713073,treatment,0.2,0.5,0.6481481481481481
577,3,90,0.3385214174001127,0.7840295534092206,0.21373294342620683,treatment,0.2,0.5,0.7391304347826086
578,3,91,0.680280154921968,0.20068490637709088,0.8120739944399654,treatment,0.2,0.5,0.6296296296296297
579,3,91,0.3385214174001127,0.7826165823814482,0.21001444115811443,treatment,0.2,0.5,0.6521739130434783
580,3,92,0.680280154921968,0.20485375805622297,0.8114986979796355,treatment,0.2,0.5,0.6481481481481481
581,3,92,0.3385214174001127,0.7835931687274738,0.2141340627596823,treatment,0.2,0.5,0.7391304347826086
582,3,93,0.680280154921968,0.19914270845610205,0.8119702139453101,treatment,0.2,0.5,0.6481481481481481
583,3,93,0.3385214174001127,0.7814611461344143,0.21033783687215762,treatment,0.2,0.5,0.6521739130434783
584,3,94,0.680280154921968,0.20399475062915157,0.8121145664552261,treatment,0.2,0.5,0.6481481481481481
585,3,94,0.3385214174001127,0.7832782809238674,0.21434634622432558,treatment,0.2,0.5,0.7391304347826086
586,3,95,0.680280154921968,0.2001130986947236,0.8126114997731477,treatment,0.2,0.5,0.6296296296296297
587,3,95,0.3385214174001127,0.7820738494426192,0.21051315270703153,treatment,0.2,0.5,0.6521739130434783
588,3,96,0.680280154921968,0.2044650161232943,0.8119624120985391,treatment,0.2,0.5,0.6481481481481481
589,3,96,0.3385214174001127,0.7832521359814718,0.2144711460083915,treatment,0.2,0.5,0.7391304347826086
590,3,97,0.680280154921968,0.20048012682335845,0.8123905000926857,treatment,0.2,0.5,0.6296296296296297
591,3,97,0.3385214174001127,0.7819930453999578,0.21062345415423953,treatment,0.2,0.5,0.6521739130434783
592,3,98,0.680280154921968,0.2061820723294772,0.811907979029927,treatment,0.2,0.5,0.6296296296296297
593,3,98,0.3385214174001127,0.7840117472290625,0.21455348708395458,treatment,0.2,0.5,0.7391304347826086
594,3,99,0.680280154921968,0.20314499896162022,0.8115686697064752,treatment,0.2,0.5,0.6296296296296297
595,3,99,0.3385214174001127,0.7835827991110926,0.21143927579201016,treatment,0.2,0.5,0.6739130434782609
596,4,1,0.6276243282152882,0.22215681222287498,0.7451602777907838,treatment,0.2,0.5,0.5636363636363636
597,4,1,0.3018111088719653,0.7442680203334819,0.2597039913473736,treatment,0.2,0.5,0.8666666666666667
598,4,2,0.6276243282152882,0.2018859673976873,0.7693326710613104,treatment,0.2,0.5,0.509090909090909
599,4,2,0.3018111088719653,0.762178006147994,0.21909330942556066,treatment,0.2,0.5,0.8888888888888888
600,4,3,0.6276243282152882,0.1996652310744371,0.7805607183206985,treatment,0.2,0.5,0.43636363636363634
601,4,3,0.3018111088719653,0.7709810484007484,0.19271091012782182,treatment,0.2,0.5,0.8
602,4,4,0.6276243282152882,0.19480931017920372,0.782455555607646,treatment,0.2,0.5,0.4727272727272727
603,4,4,0.3018111088719653,0.7688771830355141,0.18868646773370004,treatment,0.2,0.5,0.7555555555555555
604,4,5,0.6276243282152882,0.19026329776284182,0.7833004411796304,treatment,0.2,0.5,0.4909090909090909
605,4,5,0.3018111088719653,0.7694430020541546,0.18695862347992115,treatment,0.2,0.5,0.7333333333333333
606,4,6,0.6276243282152882,0.19199330739334095,0.7864426761516793,treatment,0.2,0.5,0.43636363636363634
607,4,6,0.3018111088719653,0.7750960419043611,0.18703659661382513,treatment,0.2,0.5,0.7333333333333333
608,4,7,0.6276243282152882,0.19268049249626062,0.7866072068781167,treatment,0.2,0.5,0.43636363636363634
609,4,7,0.3018111088719653,0.776361488053712,0.18700840884878206,treatment,0.2,0.5,0.7333333333333333
610,4,8,0.6276243282152882,0.1896195634531019,0.7842798743727568,treatment,0.2,0.5,0.4909090909090909
611,4,8,0.3018111088719653,0.7726534472221923,0.18692622540931228,treatment,0.2,0.5,0.7333333333333333
612,4,9,0.6276243282152882,0.19300464339812254,0.7863679901547168,treatment,0.2,0.5,0.45454545454545453
613,4,9,0.3018111088719653,0.7760767035356969,0.1865983224356851,treatment,0.2,0.5,0.8
614,4,10,0.6276243282152882,0.19599593692581943,0.7872193021809446,treatment,0.2,0.5,0.43636363636363634
615,4,10,0.3018111088719653,0.7781653648303444,0.18780281327697507,treatment,0.2,0.5,0.8222222222222222
616,4,11,0.6276243282152882,0.19377424582594438,0.7848003041216934,treatment,0.2,0.5,0.4909090909090909
617,4,11,0.3018111088719653,0.7742631101470064,0.18773218682756346,treatment,0.2,0.5,0.8222222222222222
618,4,12,0.6276243282152882,0.19346023498447681,0.7868187456459781,treatment,0.2,0.5,0.45454545454545453
619,4,12,0.3018111088719653,0.7774372236201622,0.18596649177119245,treatment,0.2,0.5,0.8
620,4,13,0.6276243282152882,0.1975972586735686,0.7875607195904086,treatment,0.2,0.5,0.43636363636363634
621,4,13,0.3018111088719653,0.7792983451546758,0.18924111612506372,treatment,0.2,0.5,0.8444444444444444
622,4,14,0.6276243282152882,0.19389572524951917,0.7851023972128272,treatment,0.2,0.5,0.4909090909090909
623,4,14,0.3018111088719653,0.7753031113412763,0.1873408577928551,treatment,0.2,0.5,0.8222222222222222
624,4,15,0.6276243282152882,0.19502665850908849,0.7870498578749603,treatment,0.2,0.5,0.45454545454545453
625,4,15,0.3018111088719653,0.7783464306692721,0.187410986888064,treatment,0.2,0.5,0.8222222222222222
626,4,16,0.6276243282152882,0.19405276102165125,0.7877250441336686,treatment,0.2,0.5,0.43636363636363634
627,4,16,0.3018111088719653,0.7800786231293139,0.18419508248021496,treatment,0.2,0.5,0.7777777777777778
628,4,17,0.6276243282152882,0.19107742507583306,0.785244049370433,treatment,0.2,0.5,0.4909090909090909
629,4,17,0.3018111088719653,0.776035303029845,0.18459792203929443,treatment,0.2,0.5,0.7777777777777778
630,4,18,0.6276243282152882,0.19464077781507444,0.787149788143133,treatment,0.2,0.5,0.45454545454545453
631,4,18,0.3018111088719653,0.7790005012609478,0.18795978859409104,treatment,0.2,0.5,0.8222222222222222
632,4,19,0.6276243282152882,0.19379892668422313,0.7877799400919323,treatment,0.2,0.5,0.43636363636363634
633,4,19,0.3018111088719653,0.7806511863675841,0.18446063778790622,treatment,0.2,0.5,0.7777777777777778
634,4,20,0.6276243282152882,0.191024662673876,0.7844641048875666,treatment,0.2,0.5,0.509090909090909
635,4,20,0.3018111088719653,0.7750721620670441,0.1862471119437073,treatment,0.2,0.5,0.8
636,4,21,0.6276243282152882,0.19109771493758598,0.7873166875754208,treatment,0.2,0.5,0.45454545454545453
637,4,21,0.3018111088719653,0.7793896495930164,0.18457775348074115,treatment,0.2,0.5,0.7777777777777778
638,4,22,0.6276243282152882,0.19426357498047434,0.7878737013761729,treatment,0.2,0.5,0.43636363636363634
639,4,22,0.3018111088719653,0.7810030925313229,0.18641617743930822,treatment,0.2,0.5,0.8
640,4,23,0.6276243282152882,0.1904145597862685,0.7853526983197966,treatment,0.2,0.5,0.4909090909090909
641,4,23,0.3018111088719653,0.7769198574029867,0.18459639461820473,treatment,0.2,0.5,0.7777777777777778
642,4,24,0.6276243282152882,0.19277132151491982,0.7871790395517688,treatment,0.2,0.5,0.45454545454545453
643,4,24,0.3018111088719653,0.7798022038598851,0.18636069019252577,treatment,0.2,0.5,0.8
644,4,25,0.6276243282152882,0.19585217691456175,0.7877421231806456,treatment,0.2,0.5,0.43636363636363634
645,4,25,0.3018111088719653,0.7813604341956424,0.18779474548733172,treatment,0.2,0.5,0.8222222222222222
646,4,26,0.6276243282152882,0.19077335079355953,0.7852033680086531,treatment,0.2,0.5,0.4909090909090909
647,4,26,0.3018111088719653,0.7772662872666909,0.18427719627897726,treatment,0.2,0.5,0.7777777777777778
648,4,27,0.6276243282152882,0.19246378231636146,0.7858828267149309,treatment,0.2,0.5,0.4727272727272727
649,4,27,0.3018111088719653,0.7785579229929461,0.1860714839005517,treatment,0.2,0.5,0.8
650,4,28,0.6276243282152882,0.19339698533394448,0.7874701143693684,treatment,0.2,0.5,0.43636363636363634
651,4,28,0.3018111088719653,0.7815611320572722,0.18440212901007402,treatment,0.2,0.5,0.7777777777777778
652,4,29,0.6276243282152882,0.19249001577932306,0.784896253510656,treatment,0.2,0.5,0.4909090909090909
653,4,29,0.3018111088719653,0.7774777780804799,0.1862424611916186,treatment,0.2,0.5,0.8
654,4,30,0.6276243282152882,0.19365963639253048,0.7867038784658544,treatment,0.2,0.5,0.45454545454545453
655,4,30,0.3018111088719653,0.7803169192706455,0.18597849342058698,treatment,0.2,0.5,0.8
656,4,31,0.6276243282152882,0.19412678178857387,0.7872354997068656,treatment,0.2,0.5,0.43636363636363634
657,4,31,0.3018111088719653,0.7818234318645182,0.1843047867642915,treatment,0.2,0.5,0.7777777777777778
658,4,32,0.6276243282152882,0.19550199696902823,0.7846751214215921,treatment,0.2,0.5,0.4909090909090909
659,4,32,0.3018111088719653,0.777719954809038,0.18825328498967434,treatment,0.2,0.5,0.8444444444444444
660,4,33,0.6276243282152882,0.19429703168610699,0.7864908539538452,treatment,0.2,0.5,0.45454545454545453
661,4,33,0.3018111088719653,0.7805435760877615,0.18494426400845154,treatment,0.2,0.5,0.8
662,4,34,0.6276243282152882,0.19464782276476375,0.7870313384378002,treatment,0.2,0.5,0.43636363636363634
663,4,34,0.3018111088719653,0.7820312544284365,0.18353365571721617,treatment,0.2,0.5,0.7777777777777778
664,4,35,0.6276243282152882,0.19327202736809732,0.7844984509482084,treatment,0.2,0.5,0.4909090909090909
665,4,35,0.3018111088719653,0.7779246910924988,0.1855770538687082,treatment,0.2,0.5,0.8
666,4,36,0.6276243282152882,0.19429336418067258,0.7863192858933609,treatment,0.2,0.5,0.45454545454545453
667,4,36,0.3018111088719653,0.7807362126772732,0.18544497581101088,treatment,0.2,0.5,0.8
668,4,37,0.6276243282152882,0.19468377490254737,0.7868569740479329,treatment,0.2,0.5,0.43636363636363634
669,4,37,0.3018111088719653,0.7822086861528026,0.18384730389707724,treatment,0.2,0.5,0.7777777777777778
670,4,38,0.6276243282152882,0.1947064139885042,0.7843372636878858,treatment,0.2,0.5,0.4909090909090909
671,4,38,0.3018111088719653,0.7781001687449336,0.18722770434393673,treatment,0.2,0.5,0.8222222222222222
672,4,39,0.6276243282152882,0.18904627507386165,0.7837553364053745,treatment,0.2,0.5,0.509090909090909
673,4,39,0.3018111088719653,0.776256490411705,0.18374742103459182,treatment,0.2,0.5,0.7777777777777778
674,4,40,0.6276243282152882,0.19046892852886485,0.7849729208779714,treatment,0.2,0.5,0.4909090909090909
675,4,40,0.3018111088719653,0.7779176310907329,0.18556301415794038,treatment,0.2,0.5,0.8
676,4,41,0.6276243282152882,0.19122299160633502,0.7866090825682612,treatment,0.2,0.5,0.45454545454545453
677,4,41,0.3018111088719653,0.7807791003929634,0.18392090549579707,treatment,0.2,0.5,0.7777777777777778
678,4,42,0.6276243282152882,0.1946543480667109,0.7870406984925225,treatment,0.2,0.5,0.43636363636363634
679,4,42,0.3018111088719653,0.7822373793583087,0.18578546817281827,treatment,0.2,0.5,0.8
680,4,43,0.6276243282152882,0.19241805842356194,0.7843597814432668,treatment,0.2,0.5,0.4909090909090909
681,4,43,0.3018111088719653,0.778131825838801,0.18555078470346145,treatment,0.2,0.5,0.8
682,4,44,0.6276243282152882,0.19231721943889327,0.7861204525822485,treatment,0.2,0.5,0.45454545454545453
683,4,44,0.3018111088719653,0.7809255983290361,0.1838995099766241,treatment,0.2,0.5,0.7777777777777778
684,4,45,0.6276243282152882,0.19667448224736594,0.7866277383775798,treatment,0.2,0.5,0.43636363636363634
685,4,45,0.3018111088719653,0.7823733535432652,0.1872385516847329,treatment,0.2,0.5,0.8222222222222222
686,4,46,0.6276243282152882,0.19311978968132967,0.7840488765006672,treatment,0.2,0.5,0.4909090909090909
687,4,46,0.3018111088719653,0.7782668641310574,0.1854060983567556,treatment,0.2,0.5,0.8
688,4,47,0.6276243282152882,0.19422120716930324,0.7858451427003871,treatment,0.2,0.5,0.45454545454545453
689,4,47,0.3018111088719653,0.7810542804340967,0.1853367983414741,treatment,0.2,0.5,0.8
690,4,48,0.6276243282152882,0.1960574693111777,0.7863654534431644,treatment,0.2,0.5,0.43636363636363634
691,4,48,0.3018111088719653,0.7824936204934617,0.18544339108891983,treatment,0.2,0.5,0.8
692,4,49,0.6276243282152882,0.19347433163748773,0.7838233924679033,treatment,0.2,0.5,0.4909090909090909
693,4,49,0.3018111088719653,0.7783865955743565,0.1853147223238821,treatment,0.2,0.5,0.8
694,4,50,0.6276243282152882,0.19320097090545763,0.7856308581414345,treatment,0.2,0.5,0.45454545454545453
695,4,50,0.3018111088719653,0.7811686487125589,0.183719317193583,treatment,0.2,0.5,0.7777777777777778
696,4,51,0.6276243282152882,0.19585434294458065,0.7854252458571932,treatment,0.2,0.5,0.45454545454545453
697,4,51,0.3018111088719653,0.7809542594111606,0.18710207237641382,treatment,0.2,0.5,0.8222222222222222
698,4,52,0.6276243282152882,0.19280910101528534,0.7839392340501273,treatment,0.2,0.5,0.4909090909090909
699,4,52,0.3018111088719653,0.7784317127814692,0.18523665138959883,treatment,0.2,0.5,0.8
700,4,53,0.6276243282152882,0.1941353356618417,0.7856844133693585,treatment,0.2,0.5,0.45454545454545453
701,4,53,0.3018111088719653,0.7812264845079898,0.18519502337088442,treatment,0.2,0.5,0.8
702,4,54,0.6276243282152882,0.1960900486323468,0.7861563859540588,treatment,0.2,0.5,0.43636363636363634
703,4,54,0.3018111088719653,0.782653259551859,0.18531471917046596,treatment,0.2,0.5,0.8
704,4,55,0.6276243282152882,0.19357578524080316,0.7835830350849994,treatment,0.2,0.5,0.4909090909090909
705,4,55,0.3018111088719653,0.7785466844249971,0.18519546379490764,treatment,0.2,0.5,0.8
706,4,56,0.6276243282152882,0.19334635493783917,0.7853713492625285,treatment,0.2,0.5,0.45454545454545453
707,4,56,0.3018111088719653,0.7813209473633395,0.18360717354073172,treatment,0.2,0.5,0.7777777777777778
708,4,57,0.6276243282152882,0.19759017125940823,0.7858789992140903,treatment,0.2,0.5,0.43636363636363634
709,4,57,0.3018111088719653,0.7827419932777248,0.18699671203330429,treatment,0.2,0.5,0.8222222222222222
710,4,58,0.6276243282152882,0.19267856840209313,0.7826135690683261,treatment,0.2,0.5,0.509090909090909
711,4,58,0.3018111088719653,0.7771856124523753,0.18514400922335414,treatment,0.2,0.5,0.8
712,4,59,0.6276243282152882,0.19419761625314366,0.7853917088766391,treatment,0.2,0.5,0.45454545454545453
713,4,59,0.3018111088719653,0.7813560911365417,0.18510658981475075,treatment,0.2,0.5,0.8
714,4,60,0.6276243282152882,0.19622435116118456,0.7858621417871041,treatment,0.2,0.5,0.43636363636363634
715,4,60,0.3018111088719653,0.7827873805676564,0.18522898326148815,treatment,0.2,0.5,0.8
716,4,61,0.6276243282152882,0.1937440079429315,0.7833308040045441,treatment,0.2,0.5,0.4909090909090909
717,4,61,0.3018111088719653,0.7786816974931351,0.18511232021524004,treatment,0.2,0.5,0.8
718,4,62,0.6276243282152882,0.19187251176532638,0.7843911256236189,treatment,0.2,0.5,0.4727272727272727
719,4,62,0.3018111088719653,0.7799259966799112,0.18352708018924915,treatment,0.2,0.5,0.7777777777777778
720,4,63,0.6276243282152882,0.19678265249796445,0.7858804453883537,treatment,0.2,0.5,0.43636363636363634
721,4,63,0.3018111088719653,0.7828117168567844,0.18691840767000556,treatment,0.2,0.5,0.8222222222222222
722,4,64,0.6276243282152882,0.19346587721176353,0.7832859371111663,treatment,0.2,0.5,0.4909090909090909
723,4,64,0.3018111088719653,0.7787219495525902,0.18506799145646116,treatment,0.2,0.5,0.8
724,4,65,0.6276243282152882,0.19469337880834403,0.7850508539832833,treatment,0.2,0.5,0.45454545454545453
725,4,65,0.3018111088719653,0.7814881667563413,0.18503272653660005,treatment,0.2,0.5,0.8
726,4,66,0.6276243282152882,0.19660313457445536,0.7855322242124845,treatment,0.2,0.5,0.43636363636363634
727,4,66,0.3018111088719653,0.7828970593911719,0.18515714975852565,treatment,0.2,0.5,0.8
728,4,67,0.6276243282152882,0.19406574506043112,0.7829771110916632,treatment,0.2,0.5,0.4909090909090909
729,4,67,0.3018111088719653,0.7787921827218997,0.18504246095335364,treatment,0.2,0.5,0.8
730,4,68,0.6276243282152882,0.1938279225607765,0.7847691509329702,treatment,0.2,0.5,0.45454545454545453
731,4,68,0.3018111088719653,0.7815558012931946,0.18345961081338696,treatment,0.2,0.5,0.7777777777777778
732,4,69,0.6276243282152882,0.19805841321262968,0.7852749336413966,treatment,0.2,0.5,0.43636363636363634
733,4,69,0.3018111088719653,0.7829611464283835,0.1868522705273276,treatment,0.2,0.5,0.8222222222222222
734,4,70,0.6276243282152882,0.19442871445481438,0.7827565198373888,treatment,0.2,0.5,0.4909090909090909
735,4,70,0.3018111088719653,0.7788565642521206,0.18500359310535208,treatment,0.2,0.5,0.8
736,4,71,0.6276243282152882,0.19354274614168931,0.7824045326359578,treatment,0.2,0.5,0.4909090909090909
737,4,71,0.3018111088719653,0.7781189816484924,0.18497000805217598,treatment,0.2,0.5,0.8
738,4,72,0.6276243282152882,0.19304463918057124,0.7830486704448358,treatment,0.2,0.5,0.4909090909090909
739,4,72,0.3018111088719653,0.7787382817895123,0.1850960228961055,treatment,0.2,0.5,0.8
740,4,73,0.6276243282152882,0.1930958945727058,0.7840335568168039,treatment,0.2,0.5,0.4727272727272727
741,4,73,0.3018111088719653,0.7800301190275992,0.18498288896034723,treatment,0.2,0.5,0.8
742,4,74,0.6276243282152882,0.19426708227270983,0.7855070819955762,treatment,0.2,0.5,0.43636363636363634
743,4,74,0.3018111088719653,0.7829054555870294,0.18340195971398462,treatment,0.2,0.5,0.7777777777777778
744,4,75,0.6276243282152882,0.19478116754452654,0.7828470311383398,treatment,0.2,0.5,0.4909090909090909
745,4,75,0.3018111088719653,0.7788185170524684,0.1867956439549037,treatment,0.2,0.5,0.8222222222222222
746,4,76,0.6276243282152882,0.19495348281429165,0.784600442198082,treatment,0.2,0.5,0.45454545454545453
747,4,76,0.3018111088719653,0.7815786833874194,0.1849483475967736,treatment,0.2,0.5,0.8
748,4,77,0.6276243282152882,0.19434030455787146,0.7832521064011773,treatment,0.2,0.5,0.4727272727272727
749,4,77,0.3018111088719653,0.7794722836048914,0.18491610138008482,treatment,0.2,0.5,0.8
750,4,78,0.6276243282152882,0.19278227626280522,0.7830206879713825,treatment,0.2,0.5,0.4909090909090909
751,4,78,0.3018111088719653,0.7787736978082526,0.18504338676636603,treatment,0.2,0.5,0.8
752,4,79,0.6276243282152882,0.19355572858328032,0.7836523385006744,treatment,0.2,0.5,0.4727272727272727
753,4,79,0.3018111088719653,0.7797111810057189,0.18493149888518426,treatment,0.2,0.5,0.8
754,4,80,0.6276243282152882,0.1945139898475821,0.7854804334066225,treatment,0.2,0.5,0.43636363636363634
755,4,80,0.3018111088719653,0.7829126136740924,0.1833521396648561,treatment,0.2,0.5,0.7777777777777778
756,4,81,0.6276243282152882,0.19496972255337464,0.7828392874276281,treatment,0.2,0.5,0.4909090909090909
757,4,81,0.3018111088719653,0.7788308223418874,0.18674662400955652,treatment,0.2,0.5,0.8222222222222222
758,4,82,0.6276243282152882,0.19511799119561238,0.7846100672223465,treatment,0.2,0.5,0.45454545454545453
759,4,82,0.3018111088719653,0.7815888440825256,0.18490044255677066,treatment,0.2,0.5,0.8
760,4,83,0.6276243282152882,0.19694683393652127,0.7851111646227755,treatment,0.2,0.5,0.43636363636363634
761,4,83,0.3018111088719653,0.7829841156136887,0.18486928028327074,treatment,0.2,0.5,0.8
762,4,84,0.6276243282152882,0.19451547340313866,0.7825084031544092,treatment,0.2,0.5,0.4909090909090909
763,4,84,0.3018111088719653,0.7788837627681379,0.1849975955587634,treatment,0.2,0.5,0.8
764,4,85,0.6276243282152882,0.19397129865799376,0.7835850472866263,treatment,0.2,0.5,0.4727272727272727
765,4,85,0.3018111088719653,0.7801252764703202,0.18488672131867334,treatment,0.2,0.5,0.8
766,4,86,0.6276243282152882,0.1964703758553916,0.7850952891537409,treatment,0.2,0.5,0.43636363636363634
767,4,86,0.3018111088719653,0.7829914724169803,0.18542823569570008,treatment,0.2,0.5,0.8
768,4,87,0.6276243282152882,0.19553792640289108,0.7824835909230851,treatment,0.2,0.5,0.4909090909090909
769,4,87,0.3018111088719653,0.778907006656688,0.1867649911607378,treatment,0.2,0.5,0.8222222222222222
770,4,88,0.6276243282152882,0.19561711892061392,0.7842538838027188,treatment,0.2,0.5,0.45454545454545453
771,4,88,0.3018111088719653,0.7816624078275456,0.1849396356921759,treatment,0.2,0.5,0.8
772,4,89,0.6276243282152882,0.19741077658472608,0.7847481944704964,treatment,0.2,0.5,0.43636363636363634
773,4,89,0.3018111088719653,0.7830536558971267,0.18492725105980068,treatment,0.2,0.5,0.8
774,4,90,0.6276243282152882,0.1949477851831881,0.7821794122198117,treatment,0.2,0.5,0.4909090909090909
775,4,90,0.3018111088719653,0.7789540992477046,0.18506458851113483,treatment,0.2,0.5,0.8
776,4,91,0.6276243282152882,0.1960003551425367,0.783975512205575,treatment,0.2,0.5,0.45454545454545453
777,4,91,0.3018111088719653,0.7817080784746463,0.18495595031696205,treatment,0.2,0.5,0.8
778,4,92,0.6276243282152882,0.19643983650009253,0.7844916436236781,treatment,0.2,0.5,0.43636363636363634
779,4,92,0.3018111088719653,0.7830974102741247,0.18337912877811308,treatment,0.2,0.5,0.7777777777777778
780,4,93,0.6276243282152882,0.19649657473124596,0.7819635589758628,treatment,0.2,0.5,0.4909090909090909
781,4,93,0.3018111088719653,0.7789981232326876,0.1867984765390634,treatment,0.2,0.5,0.8222222222222222
782,4,94,0.6276243282152882,0.1964227889927696,0.7837742994540133,treatment,0.2,0.5,0.45454545454545453
783,4,94,0.3018111088719653,0.7817509473654308,0.1849620948774352,treatment,0.2,0.5,0.8
784,4,95,0.6276243282152882,0.19809443838906338,0.7842955822276817,treatment,0.2,0.5,0.43636363636363634
785,4,95,0.3018111088719653,0.7831385089033309,0.18493870208608848,treatment,0.2,0.5,0.8
786,4,96,0.6276243282152882,0.19424466325351697,0.7810536507321517,treatment,0.2,0.5,0.509090909090909
787,4,96,0.3018111088719653,0.7776032790514967,0.18507386376862406,treatment,0.2,0.5,0.8
788,4,97,0.6276243282152882,0.19407182322756647,0.7831093648469732,treatment,0.2,0.5,0.4727272727272727
789,4,97,0.3018111088719653,0.7802426943719474,0.18496830074086826,treatment,0.2,0.5,0.8
790,4,98,0.6276243282152882,0.19527375952438683,0.7845831956444554,treatment,0.2,0.5,0.43636363636363634
791,4,98,0.3018111088719653,0.7831165154158087,0.18338790705655564,treatment,0.2,0.5,0.7777777777777778
792,4,99,0.6276243282152882,0.19576243272324506,0.7820097051149603,treatment,0.2,0.5,0.4909090909090909
793,4,99,0.3018111088719653,0.779033728293084,0.18679372858343365,treatment,0.2,0.5,0.8222222222222222
794,5,1,0.6818807869183179,0.24219789206323716,0.7749241847048356,treatment,0.2,0.5,0.82
795,5,1,0.3430165882045432,0.7144486173025762,0.29364899622033636,treatment,0.2,0.5,0.78
796,5,2,0.6818807869183179,0.22226770067826504,0.8044126716517047,treatment,0.2,0.5,0.72
797,5,2,0.3430165882045432,0.7351059391795539,0.25461641439893273,treatment,0.2,0.5,0.92
798,5,3,0.6818807869183179,0.21780425939124032,0.82103539926885,treatment,0.2,0.5,0.6
799,5,3,0.3430165882045432,0.7502081669278643,0.24622019721622931,treatment,0.2,0.5,0.84
800,5,4,0.6818807869183179,0.21872476733811777,0.8208933019008835,treatment,0.2,0.5,0.6
801,5,4,0.3430165882045432,0.7564962354003585,0.24539110912626058,treatment,0.2,0.5,0.82
802,5,5,0.6818807869183179,0.2086480686973267,0.820482635141052,treatment,0.2,0.5,0.68
803,5,5,0.3430165882045432,0.754652198084947,0.21262336563864198,treatment,0.2,0.5,0.72
804,5,6,0.6818807869183179,0.21597958096475486,0.8233384009326783,treatment,0.2,0.5,0.6
805,5,6,0.3430165882045432,0.763173283073739,0.2157917460465437,treatment,0.2,0.5,0.8
806,5,7,0.6818807869183179,0.21229271104020317,0.82242675711516,treatment,0.2,0.5,0.6
807,5,7,0.3430165882045432,0.7642004198049085,0.21186453805028574,treatment,0.2,0.5,0.7
808,5,8,0.6818807869183179,0.21695108520034043,0.8218231461425354,treatment,0.2,0.5,0.62
809,5,8,0.3430165882045432,0.7669049787865719,0.21646448340696672,treatment,0.2,0.5,0.8
810,5,9,0.6818807869183179,0.20841616514456823,0.8212190508941878,treatment,0.2,0.5,0.68
811,5,9,0.3430165882045432,0.7638766903489582,0.21369740935723705,treatment,0.2,0.5,0.72
812,5,10,0.6818807869183179,0.21498786931274058,0.8235912628891588,treatment,0.2,0.5,0.62
813,5,10,0.3430165882045432,0.7709584610883903,0.21691799630009811,treatment,0.2,0.5,0.82
814,5,11,0.6818807869183179,0.2127533276439788,0.8234440150237207,treatment,0.2,0.5,0.6
815,5,11,0.3430165882045432,0.7711363998595304,0.21331350684164896,treatment,0.2,0.5,0.72
816,5,12,0.6818807869183179,0.21802714277110982,0.8225197743833768,treatment,0.2,0.5,0.6
817,5,12,0.3430165882045432,0.7739810995715402,0.21645091152610518,treatment,0.2,0.5,0.8
818,5,13,0.6818807869183179,0.20893434130090505,0.8209010902581579,treatment,0.2,0.5,0.68
819,5,13,0.3430165882045432,0.769244974443974,0.21360000280592256,treatment,0.2,0.5,0.72
820,5,14,0.6818807869183179,0.21453224301756785,0.8232212246444114,treatment,0.2,0.5,0.62
821,5,14,0.3430165882045432,0.774084869242933,0.2166956865751159,treatment,0.2,0.5,0.8
822,5,15,0.6818807869183179,0.213057329654077,0.8230577855933982,treatment,0.2,0.5,0.6
823,5,15,0.3430165882045432,0.7741704683512844,0.2137982123154018,treatment,0.2,0.5,0.72
824,5,16,0.6818807869183179,0.2171585318291069,0.822138829578292,treatment,0.2,0.5,0.6
825,5,16,0.3430165882045432,0.776793269222889,0.21618380553977534,treatment,0.2,0.5,0.78
826,5,17,0.6818807869183179,0.20769958169239508,0.8205621468851758,treatment,0.2,0.5,0.68
827,5,17,0.3430165882045432,0.7719444757925816,0.21334075702735802,treatment,0.2,0.5,0.7
828,5,18,0.6818807869183179,0.21616736689979923,0.8231708025219336,treatment,0.2,0.5,0.6
829,5,18,0.3430165882045432,0.7777219309374135,0.21688399483253445,treatment,0.2,0.5,0.8
830,5,19,0.6818807869183179,0.21208868924492258,0.821823231981318,treatment,0.2,0.5,0.62
831,5,19,0.3430165882045432,0.7768711871067127,0.21359010882775953,treatment,0.2,0.5,0.72
832,5,20,0.6818807869183179,0.21513998661315906,0.8217602581301082,treatment,0.2,0.5,0.62
833,5,20,0.3430165882045432,0.7785249952480373,0.2161484389467547,treatment,0.2,0.5,0.78
834,5,21,0.6818807869183179,0.20653791067080374,0.8210007301043697,treatment,0.2,0.5,0.68
835,5,21,0.3430165882045432,0.774224415285322,0.21330464378857752,treatment,0.2,0.5,0.7
836,5,22,0.6818807869183179,0.21543127554493474,0.8233628853030879,treatment,0.2,0.5,0.6
837,5,22,0.3430165882045432,0.779818560976718,0.21775302732738502,treatment,0.2,0.5,0.8
838,5,23,0.6818807869183179,0.21222133384539432,0.8221162318740725,treatment,0.2,0.5,0.6
839,5,23,0.3430165882045432,0.7785213087630745,0.2137752195562723,treatment,0.2,0.5,0.7
840,5,24,0.6818807869183179,0.2184871528337341,0.8213001667191002,treatment,0.2,0.5,0.6
841,5,24,0.3430165882045432,0.7806551092124326,0.21789841370646848,treatment,0.2,0.5,0.8
842,5,25,0.6818807869183179,0.20628959439204742,0.8195258305775441,treatment,0.2,0.5,0.7
843,5,25,0.3430165882045432,0.774611649913214,0.21389698336820448,treatment,0.2,0.5,0.7
844,5,26,0.6818807869183179,0.21379009523082612,0.8227715088752048,treatment,0.2,0.5,0.62
845,5,26,0.3430165882045432,0.7798355037448755,0.21799137998525697,treatment,0.2,0.5,0.8
846,5,27,0.6818807869183179,0.21124473580309336,0.8224718570109164,treatment,0.2,0.5,0.6
847,5,27,0.3430165882045432,0.7794387449192927,0.21398095710872897,treatment,0.2,0.5,0.7
848,5,28,0.6818807869183179,0.21712086600644284,0.8212287078667567,treatment,0.2,0.5,0.62
849,5,28,0.3430165882045432,0.7818464035288087,0.2183197144063557,treatment,0.2,0.5,0.82
850,5,29,0.6818807869183179,0.20663092728031376,0.8205875629397663,treatment,0.2,0.5,0.68
851,5,29,0.3430165882045432,0.7771356020252236,0.21363020057142507,treatment,0.2,0.5,0.7
852,5,30,0.6818807869183179,0.2155043490096934,0.8229497761088536,treatment,0.2,0.5,0.6
853,5,30,0.3430165882045432,0.7824405202329497,0.21777776058161988,treatment,0.2,0.5,0.8
854,5,31,0.6818807869183179,0.21230524348317892,0.8216934949184573,treatment,0.2,0.5,0.6
855,5,31,0.3430165882045432,0.7809188775424173,0.21383241620132273,treatment,0.2,0.5,0.7
856,5,32,0.6818807869183179,0.21698580933867226,0.820594384396241,treatment,0.2,0.5,0.62
857,5,32,0.3430165882045432,0.7817506733470316,0.21796612707881316,treatment,0.2,0.5,0.8
858,5,33,0.6818807869183179,0.2071934606715314,0.819955031026981,treatment,0.2,0.5,0.68
859,5,33,0.3430165882045432,0.7774982425339667,0.2139777098942343,treatment,0.2,0.5,0.7
860,5,34,0.6818807869183179,0.2159417101264841,0.8223873938866582,treatment,0.2,0.5,0.6
861,5,34,0.3430165882045432,0.7829317450248052,0.21806834698954508,treatment,0.2,0.5,0.8
862,5,35,0.6818807869183179,0.21268809198056554,0.8211805420449788,treatment,0.2,0.5,0.6
863,5,35,0.3430165882045432,0.7814633710678937,0.2140658085131684,treatment,0.2,0.5,0.7
864,5,36,0.6818807869183179,0.21889730940626595,0.8203890665251796,treatment,0.2,0.5,0.6
865,5,36,0.3430165882045432,0.7834279338955596,0.2181351813268572,treatment,0.2,0.5,0.8
866,5,37,0.6818807869183179,0.2078901455500704,0.8187926630249381,treatment,0.2,0.5,0.7
867,5,37,0.3430165882045432,0.778653018874047,0.2145079358390273,treatment,0.2,0.5,0.72
868,5,38,0.6818807869183179,0.21430662432690858,0.8218725148275553,treatment,0.2,0.5,0.62
869,5,38,0.3430165882045432,0.7831828813906486,0.21766764057587842,treatment,0.2,0.5,0.8
870,5,39,0.6818807869183179,0.21176193657075357,0.8215500772785969,treatment,0.2,0.5,0.6
871,5,39,0.3430165882045432,0.782419087054489,0.21376504911925945,treatment,0.2,0.5,0.7
872,5,40,0.6818807869183179,0.21835910427882277,0.8205332557447613,treatment,0.2,0.5,0.6
873,5,40,0.3430165882045432,0.7843398761811226,0.2179394635654558,treatment,0.2,0.5,0.8
874,5,41,0.6818807869183179,0.20806434405666396,0.8189876188652581,treatment,0.2,0.5,0.68
875,5,41,0.3430165882045432,0.7790840813114569,0.2139758271385713,treatment,0.2,0.5,0.7
876,5,42,0.6818807869183179,0.21657175483110538,0.821549350724504,treatment,0.2,0.5,0.6
877,5,42,0.3430165882045432,0.7843261109923517,0.218078186456765,treatment,0.2,0.5,0.8
878,5,43,0.6818807869183179,0.21322483585637245,0.8204202042143045,treatment,0.2,0.5,0.6
879,5,43,0.3430165882045432,0.7827764959115536,0.2140879791951133,treatment,0.2,0.5,0.7
880,5,44,0.6818807869183179,0.21652445050943112,0.8194105490200438,treatment,0.2,0.5,0.62
881,5,44,0.3430165882045432,0.7835738933153853,0.21721244042283946,treatment,0.2,0.5,0.78
882,5,45,0.6818807869183179,0.20942279997442578,0.8188786162315003,treatment,0.2,0.5,0.68
883,5,45,0.3430165882045432,0.7793209431511829,0.21530631565804548,treatment,0.2,0.5,0.72
884,5,46,0.6818807869183179,0.21472436027660202,0.8211083138556359,treatment,0.2,0.5,0.62
885,5,46,0.3430165882045432,0.7849427333113986,0.21738674946674263,treatment,0.2,0.5,0.8
886,5,47,0.6818807869183179,0.21069726168791836,0.8193833962492008,treatment,0.2,0.5,0.62
887,5,47,0.3430165882045432,0.7824549419840287,0.21378880048595358,treatment,0.2,0.5,0.7
888,5,48,0.6818807869183179,0.21355586668902699,0.8197035352489628,treatment,0.2,0.5,0.62
889,5,48,0.3430165882045432,0.7842558559390466,0.21603636595068904,treatment,0.2,0.5,0.76
890,5,49,0.6818807869183179,0.209548093895427,0.8192612737734691,treatment,0.2,0.5,0.68
891,5,49,0.3430165882045432,0.7799687049175033,0.21623457060051254,treatment,0.2,0.5,0.74
892,5,50,0.6818807869183179,0.21158204078829196,0.8213811893011058,treatment,0.2,0.5,0.62
893,5,50,0.3430165882045432,0.7841596377026089,0.21586016504735142,treatment,0.2,0.5,0.76
894,5,51,0.6818807869183179,0.21134287204961857,0.8210770228504886,treatment,0.2,0.5,0.6
895,5,51,0.3430165882045432,0.7834826989542089,0.21417447647583732,treatment,0.2,0.5,0.7
896,5,52,0.6818807869183179,0.21681235049377498,0.8200630835407513,treatment,0.2,0.5,0.6
897,5,52,0.3430165882045432,0.7854266233327487,0.21729522423401668,treatment,0.2,0.5,0.78
898,5,53,0.6818807869183179,0.20776750049950185,0.8184330622155904,treatment,0.2,0.5,0.68
899,5,53,0.3430165882045432,0.7802189651598465,0.21436785962673605,treatment,0.2,0.5,0.7
900,5,54,0.6818807869183179,0.21509530153598064,0.8209988368752392,treatment,0.2,0.5,0.6
901,5,54,0.3430165882045432,0.7854320214284456,0.21725496889374735,treatment,0.2,0.5,0.78
902,5,55,0.6818807869183179,0.21230230135361097,0.8196448849330155,treatment,0.2,0.5,0.62
903,5,55,0.3430165882045432,0.7841547425890196,0.21474540256446895,treatment,0.2,0.5,0.72
904,5,56,0.6818807869183179,0.21535699680773313,0.8195662164481621,treatment,0.2,0.5,0.62
905,5,56,0.3430165882045432,0.7854002308598504,0.21679533932779765,treatment,0.2,0.5,0.78
906,5,57,0.6818807869183179,0.2070022542748213,0.8188148503767816,treatment,0.2,0.5,0.68
907,5,57,0.3430165882045432,0.7808646329525649,0.2139944760704449,treatment,0.2,0.5,0.7
908,5,58,0.6818807869183179,0.2133322029157066,0.8211684586867899,treatment,0.2,0.5,0.6
909,5,58,0.3430165882045432,0.7860549911284377,0.21621557491431087,treatment,0.2,0.5,0.76
910,5,59,0.6818807869183179,0.21351505379997568,0.8188555619111257,treatment,0.2,0.5,0.62
911,5,59,0.3430165882045432,0.7829897417919987,0.21533627470892325,treatment,0.2,0.5,0.72
912,5,60,0.6818807869183179,0.21649969850842105,0.8198595168093489,treatment,0.2,0.5,0.6
913,5,60,0.3430165882045432,0.7860973157660769,0.21618514643807651,treatment,0.2,0.5,0.76
914,5,61,0.6818807869183179,0.21034022650892617,0.8183538307512163,treatment,0.2,0.5,0.68
915,5,61,0.3430165882045432,0.7808774204560188,0.2153139247471821,treatment,0.2,0.5,0.72
916,5,62,0.6818807869183179,0.21333838724780077,0.8207033333357024,treatment,0.2,0.5,0.62
917,5,62,0.3430165882045432,0.7849781880618173,0.2161802265040685,treatment,0.2,0.5,0.76
918,5,63,0.6818807869183179,0.21293379793806566,0.820547185810543,treatment,0.2,0.5,0.6
919,5,63,0.3430165882045432,0.7842943693290348,0.21442788077040686,treatment,0.2,0.5,0.7
920,5,64,0.6818807869183179,0.21628074706860706,0.8194130504920817,treatment,0.2,0.5,0.62
921,5,64,0.3430165882045432,0.7864869400047004,0.21689193655306585,treatment,0.2,0.5,0.78
922,5,65,0.6818807869183179,0.20971184770409732,0.8188116682133352,treatment,0.2,0.5,0.68
923,5,65,0.3430165882045432,0.7816639034787153,0.21516155993221875,treatment,0.2,0.5,0.72
924,5,66,0.6818807869183179,0.215897507383212,0.8212247481658363,treatment,0.2,0.5,0.6
925,5,66,0.3430165882045432,0.7867374566751991,0.21682261258290647,treatment,0.2,0.5,0.78
926,5,67,0.6818807869183179,0.21379241533513763,0.8200088276216774,treatment,0.2,0.5,0.6
927,5,67,0.3430165882045432,0.7849999472181709,0.21401122075437873,treatment,0.2,0.5,0.7
928,5,68,0.6818807869183179,0.21593725229773647,0.8189497307580857,treatment,0.2,0.5,0.62
929,5,68,0.3430165882045432,0.7856631336292367,0.21622975964032434,treatment,0.2,0.5,0.76
930,5,69,0.6818807869183179,0.20854661596338747,0.8183592456835104,treatment,0.2,0.5,0.68
931,5,69,0.3430165882045432,0.7813302105427394,0.21447198835394687,treatment,0.2,0.5,0.7
932,5,70,0.6818807869183179,0.21471895222482723,0.8208156322323263,treatment,0.2,0.5,0.6
933,5,70,0.3430165882045432,0.7865811457921165,0.21659507178126852,treatment,0.2,0.5,0.76
934,5,71,0.6818807869183179,0.2120553993439274,0.819214416309886,treatment,0.2,0.5,0.62
935,5,71,0.3430165882045432,0.7837909971321568,0.21474336110558906,treatment,0.2,0.5,0.7
936,5,72,0.6818807869183179,0.21898099084562148,0.819587956511749,treatment,0.2,0.5,0.6
937,5,72,0.3430165882045432,0.7866862285987153,0.2182345744574274,treatment,0.2,0.5,0.8
938,5,73,0.6818807869183179,0.20842059569287905,0.8178384113861727,treatment,0.2,0.5,0.7
939,5,73,0.3430165882045432,0.7818968885696777,0.214635527563357,treatment,0.2,0.5,0.72
940,5,74,0.6818807869183179,0.21081919210007746,0.819632403669695,treatment,0.2,0.5,0.64
941,5,74,0.3430165882045432,0.7849877031412633,0.21584430816008293,treatment,0.2,0.5,0.76
942,5,75,0.6818807869183179,0.20960301950700633,0.8189975355980104,treatment,0.2,0.5,0.62
943,5,75,0.3430165882045432,0.7838186849899865,0.21419251247881582,treatment,0.2,0.5,0.7
944,5,76,0.6818807869183179,0.21295523256735305,0.8193679733222755,treatment,0.2,0.5,0.62
945,5,76,0.3430165882045432,0.7860586107118038,0.2164086760162267,treatment,0.2,0.5,0.76
946,5,77,0.6818807869183179,0.2077499728089111,0.8187128266519446,treatment,0.2,0.5,0.66
947,5,77,0.3430165882045432,0.782420833544613,0.2146016409700736,treatment,0.2,0.5,0.7
948,5,78,0.6818807869183179,0.21475256024550352,0.8179781200390113,treatment,0.2,0.5,0.62
949,5,78,0.3430165882045432,0.7858070918308038,0.2174150958406661,treatment,0.2,0.5,0.78
950,5,79,0.6818807869183179,0.21474434303314907,0.8178371263844443,treatment,0.2,0.5,0.6
951,5,79,0.3430165882045432,0.7850942216696929,0.21528399666419054,treatment,0.2,0.5,0.72
952,5,80,0.6818807869183179,0.21422691613340789,0.8163911221791754,treatment,0.2,0.5,0.64
953,5,80,0.3430165882045432,0.7849950226774359,0.21609881322933538,treatment,0.2,0.5,0.76
954,5,81,0.6818807869183179,0.20922499479045406,0.816545811340323,treatment,0.2,0.5,0.66
955,5,81,0.3430165882045432,0.7822907012159382,0.2143755653432423,treatment,0.2,0.5,0.7
956,5,82,0.6818807869183179,0.21460104398231222,0.8178914369742957,treatment,0.2,0.5,0.62
957,5,82,0.3430165882045432,0.787217670924551,0.21686517422625548,treatment,0.2,0.5,0.78
958,5,83,0.6818807869183179,0.21336783925025352,0.8177083585480334,treatment,0.2,0.5,0.6
959,5,83,0.3430165882045432,0.7860209949434313,0.21427615737834235,treatment,0.2,0.5,0.7
960,5,84,0.6818807869183179,0.21715319878201048,0.8164987753924041,treatment,0.2,0.5,0.62
961,5,84,0.3430165882045432,0.7866845460365747,0.2171610557851578,treatment,0.2,0.5,0.78
962,5,85,0.6818807869183179,0.2103680679766134,0.8158118414201297,treatment,0.2,0.5,0.66
963,5,85,0.3430165882045432,0.7829495887407123,0.21427283076028775,treatment,0.2,0.5,0.7
964,5,86,0.6818807869183179,0.21577488564582714,0.8172929691581652,treatment,0.2,0.5,0.62
965,5,86,0.3430165882045432,0.7863054906280346,0.21713345937426137,treatment,0.2,0.5,0.78
966,5,87,0.6818807869183179,0.21229999478293363,0.816924054156181,treatment,0.2,0.5,0.62
967,5,87,0.3430165882045432,0.7844856166683626,0.21425130026509412,treatment,0.2,0.5,0.7
968,5,88,0.6818807869183179,0.21529963841968283,0.8167291343134451,treatment,0.2,0.5,0.62
969,5,88,0.3430165882045432,0.7863618230292624,0.21639182147294375,treatment,0.2,0.5,0.76
970,5,89,0.6818807869183179,0.2099609719683926,0.8159197729247755,treatment,0.2,0.5,0.66
971,5,89,0.3430165882045432,0.7827740333005809,0.21460028388034635,treatment,0.2,0.5,0.7
972,5,90,0.6818807869183179,0.21576762653642134,0.8175910022589534,treatment,0.2,0.5,0.6
973,5,90,0.3430165882045432,0.7872691580333862,0.21669039687047895,treatment,0.2,0.5,0.76
974,5,91,0.6818807869183179,0.21558247233722047,0.8162637477098694,treatment,0.2,0.5,0.62
975,5,91,0.3430165882045432,0.785922425929843,0.21601763962697926,treatment,0.2,0.5,0.74
976,5,92,0.6818807869183179,0.21435255123370564,0.815993986231463,treatment,0.2,0.5,0.64
977,5,92,0.3430165882045432,0.7861814181875911,0.21594570990837497,treatment,0.2,0.5,0.76
978,5,93,0.6818807869183179,0.20944433879209845,0.8161075754161216,treatment,0.2,0.5,0.66
979,5,93,0.3430165882045432,0.7832205041432708,0.21425703955063097,treatment,0.2,0.5,0.7
980,5,94,0.6818807869183179,0.2137418975500054,0.8156333523546415,treatment,0.2,0.5,0.64
981,5,94,0.3430165882045432,0.7851674408838017,0.21716246029362757,treatment,0.2,0.5,0.78
982,5,95,0.6818807869183179,0.21262820818328532,0.8172944481840596,treatment,0.2,0.5,0.6
983,5,95,0.3430165882045432,0.7856253653955098,0.21426673849934408,treatment,0.2,0.5,0.7
984,5,96,0.6818807869183179,0.21361939830482501,0.8159044068143075,treatment,0.2,0.5,0.64
985,5,96,0.3430165882045432,0.7855940587930604,0.21639930660149936,treatment,0.2,0.5,0.76
986,5,97,0.6818807869183179,0.2087962313313385,0.8161194826959224,treatment,0.2,0.5,0.66
987,5,97,0.3430165882045432,0.7828791845572178,0.21460497879823945,treatment,0.2,0.5,0.7
988,5,98,0.6818807869183179,0.21467409675796362,0.8174142020571855,treatment,0.2,0.5,0.62
989,5,98,0.3430165882045432,0.7863947360599911,0.2174061028705507,treatment,0.2,0.5,0.78
990,5,99,0.6818807869183179,0.21321646619243728,0.8171878290281284,treatment,0.2,0.5,0.6
991,5,99,0.3430165882045432,0.785654931641853,0.21445760253805662,treatment,0.2,0.5,0.7
992,6,1,0.6744036889595486,0.24631478484878838,0.792548496079169,treatment,0.2,0.5,0.7647058823529411
993,6,1,0.3293875218191304,0.7208876443209822,0.2726124026574399,treatment,0.2,0.5,0.8775510204081632
994,6,2,0.6744036889595486,0.20941373028238572,0.8147703518620574,treatment,0.2,0.5,0.6666666666666666
995,6,2,0.3293875218191304,0.742967980471999,0.23839708862652434,treatment,0.2,0.5,0.8367346938775511
996,6,3,0.6744036889595486,0.19485987214711972,0.8283259350423916,treatment,0.2,0.5,0.5882352941176471
997,6,3,0.3293875218191304,0.7576224479638289,0.20137886632078691,treatment,0.2,0.5,0.7551020408163265
998,6,4,0.6744036889595486,0.19565702267723906,0.8239192485481339,treatment,0.2,0.5,0.6274509803921569
999,6,4,0.3293875218191304,0.7611559700867384,0.202458245649523,treatment,0.2,0.5,0.7755102040816326
1000,6,5,0.6744036889595486,0.1966585932041264,0.8243069725565352,treatment,0.2,0.5,0.6078431372549019
1001,6,5,0.3293875218191304,0.7663692961597329,0.20233888745169562,treatment,0.2,0.5,0.7755102040816326
1002,6,6,0.6744036889595486,0.19596774726321603,0.823607587343429,treatment,0.2,0.5,0.6274509803921569
1003,6,6,0.3293875218191304,0.7681647511727282,0.20239900950229966,treatment,0.2,0.5,0.7755102040816326
1004,6,7,0.6744036889595486,0.195541411081504,0.8237039613976203,treatment,0.2,0.5,0.6274509803921569
1005,6,7,0.3293875218191304,0.7702229701687937,0.20229536260236883,treatment,0.2,0.5,0.7755102040816326
1006,6,8,0.6744036889595486,0.1965143577011954,0.823840110940316,treatment,0.2,0.5,0.6078431372549019
1007,6,8,0.3293875218191304,0.774356354097896,0.20131218133151924,treatment,0.2,0.5,0.7755102040816326
1008,6,9,0.6744036889595486,0.19600460251091487,0.8231655835662387,treatment,0.2,0.5,0.6078431372549019
1009,6,9,0.3293875218191304,0.775298445862875,0.20039125345111364,treatment,0.2,0.5,0.7551020408163265
1010,6,10,0.6744036889595486,0.19648425436245198,0.8226700550360547,treatment,0.2,0.5,0.6078431372549019
1011,6,10,0.3293875218191304,0.7762551828677184,0.2007081411625373,treatment,0.2,0.5,0.7551020408163265
1012,6,11,0.6744036889595486,0.1952595688840307,0.822105390328255,treatment,0.2,0.5,0.6274509803921569
1013,6,11,0.3293875218191304,0.7760388119829623,0.20080361602393007,treatment,0.2,0.5,0.7551020408163265
1014,6,12,0.6744036889595486,0.19471840268940296,0.8224144130685707,treatment,0.2,0.5,0.6274509803921569
1015,6,12,0.3293875218191304,0.77667824040031,0.20099978036226085,treatment,0.2,0.5,0.7551020408163265
1016,6,13,0.6744036889595486,0.195753966549577,0.8226733124883193,treatment,0.2,0.5,0.6078431372549019
1017,6,13,0.3293875218191304,0.7782694089006591,0.20101158690915674,treatment,0.2,0.5,0.7551020408163265
1018,6,14,0.6744036889595486,0.1964456492295229,0.8220879942050598,treatment,0.2,0.5,0.6078431372549019
1019,6,14,0.3293875218191304,0.7789082142267487,0.20115731434081746,treatment,0.2,0.5,0.7551020408163265
1020,6,15,0.6744036889595486,0.1968094539624281,0.82166015930253,treatment,0.2,0.5,0.6078431372549019
1021,6,15,0.3293875218191304,0.7794683180729477,0.20113755802744868,treatment,0.2,0.5,0.7551020408163265
1022,6,16,0.6744036889595486,0.19805314944047006,0.8211659358452036,treatment,0.2,0.5,0.6274509803921569
1023,6,16,0.3293875218191304,0.781718816588614,0.20229353308885564,treatment,0.2,0.5,0.7959183673469388
1024,6,17,0.6744036889595486,0.19525302975249717,0.8215321350068392,treatment,0.2,0.5,0.6274509803921569
1025,6,17,0.3293875218191304,0.7809967744224382,0.20024549095319477,treatment,0.2,0.5,0.7551020408163265
1026,6,18,0.6744036889595486,0.19639038803580722,0.8218235592239218,treatment,0.2,0.5,0.6078431372549019
1027,6,18,0.3293875218191304,0.7818049386739148,0.2005745123730266,treatment,0.2,0.5,0.7551020408163265
1028,6,19,0.6744036889595486,0.19694484004640994,0.8212662057456225,treatment,0.2,0.5,0.6078431372549019
1029,6,19,0.3293875218191304,0.7819064541006331,0.2007008463127169,treatment,0.2,0.5,0.7551020408163265
1030,6,20,0.6744036889595486,0.1974255044144281,0.8208629303198914,treatment,0.2,0.5,0.6078431372549019
1031,6,20,0.3293875218191304,0.7820654113758345,0.20091956405561232,treatment,0.2,0.5,0.7551020408163265
1032,6,21,0.6744036889595486,0.19621698053193903,0.8204011881449172,treatment,0.2,0.5,0.6274509803921569
1033,6,21,0.3293875218191304,0.781231894502123,0.2009507361422793,treatment,0.2,0.5,0.7551020408163265
1034,6,22,0.6744036889595486,0.19569479706983559,0.8207956700718729,treatment,0.2,0.5,0.6274509803921569
1035,6,22,0.3293875218191304,0.7813417175818681,0.20111235209544037,treatment,0.2,0.5,0.7551020408163265
1036,6,23,0.6744036889595486,0.196725579360769,0.8211037691000794,treatment,0.2,0.5,0.6078431372549019
1037,6,23,0.3293875218191304,0.7824278129756194,0.2011069893796711,treatment,0.2,0.5,0.7551020408163265
1038,6,24,0.6744036889595486,0.19558448046443114,0.8193331700787864,treatment,0.2,0.5,0.6274509803921569
1039,6,24,0.3293875218191304,0.7826772468824349,0.20094008171361336,treatment,0.2,0.5,0.7551020408163265
1040,6,25,0.6744036889595486,0.19666267233792073,0.8204411010036159,treatment,0.2,0.5,0.6078431372549019
1041,6,25,0.3293875218191304,0.7835242650257346,0.2007305809200177,treatment,0.2,0.5,0.7551020408163265
1042,6,26,0.6744036889595486,0.1944705687268595,0.8199340344882541,treatment,0.2,0.5,0.6274509803921569
1043,6,26,0.3293875218191304,0.7824650315691656,0.2000537878354483,treatment,0.2,0.5,0.7346938775510204
1044,6,27,0.6744036889595486,0.1938140327337604,0.820418801168814,treatment,0.2,0.5,0.6078431372549019
1045,6,27,0.3293875218191304,0.7833997674599956,0.19906888478400786,treatment,0.2,0.5,0.7142857142857143
1046,6,28,0.6744036889595486,0.1941452838808321,0.8186857263968875,treatment,0.2,0.5,0.6470588235294118
1047,6,28,0.3293875218191304,0.7813141155751024,0.20112166863813283,treatment,0.2,0.5,0.7551020408163265
1048,6,29,0.6744036889595486,0.19439803956199805,0.8204936551461952,treatment,0.2,0.5,0.6078431372549019
1049,6,29,0.3293875218191304,0.7833825033746142,0.20026242606883413,treatment,0.2,0.5,0.7346938775510204
1050,6,30,0.6744036889595486,0.19360543738657435,0.8199568033726078,treatment,0.2,0.5,0.6078431372549019
1051,6,30,0.3293875218191304,0.7835210318777367,0.19922930357338003,treatment,0.2,0.5,0.7142857142857143
1052,6,31,0.6744036889595486,0.1940626248351542,0.8184031848993324,treatment,0.2,0.5,0.6274509803921569
1053,6,31,0.3293875218191304,0.7824343741363079,0.20081309506958372,treatment,0.2,0.5,0.7346938775510204
1054,6,32,0.6744036889595486,0.1959130254831502,0.8189532046530552,treatment,0.2,0.5,0.6470588235294118
1055,6,32,0.3293875218191304,0.784261066669158,0.20252260690160118,treatment,0.2,0.5,0.7959183673469388
1056,6,33,0.6744036889595486,0.19402105370669356,0.8204773955049287,treatment,0.2,0.5,0.6078431372549019
1057,6,33,0.3293875218191304,0.7853061654644203,0.199561950832871,treatment,0.2,0.5,0.7346938775510204
1058,6,34,0.6744036889595486,0.1919304840166211,0.8192969351474433,treatment,0.2,0.5,0.6470588235294118
1059,6,34,0.3293875218191304,0.7828368597330335,0.20012133905925938,treatment,0.2,0.5,0.7346938775510204
1060,6,35,0.6744036889595486,0.19197120895000155,0.8206633978300661,treatment,0.2,0.5,0.6078431372549019
1061,6,35,0.3293875218191304,0.7845798063946386,0.1990867235133414,treatment,0.2,0.5,0.7142857142857143
1062,6,36,0.6744036889595486,0.19438839148774498,0.819939123795599,treatment,0.2,0.5,0.6078431372549019
1063,6,36,0.3293875218191304,0.7845421043387361,0.20070842556237797,treatment,0.2,0.5,0.7346938775510204
1064,6,37,0.6744036889595486,0.19512664667263627,0.8194293883500706,treatment,0.2,0.5,0.6078431372549019
1065,6,37,0.3293875218191304,0.7845330884219527,0.20084803924103167,treatment,0.2,0.5,0.7346938775510204
1066,6,38,0.6744036889595486,0.1940075351798949,0.8189498114338346,treatment,0.2,0.5,0.6274509803921569
1067,6,38,0.3293875218191304,0.7835735485013373,0.2008574490987407,treatment,0.2,0.5,0.7346938775510204
1068,6,39,0.6744036889595486,0.19504472349647686,0.8194189938381573,treatment,0.2,0.5,0.6078431372549019
1069,6,39,0.3293875218191304,0.784507129042907,0.2009733663026047,treatment,0.2,0.5,0.7346938775510204
1070,6,40,0.6744036889595486,0.195485637958071,0.8188759989956564,treatment,0.2,0.5,0.6274509803921569
1071,6,40,0.3293875218191304,0.7849949712708598,0.20178920050018034,treatment,0.2,0.5,0.7551020408163265
1072,6,41,0.6744036889595486,0.19523218485133853,0.8192676131171394,treatment,0.2,0.5,0.6078431372549019
1073,6,41,0.3293875218191304,0.7853956981381529,0.2006078438483743,treatment,0.2,0.5,0.7346938775510204
1074,6,42,0.6744036889595486,0.1958803592572182,0.818773934482467,treatment,0.2,0.5,0.6078431372549019
1075,6,42,0.3293875218191304,0.7852107352867337,0.20080691866563272,treatment,0.2,0.5,0.7346938775510204
1076,6,43,0.6744036889595486,0.19636372737648955,0.8184155761527094,treatment,0.2,0.5,0.6078431372549019
1077,6,43,0.3293875218191304,0.7851260124879639,0.2009772189042013,treatment,0.2,0.5,0.7346938775510204
1078,6,44,0.6744036889595486,0.19508359473317488,0.8180368208755621,treatment,0.2,0.5,0.6274509803921569
1079,6,44,0.3293875218191304,0.7841241244686891,0.2009059735042584,treatment,0.2,0.5,0.7346938775510204
1080,6,45,0.6744036889595486,0.19599687320858641,0.818579775196443,treatment,0.2,0.5,0.6078431372549019
1081,6,45,0.3293875218191304,0.7850199089203761,0.20103049657082944,treatment,0.2,0.5,0.7346938775510204
1082,6,46,0.6744036889595486,0.19509048567903706,0.8180957917385279,treatment,0.2,0.5,0.6274509803921569
1083,6,46,0.3293875218191304,0.7841087920599711,0.20115724185971554,treatment,0.2,0.5,0.7346938775510204
1084,6,47,0.6744036889595486,0.1959120226464455,0.8185313949103433,treatment,0.2,0.5,0.6078431372549019
1085,6,47,0.3293875218191304,0.785010854243176,0.2010485843949335,treatment,0.2,0.5,0.7346938775510204
1086,6,48,0.6744036889595486,0.19744284908698553,0.8168304319017826,treatment,0.2,0.5,0.6274509803921569
1087,6,48,0.3293875218191304,0.7865207793520143,0.20252087508107589,treatment,0.2,0.5,0.7755102040816326
1088,6,49,0.6744036889595486,0.19603758214995015,0.816779581385562,treatment,0.2,0.5,0.6274509803921569
1089,6,49,0.3293875218191304,0.785432654049397,0.20168088269266907,treatment,0.2,0.5,0.7551020408163265
1090,6,50,0.6744036889595486,0.1942341272253132,0.8178211489865659,treatment,0.2,0.5,0.6274509803921569
1091,6,50,0.3293875218191304,0.7851739731767946,0.20056593215119406,treatment,0.2,0.5,0.7346938775510204
1092,6,51,0.6744036889595486,0.19231090279928142,0.8171280185238845,treatment,0.2,0.5,0.6274509803921569
1093,6,51,0.3293875218191304,0.7846564909595549,0.19954857380110982,treatment,0.2,0.5,0.7142857142857143
1094,6,52,0.6744036889595486,0.1950756714370012,0.8179867771915775,treatment,0.2,0.5,0.6274509803921569
1095,6,52,0.3293875218191304,0.784700461869212,0.2022830338253157,treatment,0.2,0.5,0.7551020408163265
1096,6,53,0.6744036889595486,0.19508188864531684,0.8183366883739166,treatment,0.2,0.5,0.6078431372549019
1097,6,53,0.3293875218191304,0.7855211780282451,0.2009421728603326,treatment,0.2,0.5,0.7346938775510204
1098,6,54,0.6744036889595486,0.19434715309625836,0.8178185470331046,treatment,0.2,0.5,0.6078431372549019
1099,6,54,0.3293875218191304,0.785499235133957,0.19983365528434036,treatment,0.2,0.5,0.7142857142857143
1100,6,55,0.6744036889595486,0.19778887015609992,0.817451322150837,treatment,0.2,0.5,0.6078431372549019
1101,6,55,0.3293875218191304,0.7854877446137764,0.2024871850705492,treatment,0.2,0.5,0.7551020408163265
1102,6,56,0.6744036889595486,0.1966159704287509,0.817077291451337,treatment,0.2,0.5,0.6274509803921569
1103,6,56,0.3293875218191304,0.7859099385773274,0.20178973129898833,treatment,0.2,0.5,0.7551020408163265
1104,6,57,0.6744036889595486,0.19783744739367173,0.8176248538634935,treatment,0.2,0.5,0.6078431372549019
1105,6,57,0.3293875218191304,0.7862887994997774,0.20209032954358386,treatment,0.2,0.5,0.7551020408163265
1106,6,58,0.6744036889595486,0.19551059676868596,0.817144357195359,treatment,0.2,0.5,0.6274509803921569
1107,6,58,0.3293875218191304,0.7851186873588741,0.2009004298110275,treatment,0.2,0.5,0.7346938775510204
1108,6,59,0.6744036889595486,0.19494781185244273,0.8175895598104034,treatment,0.2,0.5,0.6078431372549019
1109,6,59,0.3293875218191304,0.7858697194244265,0.1998319750232906,treatment,0.2,0.5,0.7142857142857143
1110,6,60,0.6744036889595486,0.19839217010991278,0.8171421989516661,treatment,0.2,0.5,0.6078431372549019
1111,6,60,0.3293875218191304,0.7858133433874003,0.20251382004098828,treatment,0.2,0.5,0.7551020408163265
1112,6,61,0.6744036889595486,0.19743611583043572,0.8168247248581977,treatment,0.2,0.5,0.6078431372549019
1113,6,61,0.3293875218191304,0.7857788254704638,0.20114398983247606,treatment,0.2,0.5,0.7346938775510204
1114,6,62,0.6744036889595486,0.19320455800223685,0.8161245304942105,treatment,0.2,0.5,0.6470588235294118
1115,6,62,0.3293875218191304,0.7837339310431782,0.20002228266581548,treatment,0.2,0.5,0.7142857142857143
1116,6,63,0.6744036889595486,0.19747532204035673,0.8177466600132234,treatment,0.2,0.5,0.6078431372549019
1117,6,63,0.3293875218191304,0.7856383315860376,0.20265265940640048,treatment,0.2,0.5,0.7551020408163265
1118,6,64,0.6744036889595486,0.19783653444239316,0.8171167421070535,treatment,0.2,0.5,0.6274509803921569
1119,6,64,0.3293875218191304,0.7875045641503783,0.20261852030325758,treatment,0.2,0.5,0.7755102040816326
1120,6,65,0.6744036889595486,0.1980931457337503,0.8174697447794596,treatment,0.2,0.5,0.6078431372549019
1121,6,65,0.3293875218191304,0.7873644064617271,0.20184296044965644,treatment,0.2,0.5,0.7551020408163265
1122,6,66,0.6744036889595486,0.19588181809152502,0.8165305839392293,treatment,0.2,0.5,0.6274509803921569
1123,6,66,0.3293875218191304,0.7857122500114977,0.2007298307433282,treatment,0.2,0.5,0.7346938775510204
1124,6,67,0.6744036889595486,0.19525211175557922,0.8173043435663617,treatment,0.2,0.5,0.6078431372549019
1125,6,67,0.3293875218191304,0.7865289035262524,0.1997169570561628,treatment,0.2,0.5,0.7142857142857143
1126,6,68,0.6744036889595486,0.19724363079102136,0.8167657995970413,treatment,0.2,0.5,0.6274509803921569
1127,6,68,0.3293875218191304,0.7854172969902924,0.2024507774966415,treatment,0.2,0.5,0.7551020408163265
1128,6,69,0.6744036889595486,0.19687292210470797,0.8172091562766155,treatment,0.2,0.5,0.6078431372549019
1129,6,69,0.3293875218191304,0.7862138136369246,0.20110984392649126,treatment,0.2,0.5,0.7346938775510204
1130,6,70,0.6744036889595486,0.1944001183361236,0.8166729384262442,treatment,0.2,0.5,0.6274509803921569
1131,6,70,0.3293875218191304,0.7852296228553163,0.20000430875738087,treatment,0.2,0.5,0.7142857142857143
1132,6,71,0.6744036889595486,0.19681132386240927,0.8158516808042444,treatment,0.2,0.5,0.6274509803921569
1133,6,71,0.3293875218191304,0.7848398233287739,0.202654596501791,treatment,0.2,0.5,0.7551020408163265
1134,6,72,0.6744036889595486,0.1963145954166972,0.815565990662921,treatment,0.2,0.5,0.6274509803921569
1135,6,72,0.3293875218191304,0.7860965376612947,0.2019544106569338,treatment,0.2,0.5,0.7551020408163265
1136,6,73,0.6744036889595486,0.19634045483763343,0.8155018537155927,treatment,0.2,0.5,0.6274509803921569
1137,6,73,0.3293875218191304,0.7855584225298239,0.20225194104995506,treatment,0.2,0.5,0.7551020408163265
1138,6,74,0.6744036889595486,0.19470907574803553,0.8164338908242889,treatment,0.2,0.5,0.6274509803921569
1139,6,74,0.3293875218191304,0.7854649813061058,0.20106170971132697,treatment,0.2,0.5,0.7346938775510204
1140,6,75,0.6744036889595486,0.19448622427021955,0.8168778966167258,treatment,0.2,0.5,0.6078431372549019
1141,6,75,0.3293875218191304,0.7862403543268007,0.19999556001332364,treatment,0.2,0.5,0.7142857142857143
1142,6,76,0.6744036889595486,0.1982948790433622,0.8163432591709904,treatment,0.2,0.5,0.6274509803921569
1143,6,76,0.3293875218191304,0.7852453851440196,0.20388586785234358,treatment,0.2,0.5,0.7755102040816326
1144,6,77,0.6744036889595486,0.19665908675897373,0.8167450678103311,treatment,0.2,0.5,0.6078431372549019
1145,6,77,0.3293875218191304,0.7860716018043419,0.2010191853395165,treatment,0.2,0.5,0.7346938775510204
1146,6,78,0.6744036889595486,0.19876910407313864,0.8162689266174024,treatment,0.2,0.5,0.6078431372549019
1147,6,78,0.3293875218191304,0.7860544468174667,0.2024273782835189,treatment,0.2,0.5,0.7551020408163265
1148,6,79,0.6744036889595486,0.19635362071329976,0.815932139545399,treatment,0.2,0.5,0.6078431372549019
1149,6,79,0.3293875218191304,0.7860404837916312,0.19990510276486934,treatment,0.2,0.5,0.7142857142857143
1150,6,80,0.6744036889595486,0.19906715560654942,0.8155749446656164,treatment,0.2,0.5,0.6274509803921569
1151,6,80,0.3293875218191304,0.7878552821327873,0.20280392210051343,treatment,0.2,0.5,0.7755102040816326
1152,6,81,0.6744036889595486,0.19770390292096432,0.8160282661553757,treatment,0.2,0.5,0.6274509803921569
1153,6,81,0.3293875218191304,0.7867637096867715,0.20186986474939764,treatment,0.2,0.5,0.7551020408163265
1154,6,82,0.6744036889595486,0.19613990974148315,0.8148280679835468,treatment,0.2,0.5,0.6274509803921569
1155,6,82,0.3293875218191304,0.7857912873363123,0.20076895236654624,treatment,0.2,0.5,0.7346938775510204
1156,6,83,0.6744036889595486,0.19559327878588825,0.8160290473229411,treatment,0.2,0.5,0.6078431372549019
1157,6,83,0.3293875218191304,0.7867975061027109,0.1997589300378151,treatment,0.2,0.5,0.7142857142857143
1158,6,84,0.6744036889595486,0.1990949224066775,0.8156658781493822,treatment,0.2,0.5,0.6078431372549019
1159,6,84,0.3293875218191304,0.7866455117562077,0.2025036563357658,treatment,0.2,0.5,0.7551020408163265
1160,6,85,0.6744036889595486,0.19816944827939584,0.8153919569458282,treatment,0.2,0.5,0.6078431372549019
1161,6,85,0.3293875218191304,0.7865362988852945,0.2011703526540414,treatment,0.2,0.5,0.7346938775510204
1162,6,86,0.6744036889595486,0.1954472367564867,0.8150920898649467,treatment,0.2,0.5,0.6274509803921569
1163,6,86,0.3293875218191304,0.7855117774165847,0.20006623307149254,treatment,0.2,0.5,0.7142857142857143
1164,6,87,0.6744036889595486,0.1977641977233552,0.8156225586568715,treatment,0.2,0.5,0.6274509803921569
1165,6,87,0.3293875218191304,0.7854346250059804,0.2027262566205057,treatment,0.2,0.5,0.7551020408163265
1166,6,88,0.6744036889595486,0.20021192523165116,0.8159980956897547,treatment,0.2,0.5,0.6078431372549019
1167,6,88,0.3293875218191304,0.7876924702385283,0.2033245948909285,treatment,0.2,0.5,0.7755102040816326
1168,6,89,0.6744036889595486,0.19969774195153503,0.8155204959636907,treatment,0.2,0.5,0.6078431372549019
1169,6,89,0.3293875218191304,0.7871392266114239,0.20209721382083953,treatment,0.2,0.5,0.7551020408163265
1170,6,90,0.6744036889595486,0.19871835854078612,0.8151946762352492,treatment,0.2,0.5,0.6078431372549019
1171,6,90,0.3293875218191304,0.7868643544708979,0.20093301195590896,treatment,0.2,0.5,0.7346938775510204
1172,6,91,0.6744036889595486,0.19749865390162444,0.8149556104104423,treatment,0.2,0.5,0.6078431372549019
1173,6,91,0.3293875218191304,0.7867054726847911,0.19989078568518712,treatment,0.2,0.5,0.7142857142857143
1174,6,92,0.6744036889595486,0.19769204493825973,0.8143226315586936,treatment,0.2,0.5,0.6470588235294118
1175,6,92,0.3293875218191304,0.7845890528415548,0.2026196310755983,treatment,0.2,0.5,0.7551020408163265
1176,6,93,0.6744036889595486,0.19455824417131234,0.8146952808562072,treatment,0.2,0.5,0.6470588235294118
1177,6,93,0.3293875218191304,0.7843642552274541,0.2012710754654694,treatment,0.2,0.5,0.7346938775510204
1178,6,94,0.6744036889595486,0.1932200766569704,0.8151404564640469,treatment,0.2,0.5,0.6274509803921569
1179,6,94,0.3293875218191304,0.7851473635622264,0.20015477547041127,treatment,0.2,0.5,0.7142857142857143
1180,6,95,0.6744036889595486,0.19772174732821254,0.8159247837063243,treatment,0.2,0.5,0.6078431372549019
1181,6,95,0.3293875218191304,0.7862454750021917,0.20280749939063641,treatment,0.2,0.5,0.7551020408163265
1182,6,96,0.6744036889595486,0.1982489652519324,0.8141654834632885,treatment,0.2,0.5,0.6274509803921569
1183,6,96,0.3293875218191304,0.7877676648138031,0.2027812267611174,treatment,0.2,0.5,0.7755102040816326
1184,6,97,0.6744036889595486,0.19809506995726112,0.8139004591647918,treatment,0.2,0.5,0.6274509803921569
1185,6,97,0.3293875218191304,0.7865637374706264,0.20201957852331356,treatment,0.2,0.5,0.7551020408163265
1186,6,98,0.6744036889595486,0.19480309145506905,0.814723177378717,treatment,0.2,0.5,0.6470588235294118
1187,6,98,0.3293875218191304,0.7852564521634903,0.2009116489543569,treatment,0.2,0.5,0.7346938775510204
1188,6,99,0.6744036889595486,0.19342795593539625,0.81624881943592,treatment,0.2,0.5,0.6274509803921569
1189,6,99,0.3293875218191304,0.7859884300157433,0.1998974753459739,treatment,0.2,0.5,0.7142857142857143
1190,7,1,0.6434701823512703,0.22270881932947614,0.7826691416841589,treatment,0.2,0.5,0.6938775510204082
1191,7,1,0.3051421648352877,0.7335164930835867,0.2647722542958934,treatment,0.2,0.5,0.8627450980392157
1192,7,2,0.6434701823512703,0.19704445633456052,0.796141530913978,treatment,0.2,0.5,0.5918367346938775
1193,7,2,0.3051421648352877,0.7477088772305283,0.22027099355830382,treatment,0.2,0.5,0.8627450980392157
1194,7,3,0.6434701823512703,0.19811621504879923,0.8093988647810832,treatment,0.2,0.5,0.5102040816326531
1195,7,3,0.3051421648352877,0.755958203477333,0.19248505707081903,treatment,0.2,0.5,0.8235294117647058
1196,7,4,0.6434701823512703,0.19296475801781457,0.8060894916324738,treatment,0.2,0.5,0.5918367346938775
1197,7,4,0.3051421648352877,0.7529565910922881,0.18954664292493748,treatment,0.2,0.5,0.7843137254901961
1198,7,5,0.6434701823512703,0.19698946284624913,0.8068399381612664,treatment,0.2,0.5,0.5510204081632653
1199,7,5,0.3051421648352877,0.7574882030093758,0.1927504387224838,treatment,0.2,0.5,0.8627450980392157
1200,7,6,0.6434701823512703,0.19178522962844993,0.8048971878438091,treatment,0.2,0.5,0.6122448979591837
1201,7,6,0.3051421648352877,0.7557168224147879,0.18942810873075555,treatment,0.2,0.5,0.8235294117647058
1202,7,7,0.6434701823512703,0.1967733670593212,0.80749551346966,treatment,0.2,0.5,0.5102040816326531
1203,7,7,0.3051421648352877,0.7602974329936613,0.18910948279747908,treatment,0.2,0.5,0.8235294117647058
1204,7,8,0.6434701823512703,0.19402032447411496,0.8035706047630157,treatment,0.2,0.5,0.6122448979591837
1205,7,8,0.3051421648352877,0.7579100450235597,0.19011963915308094,treatment,0.2,0.5,0.8431372549019608
1206,7,9,0.6434701823512703,0.19856215696074492,0.806303173337504,treatment,0.2,0.5,0.5102040816326531
1207,7,9,0.3051421648352877,0.7631947833788744,0.18983828631816344,treatment,0.2,0.5,0.8431372549019608
1208,7,10,0.6434701823512703,0.19547989779998576,0.8025288387956603,treatment,0.2,0.5,0.6122448979591837
1209,7,10,0.3051421648352877,0.75743866764342,0.1907541634747792,treatment,0.2,0.5,0.8431372549019608
1210,7,11,0.6434701823512703,0.20043175614897824,0.8053121645101912,treatment,0.2,0.5,0.5102040816326531
1211,7,11,0.3051421648352877,0.7646179860978235,0.19117833993884573,treatment,0.2,0.5,0.8627450980392157
1212,7,12,0.6434701823512703,0.19265076203846201,0.8007798707589501,treatment,0.2,0.5,0.6530612244897959
1213,7,12,0.3051421648352877,0.7575887361196305,0.190042760372334,treatment,0.2,0.5,0.8431372549019608
1214,7,13,0.6434701823512703,0.198604581372104,0.8050213349440933,treatment,0.2,0.5,0.5102040816326531
1215,7,13,0.3051421648352877,0.7630528904809811,0.19078129159585736,treatment,0.2,0.5,0.8431372549019608
1216,7,14,0.6434701823512703,0.19611508385104143,0.8012819621367993,treatment,0.2,0.5,0.6122448979591837
1217,7,14,0.3051421648352877,0.7603314200281998,0.19115973950378895,treatment,0.2,0.5,0.8627450980392157
1218,7,15,0.6434701823512703,0.1993485524597476,0.8018444003258499,treatment,0.2,0.5,0.5306122448979592
1219,7,15,0.3051421648352877,0.763917947366274,0.19002774341212225,treatment,0.2,0.5,0.8431372549019608
1220,7,16,0.6434701823512703,0.1968349824648705,0.7986624229828901,treatment,0.2,0.5,0.6122448979591837
1221,7,16,0.3051421648352877,0.7590316530150437,0.19077453155110333,treatment,0.2,0.5,0.8431372549019608
1222,7,17,0.6434701823512703,0.20210472712153355,0.8012647629262915,treatment,0.2,0.5,0.5102040816326531
1223,7,17,0.3051421648352877,0.7659449335716152,0.19115375766212997,treatment,0.2,0.5,0.8627450980392157
1224,7,18,0.6434701823512703,0.19448371478749316,0.7966105567375047,treatment,0.2,0.5,0.6530612244897959
1225,7,18,0.3051421648352877,0.7588898269657807,0.19002316990452356,treatment,0.2,0.5,0.8431372549019608
1226,7,19,0.6434701823512703,0.19886257666444118,0.8000706794795844,treatment,0.2,0.5,0.5306122448979592
1227,7,19,0.3051421648352877,0.7629343813509472,0.19077099434385603,treatment,0.2,0.5,0.8431372549019608
1228,7,20,0.6434701823512703,0.19711260036925596,0.7972116387591895,treatment,0.2,0.5,0.6122448979591837
1229,7,20,0.3051421648352877,0.7612175164035244,0.19115082844802336,treatment,0.2,0.5,0.8627450980392157
1230,7,21,0.6434701823512703,0.19842865800232667,0.7977649317887546,treatment,0.2,0.5,0.5510204081632653
1231,7,21,0.3051421648352877,0.7632830777891001,0.19002118223411785,treatment,0.2,0.5,0.8431372549019608
1232,7,22,0.6434701823512703,0.196479778008842,0.7959684528847931,treatment,0.2,0.5,0.6122448979591837
1233,7,22,0.3051421648352877,0.7595850412317313,0.19076964694279483,treatment,0.2,0.5,0.8431372549019608
1234,7,23,0.6434701823512703,0.1994964730310346,0.7979902945681845,treatment,0.2,0.5,0.5306122448979592
1235,7,23,0.3051421648352877,0.7652326472312424,0.18980477680332314,treatment,0.2,0.5,0.8431372549019608
1236,7,24,0.6434701823512703,0.19384461429792726,0.7943015217656586,treatment,0.2,0.5,0.6530612244897959
1237,7,24,0.3051421648352877,0.7592838480638961,0.19020023916258744,treatment,0.2,0.5,0.8431372549019608
1238,7,25,0.6434701823512703,0.20039860321763703,0.7978304954724502,treatment,0.2,0.5,0.5306122448979592
1239,7,25,0.3051421648352877,0.7632729472798571,0.19216047881627377,treatment,0.2,0.5,0.8627450980392157
1240,7,26,0.6434701823512703,0.19607226354190543,0.7949711231806039,treatment,0.2,0.5,0.6122448979591837
1241,7,26,0.3051421648352877,0.7615809157771424,0.18969347404706835,treatment,0.2,0.5,0.8431372549019608
1242,7,27,0.6434701823512703,0.19998206216449882,0.7969833270621185,treatment,0.2,0.5,0.5306122448979592
1243,7,27,0.3051421648352877,0.7649934854937283,0.19010402060521472,treatment,0.2,0.5,0.8431372549019608
1244,7,28,0.6434701823512703,0.19769716759342634,0.7941340681171413,treatment,0.2,0.5,0.6122448979591837
1245,7,28,0.3051421648352877,0.7600528502394475,0.1908216022278392,treatment,0.2,0.5,0.8431372549019608
1246,7,29,0.6434701823512703,0.20048820253914204,0.7962475616524322,treatment,0.2,0.5,0.5306122448979592
1247,7,29,0.3051421648352877,0.7655779931513957,0.1898685819522391,treatment,0.2,0.5,0.8431372549019608
1248,7,30,0.6434701823512703,0.19314073769351175,0.791840439163102,treatment,0.2,0.5,0.673469387755102
1249,7,30,0.3051421648352877,0.7585411961171403,0.1902469683296294,treatment,0.2,0.5,0.8431372549019608
1250,7,31,0.6434701823512703,0.19873156755549037,0.796319196827377,treatment,0.2,0.5,0.5306122448979592
1251,7,31,0.3051421648352877,0.7634376033653163,0.19094711811461576,treatment,0.2,0.5,0.8431372549019608
1252,7,32,0.6434701823512703,0.1958052327856014,0.7935292912816926,treatment,0.2,0.5,0.6122448979591837
1253,7,32,0.3051421648352877,0.7617919325339898,0.189962538731197,treatment,0.2,0.5,0.8431372549019608
1254,7,33,0.6434701823512703,0.199555098505898,0.7949676459046425,treatment,0.2,0.5,0.5510204081632653
1255,7,33,0.3051421648352877,0.7638041782842557,0.19150643006768323,treatment,0.2,0.5,0.8627450980392157
1256,7,34,0.6434701823512703,0.1952888236209571,0.7926203468046913,treatment,0.2,0.5,0.6326530612244898
1257,7,34,0.3051421648352877,0.7589492090558418,0.1907134397389476,treatment,0.2,0.5,0.8431372549019608
1258,7,35,0.6434701823512703,0.19887301386340828,0.7956030757692263,treatment,0.2,0.5,0.5306122448979592
1259,7,35,0.3051421648352877,0.7655746052710483,0.18977170765818782,treatment,0.2,0.5,0.8431372549019608
1260,7,36,0.6434701823512703,0.19353603947404716,0.7919173010908849,treatment,0.2,0.5,0.6530612244897959
1261,7,36,0.3051421648352877,0.7596831880444822,0.19015384809528352,treatment,0.2,0.5,0.8431372549019608
1262,7,37,0.6434701823512703,0.19893611045536225,0.7954393277364397,treatment,0.2,0.5,0.5306122448979592
1263,7,37,0.3051421648352877,0.7636005063102882,0.190881201189398,treatment,0.2,0.5,0.8431372549019608
1264,7,38,0.6434701823512703,0.1959638441429661,0.7925426209835659,treatment,0.2,0.5,0.6122448979591837
1265,7,38,0.3051421648352877,0.7619033007103911,0.1899125775741255,treatment,0.2,0.5,0.8431372549019608
1266,7,39,0.6434701823512703,0.20000493454899743,0.7945801395295211,treatment,0.2,0.5,0.5306122448979592
1267,7,39,0.3051421648352877,0.7652552253517814,0.19028081860240223,treatment,0.2,0.5,0.8431372549019608
1268,7,40,0.6434701823512703,0.19779443226851637,0.7917274066221512,treatment,0.2,0.5,0.6122448979591837
1269,7,40,0.3051421648352877,0.7603123046431686,0.19097378957852595,treatment,0.2,0.5,0.8431372549019608
1270,7,41,0.6434701823512703,0.1992051693784493,0.7928051731341466,treatment,0.2,0.5,0.5510204081632653
1271,7,41,0.3051421648352877,0.7642353816960994,0.1899850120904814,treatment,0.2,0.5,0.8431372549019608
1272,7,42,0.6434701823512703,0.1939261233477374,0.7905110448087445,treatment,0.2,0.5,0.6530612244897959
1273,7,42,0.3051421648352877,0.7597077239117335,0.1903386870779244,treatment,0.2,0.5,0.8431372549019608
1274,7,43,0.6434701823512703,0.20066050118800147,0.7941094240173969,treatment,0.2,0.5,0.5306122448979592
1275,7,43,0.3051421648352877,0.7636374035079952,0.1921824720632524,treatment,0.2,0.5,0.8627450980392157
1276,7,44,0.6434701823512703,0.19641917603449136,0.7912488316778183,treatment,0.2,0.5,0.6122448979591837
1277,7,44,0.3051421648352877,0.7619930797646609,0.1897083674334916,treatment,0.2,0.5,0.8431372549019608
1278,7,45,0.6434701823512703,0.2003838810237208,0.793316626303774,treatment,0.2,0.5,0.5306122448979592
1279,7,45,0.3051421648352877,0.7653282770548347,0.19011563657079694,treatment,0.2,0.5,0.8431372549019608
1280,7,46,0.6434701823512703,0.1965246904868675,0.7900912880938088,treatment,0.2,0.5,0.6326530612244898
1281,7,46,0.3051421648352877,0.7593449883523025,0.19083109844909146,treatment,0.2,0.5,0.8431372549019608
1282,7,47,0.6434701823512703,0.19993494371990883,0.7930597076497279,treatment,0.2,0.5,0.5306122448979592
1283,7,47,0.3051421648352877,0.7657824957432047,0.1898776161695535,treatment,0.2,0.5,0.8431372549019608
1284,7,48,0.6434701823512703,0.19446071719178362,0.7894698275644216,treatment,0.2,0.5,0.6530612244897959
1285,7,48,0.3051421648352877,0.7598836302466113,0.19025564402629663,treatment,0.2,0.5,0.8431372549019608
1286,7,49,0.6434701823512703,0.1997608157158666,0.7930576185954179,treatment,0.2,0.5,0.5306122448979592
1287,7,49,0.3051421648352877,0.7637671751563153,0.19095518729766975,treatment,0.2,0.5,0.8431372549019608
1288,7,50,0.6434701823512703,0.19536159051366123,0.7885539193605947,treatment,0.2,0.5,0.6326530612244898
1289,7,50,0.3051421648352877,0.7609767790775311,0.18997090632359095,treatment,0.2,0.5,0.8431372549019608
1290,7,51,0.6434701823512703,0.19977997345451862,0.7913187931305501,treatment,0.2,0.5,0.5306122448979592
1291,7,51,0.3051421648352877,0.7652992336246154,0.1903279603463649,treatment,0.2,0.5,0.8431372549019608
1292,7,52,0.6434701823512703,0.1977472104151025,0.788411450352165,treatment,0.2,0.5,0.6122448979591837
1293,7,52,0.3051421648352877,0.7603820862485232,0.19101198709551467,treatment,0.2,0.5,0.8431372549019608
1294,7,53,0.6434701823512703,0.2006800657063515,0.7905058043163643,treatment,0.2,0.5,0.5306122448979592
1295,7,53,0.3051421648352877,0.7658675199659063,0.19001782021037933,treatment,0.2,0.5,0.8431372549019608
1296,7,54,0.6434701823512703,0.19500912511853738,0.7868997871406145,treatment,0.2,0.5,0.6530612244897959
1297,7,54,0.3051421648352877,0.759948171930125,0.19036705567556106,treatment,0.2,0.5,0.8431372549019608
1298,7,55,0.6434701823512703,0.2002523308155089,0.7896253841566321,treatment,0.2,0.5,0.5510204081632653
1299,7,55,0.3051421648352877,0.7623303697795378,0.19219486448907874,treatment,0.2,0.5,0.8627450980392157
1300,7,56,0.6434701823512703,0.19633362223561523,0.7881568612052904,treatment,0.2,0.5,0.6122448979591837
1301,7,56,0.3051421648352877,0.7620423892000704,0.1897175741511174,treatment,0.2,0.5,0.8431372549019608
1302,7,57,0.6434701823512703,0.20044425607052538,0.7902402541844094,treatment,0.2,0.5,0.5306122448979592
1303,7,57,0.3051421648352877,0.7653963231745823,0.19012328572799628,treatment,0.2,0.5,0.8431372549019608
1304,7,58,0.6434701823512703,0.19827943983039625,0.7873825356918981,treatment,0.2,0.5,0.6122448979591837
1305,7,58,0.3051421648352877,0.7604582708388552,0.190837668830913,treatment,0.2,0.5,0.8431372549019608
1306,7,59,0.6434701823512703,0.19950579921006253,0.7890064496637406,treatment,0.2,0.5,0.5510204081632653
1307,7,59,0.3051421648352877,0.7645329600208555,0.1898837927138004,treatment,0.2,0.5,0.8431372549019608
1308,7,60,0.6434701823512703,0.19437349743528315,0.7865138685708775,treatment,0.2,0.5,0.6530612244897959
1309,7,60,0.3051421648352877,0.7598732079451892,0.190261487818339,treatment,0.2,0.5,0.8431372549019608
1310,7,61,0.6434701823512703,0.1998207120407162,0.7901124439656134,treatment,0.2,0.5,0.5306122448979592
1311,7,61,0.3051421648352877,0.7637670156283338,0.19096061164915912,treatment,0.2,0.5,0.8431372549019608
1312,7,62,0.6434701823512703,0.19685306913542738,0.7872701819025543,treatment,0.2,0.5,0.6122448979591837
1313,7,62,0.3051421648352877,0.7621210980091728,0.18997629956476492,treatment,0.2,0.5,0.8431372549019608
1314,7,63,0.6434701823512703,0.20225550376143325,0.7893689930623007,treatment,0.2,0.5,0.5306122448979592
1315,7,63,0.3051421648352877,0.7654270729717257,0.19170526555890915,treatment,0.2,0.5,0.8627450980392157
1316,7,64,0.6434701823512703,0.19876500754367812,0.7865810977265256,treatment,0.2,0.5,0.6122448979591837
1317,7,64,0.3051421648352877,0.7604901526743649,0.19078402582904488,treatment,0.2,0.5,0.8431372549019608
1318,7,65,0.6434701823512703,0.201548213418824,0.7887939964453992,treatment,0.2,0.5,0.5306122448979592
1319,7,65,0.3051421648352877,0.7659225230693474,0.1898002583268984,treatment,0.2,0.5,0.8431372549019608
1320,7,66,0.6434701823512703,0.19577507634580243,0.7852978116770448,treatment,0.2,0.5,0.6530612244897959
1321,7,66,0.3051421648352877,0.7600151580997198,0.19016094888575125,treatment,0.2,0.5,0.8431372549019608
1322,7,67,0.6434701823512703,0.19779437779427272,0.7875996840609948,treatment,0.2,0.5,0.5714285714285714
1323,7,67,0.3051421648352877,0.7612043029723782,0.19087788927918176,treatment,0.2,0.5,0.8431372549019608
1324,7,68,0.6434701823512703,0.19716961910003558,0.7871030041136475,treatment,0.2,0.5,0.6122448979591837
1325,7,68,0.3051421648352877,0.7620429405426001,0.19105572553904887,treatment,0.2,0.5,0.8627450980392157
1326,7,69,0.6434701823512703,0.20041800475540153,0.7891371860803735,treatment,0.2,0.5,0.5306122448979592
1327,7,69,0.3051421648352877,0.7654164138534243,0.18992860594357605,treatment,0.2,0.5,0.8431372549019608
1328,7,70,0.6434701823512703,0.19695619911337803,0.7862118074598836,treatment,0.2,0.5,0.6122448979591837
1329,7,70,0.3051421648352877,0.7604821275714706,0.18960203862700767,treatment,0.2,0.5,0.8235294117647058
1330,7,71,0.6434701823512703,0.20101014756845714,0.7883857518964457,treatment,0.2,0.5,0.5306122448979592
1331,7,71,0.3051421648352877,0.7659099509764243,0.18961839463268598,treatment,0.2,0.5,0.8431372549019608
1332,7,72,0.6434701823512703,0.19247426209996601,0.7844989472043741,treatment,0.2,0.5,0.673469387755102
1333,7,72,0.3051421648352877,0.7590763208462609,0.1889912504582162,treatment,0.2,0.5,0.8235294117647058
1334,7,73,0.6434701823512703,0.1994236958933905,0.788887942518422,treatment,0.2,0.5,0.5306122448979592
1335,7,73,0.3051421648352877,0.7637776363716627,0.19072508335607563,treatment,0.2,0.5,0.8431372549019608
1336,7,74,0.6434701823512703,0.1954315307125609,0.7861126019124209,treatment,0.2,0.5,0.6122448979591837
1337,7,74,0.3051421648352877,0.7621340178929656,0.1887368251083786,treatment,0.2,0.5,0.8235294117647058
1338,7,75,0.6434701823512703,0.19930519327226956,0.7873738961715863,treatment,0.2,0.5,0.5510204081632653
1339,7,75,0.3051421648352877,0.7639546239508274,0.19010961177143917,treatment,0.2,0.5,0.8431372549019608
1340,7,76,0.6434701823512703,0.19645297405438772,0.7858261360003538,treatment,0.2,0.5,0.6122448979591837
1341,7,76,0.3051421648352877,0.7603783065929881,0.189798924965325,treatment,0.2,0.5,0.8235294117647058
1342,7,77,0.6434701823512703,0.2006602065626116,0.7880024759533342,treatment,0.2,0.5,0.5306122448979592
1343,7,77,0.3051421648352877,0.7658758737088124,0.18980968642818852,treatment,0.2,0.5,0.8431372549019608
1344,7,78,0.6434701823512703,0.1969508067498808,0.7852249273462464,treatment,0.2,0.5,0.6122448979591837
1345,7,78,0.3051421648352877,0.7619513076822545,0.18914449897354185,treatment,0.2,0.5,0.8235294117647058
1346,7,79,0.6434701823512703,0.19776792128165324,0.7863857596220958,treatment,0.2,0.5,0.5714285714285714
1347,7,79,0.3051421648352877,0.7615949612661301,0.19008466381258196,treatment,0.2,0.5,0.8235294117647058
1348,7,80,0.6434701823512703,0.1966614253252434,0.7856205194155413,treatment,0.2,0.5,0.6122448979591837
1349,7,80,0.3051421648352877,0.7621221092507305,0.18982164307999785,treatment,0.2,0.5,0.8431372549019608
1350,7,81,0.6434701823512703,0.19967632498513746,0.7877282160518585,treatment,0.2,0.5,0.5306122448979592
1351,7,81,0.3051421648352877,0.7654454725144143,0.18918414615528928,treatment,0.2,0.5,0.8235294117647058
1352,7,82,0.6434701823512703,0.19886117916787047,0.7849079842864067,treatment,0.2,0.5,0.6122448979591837
1353,7,82,0.3051421648352877,0.7605132132421264,0.1913281801128383,treatment,0.2,0.5,0.8431372549019608
1354,7,83,0.6434701823512703,0.20165662434578094,0.7871203426489344,treatment,0.2,0.5,0.5306122448979592
1355,7,83,0.3051421648352877,0.765931474713614,0.18952382443717053,treatment,0.2,0.5,0.8431372549019608
1356,7,84,0.6434701823512703,0.19604642426461608,0.7840317525804769,treatment,0.2,0.5,0.6326530612244898
1357,7,84,0.3051421648352877,0.7609060429582454,0.18893073893969028,treatment,0.2,0.5,0.8235294117647058
1358,7,85,0.6434701823512703,0.19880622729484984,0.786550756397789,treatment,0.2,0.5,0.5510204081632653
1359,7,85,0.3051421648352877,0.7626442135156384,0.18989508302655836,treatment,0.2,0.5,0.8235294117647058
1360,7,86,0.6434701823512703,0.19423413951682783,0.7841278123287975,treatment,0.2,0.5,0.6530612244897959
1361,7,86,0.3051421648352877,0.7602101117510729,0.1896683321808092,treatment,0.2,0.5,0.8431372549019608
1362,7,87,0.6434701823512703,0.1982789872709084,0.7877172985625759,treatment,0.2,0.5,0.5306122448979592
1363,7,87,0.3051421648352877,0.7653252871872136,0.18905885553607682,treatment,0.2,0.5,0.8235294117647058
1364,7,88,0.6434701823512703,0.1965148401107002,0.7848735139444268,treatment,0.2,0.5,0.6122448979591837
1365,7,88,0.3051421648352877,0.760435765656467,0.1900139872295109,treatment,0.2,0.5,0.8235294117647058
1366,7,89,0.6434701823512703,0.20081380743581187,0.7869857680132326,treatment,0.2,0.5,0.5306122448979592
1367,7,89,0.3051421648352877,0.7659194297263401,0.18975479826966157,treatment,0.2,0.5,0.8431372549019608
1368,7,90,0.6434701823512703,0.19714753636252713,0.7842141221719557,treatment,0.2,0.5,0.6122448979591837
1369,7,90,0.3051421648352877,0.761971334703865,0.18912700053985626,treatment,0.2,0.5,0.8235294117647058
1370,7,91,0.6434701823512703,0.20105122614811657,0.7864468852906104,treatment,0.2,0.5,0.5306122448979592
1371,7,91,0.3051421648352877,0.7640400542282214,0.1900682373284663,treatment,0.2,0.5,0.8235294117647058
1372,7,92,0.6434701823512703,0.19742061110755732,0.7837945592881983,treatment,0.2,0.5,0.6122448979591837
1373,7,92,0.3051421648352877,0.762255508839001,0.18921808809905472,treatment,0.2,0.5,0.8235294117647058
1374,7,93,0.6434701823512703,0.19921197098805338,0.7849899315810368,treatment,0.2,0.5,0.5714285714285714
1375,7,93,0.3051421648352877,0.7630193478732366,0.19016223887723632,treatment,0.2,0.5,0.8431372549019608
1376,7,94,0.6434701823512703,0.19682091081261927,0.7842953952461302,treatment,0.2,0.5,0.6122448979591837
1377,7,94,0.3051421648352877,0.7603592111712371,0.18986673554402195,treatment,0.2,0.5,0.8235294117647058
1378,7,95,0.6434701823512703,0.19991377177612332,0.7864230673552384,treatment,0.2,0.5,0.5306122448979592
1379,7,95,0.3051421648352877,0.7658955756604076,0.1891062865788171,treatment,0.2,0.5,0.8235294117647058
1380,7,96,0.6434701823512703,0.197428245705193,0.7836524695862275,treatment,0.2,0.5,0.6122448979591837
1381,7,96,0.3051421648352877,0.761991686787139,0.18959867878074754,treatment,0.2,0.5,0.8235294117647058
1382,7,97,0.6434701823512703,0.20265469548580137,0.7849988067635207,treatment,0.2,0.5,0.5510204081632653
1383,7,97,0.3051421648352877,0.7625830540954422,0.19204627345454478,treatment,0.2,0.5,0.8627450980392157
1384,7,98,0.6434701823512703,0.19542207652114535,0.783240651333459,treatment,0.2,0.5,0.6326530612244898
1385,7,98,0.3051421648352877,0.7611520990678581,0.18858712537876626,treatment,0.2,0.5,0.8235294117647058
1386,7,99,0.6434701823512703,0.1997031010857714,0.7862790602526041,treatment,0.2,0.5,0.5306122448979592
1387,7,99,0.3051421648352877,0.7654181752267155,0.18921788414746998,treatment,0.2,0.5,0.8235294117647058
1388,8,1,0.701703595522638,0.22689353787154676,0.7757490370549397,treatment,0.2,0.5,0.8
1389,8,1,0.34763427995958657,0.7583679337541218,0.27827641141240184,treatment,0.2,0.5,0.8
1390,8,2,0.701703595522638,0.1955695833336212,0.8066400829165782,treatment,0.2,0.5,0.7
1391,8,2,0.34763427995958657,0.7776722832341167,0.24880596725621873,treatment,0.2,0.5,0.74
1392,8,3,0.701703595522638,0.1894939054339323,0.8242820648745705,treatment,0.2,0.5,0.64
1393,8,3,0.34763427995958657,0.786419171726933,0.2197069289814584,treatment,0.2,0.5,0.64
1394,8,4,0.701703595522638,0.19584092236361658,0.8370315082052396,treatment,0.2,0.5,0.58
1395,8,4,0.34763427995958657,0.7791350767199698,0.22042806862088757,treatment,0.2,0.5,0.7
1396,8,5,0.701703595522638,0.1973182196779545,0.8341764999096485,treatment,0.2,0.5,0.64
1397,8,5,0.34763427995958657,0.7913779708190724,0.21755086217104416,treatment,0.2,0.5,0.74
1398,8,6,0.701703595522638,0.19260563340860026,0.8387456500089612,treatment,0.2,0.5,0.58
1399,8,6,0.34763427995958657,0.7774698630464283,0.2132344895944056,treatment,0.2,0.5,0.6
1400,8,7,0.701703595522638,0.19359268506477156,0.8356581996219926,treatment,0.2,0.5,0.64
1401,8,7,0.34763427995958657,0.7957602485574132,0.21731465906024944,treatment,0.2,0.5,0.64
1402,8,8,0.701703595522638,0.18742243253283986,0.8385348411660779,treatment,0.2,0.5,0.62
1403,8,8,0.34763427995958657,0.7778353153728602,0.2141524408323544,treatment,0.2,0.5,0.58
1404,8,9,0.701703595522638,0.1900371679477457,0.8382039036377494,treatment,0.2,0.5,0.64
1405,8,9,0.34763427995958657,0.7980139186987303,0.21757250833864428,treatment,0.2,0.5,0.62
1406,8,10,0.701703595522638,0.1912290143168606,0.8420080758467832,treatment,0.2,0.5,0.58
1407,8,10,0.34763427995958657,0.8014013486197138,0.21714300299443767,treatment,0.2,0.5,0.6
1408,8,11,0.701703595522638,0.19228172950345285,0.8384425591069322,treatment,0.2,0.5,0.64
1409,8,11,0.34763427995958657,0.8080266299109656,0.21457835998544247,treatment,0.2,0.5,0.64
1410,8,12,0.701703595522638,0.1843996378122929,0.8423287730313104,treatment,0.2,0.5,0.58
1411,8,12,0.34763427995958657,0.7995336627585428,0.20862519586357123,treatment,0.2,0.5,0.5
1412,8,13,0.701703595522638,0.183955297292798,0.8388505479073585,treatment,0.2,0.5,0.64
1413,8,13,0.34763427995958657,0.8087215157680435,0.21170002691998785,treatment,0.2,0.5,0.52
1414,8,14,0.701703595522638,0.17988134365492386,0.8417802166781141,treatment,0.2,0.5,0.6
1415,8,14,0.34763427995958657,0.7967002730750639,0.2097284913860402,treatment,0.2,0.5,0.48
1416,8,15,0.701703595522638,0.17980979919449536,0.8398858686617783,treatment,0.2,0.5,0.64
1417,8,15,0.34763427995958657,0.80995036414299,0.21052189939706914,treatment,0.2,0.5,0.5
1418,8,16,0.701703595522638,0.18219720294511985,0.8435699411133005,treatment,0.2,0.5,0.58
1419,8,16,0.34763427995958657,0.7988958029217962,0.21086537634472793,treatment,0.2,0.5,0.5
1420,8,17,0.701703595522638,0.17675187983165178,0.8391333451400119,treatment,0.2,0.5,0.66
1421,8,17,0.34763427995958657,0.8079641838937627,0.21013127390501765,treatment,0.2,0.5,0.48
1422,8,18,0.701703595522638,0.18123349194652513,0.8441364520922735,treatment,0.2,0.5,0.58
1423,8,18,0.34763427995958657,0.800099799071635,0.21052484533740007,treatment,0.2,0.5,0.5
1424,8,19,0.701703595522638,0.1753743837393361,0.8396793629469178,treatment,0.2,0.5,0.66
1425,8,19,0.34763427995958657,0.808191303679711,0.20910021894549735,treatment,0.2,0.5,0.48
1426,8,20,0.701703595522638,0.17804104906090262,0.844595884176123,treatment,0.2,0.5,0.58
1427,8,20,0.34763427995958657,0.8004741378839181,0.20865356941328966,treatment,0.2,0.5,0.48
1428,8,21,0.701703595522638,0.17827230250786283,0.8408897698773709,treatment,0.2,0.5,0.64
1429,8,21,0.34763427995958657,0.8111401940588575,0.20911419671263715,treatment,0.2,0.5,0.5
1430,8,22,0.701703595522638,0.1807721974499216,0.8445068346268486,treatment,0.2,0.5,0.58
1431,8,22,0.34763427995958657,0.8012584519346697,0.2085090974563635,treatment,0.2,0.5,0.5
1432,8,23,0.701703595522638,0.176989065192385,0.840863843158443,treatment,0.2,0.5,0.64
1433,8,23,0.34763427995958657,0.8106130327392522,0.20778440119095345,treatment,0.2,0.5,0.48
1434,8,24,0.701703595522638,0.17707782363618446,0.8445256348800899,treatment,0.2,0.5,0.58
1435,8,24,0.34763427995958657,0.8002207733045037,0.20704387853674708,treatment,0.2,0.5,0.46
1436,8,25,0.701703595522638,0.17537345880028612,0.8400297938010607,treatment,0.2,0.5,0.66
1437,8,25,0.34763427995958657,0.8104378947442732,0.20778845611878588,treatment,0.2,0.5,0.48
1438,8,26,0.701703595522638,0.17981963224376313,0.8451238645431443,treatment,0.2,0.5,0.58
1439,8,26,0.34763427995958657,0.8018371202499993,0.20824166386859577,treatment,0.2,0.5,0.5
1440,8,27,0.701703595522638,0.17634116853663495,0.8414773821424754,treatment,0.2,0.5,0.64
1441,8,27,0.34763427995958657,0.8111752930895976,0.2074534501814998,treatment,0.2,0.5,0.48
1442,8,28,0.701703595522638,0.17869354710899127,0.8450736360058406,treatment,0.2,0.5,0.58
1443,8,28,0.34763427995958657,0.8019589574266597,0.20703224432057765,treatment,0.2,0.5,0.48
1444,8,29,0.701703595522638,0.1767934892998609,0.8414370472768479,treatment,0.2,0.5,0.64
1445,8,29,0.34763427995958657,0.8114664619602014,0.2072071549391895,treatment,0.2,0.5,0.48
1446,8,30,0.701703595522638,0.18252090561435053,0.8450642499140266,treatment,0.2,0.5,0.58
1447,8,30,0.34763427995958657,0.804941615405949,0.20736906461856208,treatment,0.2,0.5,0.52
1448,8,31,0.701703595522638,0.17888240036158906,0.8414702749123208,treatment,0.2,0.5,0.64
1449,8,31,0.34763427995958657,0.8127347651692521,0.2066731115731567,treatment,0.2,0.5,0.5
1450,8,32,0.701703595522638,0.17733401599478718,0.8451016433274294,treatment,0.2,0.5,0.58
1451,8,32,0.34763427995958657,0.8020937530361697,0.20521384056339914,treatment,0.2,0.5,0.46
1452,8,33,0.701703595522638,0.17730693313517842,0.8415279867533991,treatment,0.2,0.5,0.64
1453,8,33,0.34763427995958657,0.8134566545613648,0.20619599465397573,treatment,0.2,0.5,0.48
1454,8,34,0.701703595522638,0.1832575242394677,0.8451559700432429,treatment,0.2,0.5,0.58
1455,8,34,0.34763427995958657,0.806291436598929,0.20717872991724673,treatment,0.2,0.5,0.52
1456,8,35,0.701703595522638,0.18100613222838494,0.8415932484075901,treatment,0.2,0.5,0.64
1457,8,35,0.34763427995958657,0.8151031163455537,0.20638889181765585,treatment,0.2,0.5,0.52
1458,8,36,0.701703595522638,0.18205513437044074,0.8452154600571792,treatment,0.2,0.5,0.58
1459,8,36,0.34763427995958657,0.8044963377025454,0.2063561760985278,treatment,0.2,0.5,0.5
1460,8,37,0.701703595522638,0.1778574150005151,0.8416591483692063,treatment,0.2,0.5,0.64
1461,8,37,0.34763427995958657,0.8151236918731847,0.2049547826487633,treatment,0.2,0.5,0.48
1462,8,38,0.701703595522638,0.17777589141645536,0.8452749524233915,treatment,0.2,0.5,0.58
1463,8,38,0.34763427995958657,0.8041043784040793,0.20429373441453388,treatment,0.2,0.5,0.46
1464,8,39,0.701703595522638,0.1776610232710944,0.8417226207431634,treatment,0.2,0.5,0.64
1465,8,39,0.34763427995958657,0.8152986209066271,0.205090635303692,treatment,0.2,0.5,0.48
1466,8,40,0.701703595522638,0.1815217764932263,0.8453320548360683,treatment,0.2,0.5,0.58
1467,8,40,0.34763427995958657,0.8050666591339737,0.205840565673234,treatment,0.2,0.5,0.5
1468,8,41,0.701703595522638,0.1801216201332708,0.8417823038426225,treatment,0.2,0.5,0.64
1469,8,41,0.34763427995958657,0.814885157621111,0.20646746979697703,treatment,0.2,0.5,0.5
1470,8,42,0.701703595522638,0.1782690952677506,0.8444107971755009,treatment,0.2,0.5,0.6
1471,8,42,0.34763427995958657,0.8035701641210973,0.20462240631011905,treatment,0.2,0.5,0.48
1472,8,43,0.701703595522638,0.1749399165520929,0.8414918785782244,treatment,0.2,0.5,0.66
1473,8,43,0.34763427995958657,0.8126523606867464,0.20507960223148397,treatment,0.2,0.5,0.48
1474,8,44,0.701703595522638,0.17592578134776357,0.8462948602233802,treatment,0.2,0.5,0.58
1475,8,44,0.34763427995958657,0.8032757658873334,0.20440369166476313,treatment,0.2,0.5,0.46
1476,8,45,0.701703595522638,0.1762797363497696,0.8425307866339123,treatment,0.2,0.5,0.64
1477,8,45,0.34763427995958657,0.8148749070318283,0.20521498872544724,treatment,0.2,0.5,0.48
1478,8,46,0.701703595522638,0.18236233052032258,0.846019845809304,treatment,0.2,0.5,0.58
1479,8,46,0.34763427995958657,0.8059150308019593,0.2059845209619665,treatment,0.2,0.5,0.52
1480,8,47,0.701703595522638,0.17911672768712575,0.8423237594615642,treatment,0.2,0.5,0.64
1481,8,47,0.34763427995958657,0.8140939159475296,0.20516042089957132,treatment,0.2,0.5,0.5
1482,8,48,0.701703595522638,0.1819572337866525,0.8458706913915683,treatment,0.2,0.5,0.58
1483,8,48,0.34763427995958657,0.8047854384899218,0.20485450645370942,treatment,0.2,0.5,0.5
1484,8,49,0.701703595522638,0.17752849738929943,0.8422370961385738,treatment,0.2,0.5,0.64
1485,8,49,0.34763427995958657,0.8139692455194429,0.20402561910372402,treatment,0.2,0.5,0.48
1486,8,50,0.701703595522638,0.1814360299488765,0.8458021974931869,treatment,0.2,0.5,0.58
1487,8,50,0.34763427995958657,0.8060153443441064,0.20428461899363096,treatment,0.2,0.5,0.5
1488,8,51,0.701703595522638,0.18224123012149795,0.8411871079649345,treatment,0.2,0.5,0.66
1489,8,51,0.34763427995958657,0.8141446099891769,0.20755157154486928,treatment,0.2,0.5,0.54
1490,8,52,0.701703595522638,0.17737851639694363,0.8461635191757054,treatment,0.2,0.5,0.58
1491,8,52,0.34763427995958657,0.8044566525137621,0.20320216752825498,treatment,0.2,0.5,0.46
1492,8,53,0.701703595522638,0.1751334396369635,0.8425078938227217,treatment,0.2,0.5,0.64
1493,8,53,0.34763427995958657,0.8145285864045176,0.20379067797671568,treatment,0.2,0.5,0.46
1494,8,54,0.701703595522638,0.17957591922711671,0.8460297332399864,treatment,0.2,0.5,0.58
1495,8,54,0.34763427995958657,0.8048827532431853,0.2048993733383323,treatment,0.2,0.5,0.48
1496,8,55,0.701703595522638,0.1774843744916229,0.8423751014266853,treatment,0.2,0.5,0.64
1497,8,55,0.34763427995958657,0.816076027786124,0.20430563144423095,treatment,0.2,0.5,0.48
1498,8,56,0.701703595522638,0.18043287656673523,0.8444675902936392,treatment,0.2,0.5,0.6
1499,8,56,0.34763427995958657,0.8035506046759501,0.2050405692575308,treatment,0.2,0.5,0.5
1500,8,57,0.701703595522638,0.17907914143255876,0.8427591317859107,treatment,0.2,0.5,0.64
1501,8,57,0.34763427995958657,0.8171348189194043,0.20411345826063243,treatment,0.2,0.5,0.5
1502,8,58,0.701703595522638,0.18190434581233167,0.8447754354242594,treatment,0.2,0.5,0.6
1503,8,58,0.34763427995958657,0.8057832298447798,0.20409971513029534,treatment,0.2,0.5,0.52
1504,8,59,0.701703595522638,0.17875163155089793,0.8430070665726082,treatment,0.2,0.5,0.64
1505,8,59,0.34763427995958657,0.8153034833978985,0.20378644772791596,treatment,0.2,0.5,0.5
1506,8,60,0.701703595522638,0.1792792418110392,0.8464823610291158,treatment,0.2,0.5,0.58
1507,8,60,0.34763427995958657,0.8059360625168296,0.20290474402897846,treatment,0.2,0.5,0.48
1508,8,61,0.701703595522638,0.1772926736746931,0.8427396027222959,treatment,0.2,0.5,0.64
1509,8,61,0.34763427995958657,0.8149194979842384,0.2037070190138836,treatment,0.2,0.5,0.48
1510,8,62,0.701703595522638,0.17753072731822578,0.8462773149521303,treatment,0.2,0.5,0.58
1511,8,62,0.34763427995958657,0.804274489200019,0.20323551971738066,treatment,0.2,0.5,0.46
1512,8,63,0.701703595522638,0.17546748410072596,0.8426117368441407,treatment,0.2,0.5,0.64
1513,8,63,0.34763427995958657,0.8145878632007425,0.20372909248255602,treatment,0.2,0.5,0.46
1514,8,64,0.701703595522638,0.18159958795424103,0.8461684841342774,treatment,0.2,0.5,0.58
1515,8,64,0.34763427995958657,0.8063050142311365,0.20483101679984883,treatment,0.2,0.5,0.5
1516,8,65,0.701703595522638,0.17796679143341232,0.8417145618263335,treatment,0.2,0.5,0.66
1517,8,65,0.34763427995958657,0.8150304490108801,0.20427886217042004,treatment,0.2,0.5,0.5
1518,8,66,0.701703595522638,0.1824315243930328,0.84657492607962,treatment,0.2,0.5,0.58
1519,8,66,0.34763427995958657,0.8072921769747492,0.20422278732228794,treatment,0.2,0.5,0.52
1520,8,67,0.701703595522638,0.17916116118023415,0.8428731739949847,treatment,0.2,0.5,0.64
1521,8,67,0.34763427995958657,0.8151589455559477,0.20387391713841208,treatment,0.2,0.5,0.5
1522,8,68,0.701703595522638,0.17773194446656537,0.8463717666839312,treatment,0.2,0.5,0.58
1523,8,68,0.34763427995958657,0.8044679350585185,0.20257227914372464,treatment,0.2,0.5,0.46
1524,8,69,0.701703595522638,0.1763912690798288,0.8418242627691496,treatment,0.2,0.5,0.66
1525,8,69,0.34763427995958657,0.8141473039857924,0.204774435338017,treatment,0.2,0.5,0.48
1526,8,70,0.701703595522638,0.18058296577159375,0.8466884318512073,treatment,0.2,0.5,0.58
1527,8,70,0.34763427995958657,0.8071597767078559,0.2042875982214014,treatment,0.2,0.5,0.5
1528,8,71,0.701703595522638,0.1790421275600858,0.8429674741907892,treatment,0.2,0.5,0.64
1529,8,71,0.34763427995958657,0.815124205474361,0.20459739807570856,treatment,0.2,0.5,0.5
1530,8,72,0.701703595522638,0.1776413058993276,0.8464572105448245,treatment,0.2,0.5,0.58
1531,8,72,0.34763427995958657,0.8044360122577391,0.2030410373015049,treatment,0.2,0.5,0.46
1532,8,73,0.701703595522638,0.1755257924133323,0.8427639973526335,treatment,0.2,0.5,0.64
1533,8,73,0.34763427995958657,0.8147294043268595,0.20361337528406448,treatment,0.2,0.5,0.46
1534,8,74,0.701703595522638,0.17957144852173393,0.8462962862850162,treatment,0.2,0.5,0.58
1535,8,74,0.34763427995958657,0.8054494235474702,0.20428133286685263,treatment,0.2,0.5,0.48
1536,8,75,0.701703595522638,0.18080088784436069,0.8402950677769276,treatment,0.2,0.5,0.66
1537,8,75,0.34763427995958657,0.8155320617037926,0.20511748286350176,treatment,0.2,0.5,0.52
1538,8,76,0.701703595522638,0.18017585260309443,0.8453741888084448,treatment,0.2,0.5,0.58
1539,8,76,0.34763427995958657,0.8050257955726541,0.2036553704338803,treatment,0.2,0.5,0.48
1540,8,77,0.701703595522638,0.17621128571127836,0.8417224336948833,treatment,0.2,0.5,0.64
1541,8,77,0.34763427995958657,0.8151209775742047,0.203258789944414,treatment,0.2,0.5,0.46
1542,8,78,0.701703595522638,0.1783427701406894,0.8452482141645697,treatment,0.2,0.5,0.58
1543,8,78,0.34763427995958657,0.8044170871586266,0.20378814357789918,treatment,0.2,0.5,0.46
1544,8,79,0.701703595522638,0.17867432737150601,0.8415840698735627,treatment,0.2,0.5,0.64
1545,8,79,0.34763427995958657,0.8157593838377717,0.2045034720433834,treatment,0.2,0.5,0.48
1546,8,80,0.701703595522638,0.1806728370817842,0.8451366169659711,treatment,0.2,0.5,0.58
1547,8,80,0.34763427995958657,0.8061311069760154,0.20407875060834674,treatment,0.2,0.5,0.48
1548,8,81,0.701703595522638,0.17872489377783382,0.8415120808831402,treatment,0.2,0.5,0.64
1549,8,81,0.34763427995958657,0.815222627238,0.20441750989213797,treatment,0.2,0.5,0.48
1550,8,82,0.701703595522638,0.18281745469592786,0.845072588485522,treatment,0.2,0.5,0.58
1551,8,82,0.34763427995958657,0.807057422511377,0.20434593516301966,treatment,0.2,0.5,0.5
1552,8,83,0.701703595522638,0.18433135219029892,0.8414698838571623,treatment,0.2,0.5,0.64
1553,8,83,0.34763427995958657,0.8173681974887762,0.20489633105550772,treatment,0.2,0.5,0.54
1554,8,84,0.701703595522638,0.18359149426666996,0.8450326097661619,treatment,0.2,0.5,0.58
1555,8,84,0.34763427995958657,0.8065555317847688,0.2031542788179827,treatment,0.2,0.5,0.5
1556,8,85,0.701703595522638,0.17927293918893042,0.8414436600427665,treatment,0.2,0.5,0.64
1557,8,85,0.34763427995958657,0.8173041308384709,0.20229984173704008,treatment,0.2,0.5,0.48
1558,8,86,0.701703595522638,0.1796795059915593,0.8436413302714214,treatment,0.2,0.5,0.6
1559,8,86,0.34763427995958657,0.8036848364114502,0.20319111985035618,treatment,0.2,0.5,0.48
1560,8,87,0.701703595522638,0.17621521452458883,0.8418339009230708,treatment,0.2,0.5,0.64
1561,8,87,0.34763427995958657,0.8153361071976252,0.20279962105073163,treatment,0.2,0.5,0.46
1562,8,88,0.701703595522638,0.17486428783475422,0.8432110266686227,treatment,0.2,0.5,0.62
1563,8,88,0.34763427995958657,0.8014500265985505,0.20335548406891893,treatment,0.2,0.5,0.46
1564,8,89,0.701703595522638,0.17421053781212076,0.8426282825837731,treatment,0.2,0.5,0.64
1565,8,89,0.34763427995958657,0.8146902579110857,0.20372466809069756,treatment,0.2,0.5,0.46
1566,8,90,0.701703595522638,0.1807348121002588,0.8459669482900871,treatment,0.2,0.5,0.58
1567,8,90,0.34763427995958657,0.8068271264583984,0.20466436057668017,treatment,0.2,0.5,0.5
1568,8,91,0.701703595522638,0.18142114119729577,0.8421049601874465,treatment,0.2,0.5,0.64
1569,8,91,0.34763427995958657,0.8158951557501934,0.2051575093216361,treatment,0.2,0.5,0.52
1570,8,92,0.701703595522638,0.18039960213466538,0.8455905025752609,treatment,0.2,0.5,0.58
1571,8,92,0.34763427995958657,0.8062802047159414,0.20290225882012458,treatment,0.2,0.5,0.48
1572,8,93,0.701703595522638,0.17835615939858343,0.8418685117916069,treatment,0.2,0.5,0.64
1573,8,93,0.34763427995958657,0.8153328981775758,0.20357549532305047,treatment,0.2,0.5,0.48
1574,8,94,0.701703595522638,0.17860321615699123,0.845398743908228,treatment,0.2,0.5,0.58
1575,8,94,0.34763427995958657,0.8046176572543385,0.2030717068829816,treatment,0.2,0.5,0.46
1576,8,95,0.701703595522638,0.17882684508603364,0.8408714097343157,treatment,0.2,0.5,0.66
1577,8,95,0.34763427995958657,0.8157551138013254,0.2041680400708774,treatment,0.2,0.5,0.5
1578,8,96,0.701703595522638,0.17985873033881092,0.8457431456911215,treatment,0.2,0.5,0.58
1579,8,96,0.34763427995958657,0.8051488543058163,0.20358853896503187,treatment,0.2,0.5,0.48
1580,8,97,0.701703595522638,0.17607454520269042,0.8420276464581629,treatment,0.2,0.5,0.64
1581,8,97,0.34763427995958657,0.8152825564587188,0.20309880534709757,treatment,0.2,0.5,0.46
1582,8,98,0.701703595522638,0.18236818931877394,0.845519247843855,treatment,0.2,0.5,0.58
1583,8,98,0.34763427995958657,0.8068423824404439,0.20451312184125317,treatment,0.2,0.5,0.5
1584,8,99,0.701703595522638,0.1786076497097626,0.8418277403180631,treatment,0.2,0.5,0.64
1585,8,99,0.34763427995958657,0.8157148717263175,0.2036000347339307,treatment,0.2,0.5,0.48
1586,9,1,0.6878055162531823,0.22779312082318293,0.8096679289929164,treatment,0.2,0.5,0.7755102040816326
1587,9,1,0.32916450450750284,0.7451004965290434,0.2774916131901617,treatment,0.2,0.5,0.8431372549019608
1588,9,2,0.6878055162531823,0.20375631057068683,0.8321982751166962,treatment,0.2,0.5,0.6938775510204082
1589,9,2,0.32916450450750284,0.7621684435685919,0.2402700705240604,treatment,0.2,0.5,0.8431372549019608
1590,9,3,0.6878055162531823,0.19529915906341502,0.8402134660898882,treatment,0.2,0.5,0.6326530612244898
1591,9,3,0.32916450450750284,0.7719143066276142,0.21340555879711678,treatment,0.2,0.5,0.7450980392156863
1592,9,4,0.6878055162531823,0.197662317006879,0.839521754931775,treatment,0.2,0.5,0.6326530612244898
1593,9,4,0.32916450450750284,0.7771146844262827,0.21448959495260378,treatment,0.2,0.5,0.7647058823529411
1594,9,5,0.6878055162531823,0.19435688230003761,0.837207259143348,treatment,0.2,0.5,0.6530612244897959
1595,9,5,0.32916450450750284,0.7780655867795278,0.21156155916131095,treatment,0.2,0.5,0.7254901960784313
1596,9,6,0.6878055162531823,0.19622065340027406,0.8369342411811729,treatment,0.2,0.5,0.6530612244897959
1597,9,6,0.32916450450750284,0.7803829388988192,0.214430631531736,treatment,0.2,0.5,0.7647058823529411
1598,9,7,0.6878055162531823,0.19173461120937496,0.837782945124725,treatment,0.2,0.5,0.673469387755102
1599,9,7,0.32916450450750284,0.7803691369502367,0.2116780418929796,treatment,0.2,0.5,0.7254901960784313
1600,9,8,0.6878055162531823,0.19789288927411972,0.8388801472805406,treatment,0.2,0.5,0.6326530612244898
1601,9,8,0.32916450450750284,0.7842871666123689,0.21549697908414403,treatment,0.2,0.5,0.7843137254901961
1602,9,9,0.6878055162531823,0.19515785991699314,0.83804842815307,treatment,0.2,0.5,0.6326530612244898
1603,9,9,0.32916450450750284,0.7848855971385703,0.21139027385158474,treatment,0.2,0.5,0.7254901960784313
1604,9,10,0.6878055162531823,0.19777125530042325,0.8373573539339726,treatment,0.2,0.5,0.673469387755102
1605,9,10,0.32916450450750284,0.7839175989265892,0.21614939073607073,treatment,0.2,0.5,0.803921568627451
1606,9,11,0.6878055162531823,0.1945362970692705,0.838656031244722,treatment,0.2,0.5,0.6326530612244898
1607,9,11,0.32916450450750284,0.7861140274911281,0.21096790106200244,treatment,0.2,0.5,0.7254901960784313
1608,9,12,0.6878055162531823,0.19787866664416395,0.8374762037177834,treatment,0.2,0.5,0.673469387755102
1609,9,12,0.32916450450750284,0.7852343700522881,0.21555538402594268,treatment,0.2,0.5,0.803921568627451
1610,9,13,0.6878055162531823,0.19474642463636596,0.8384858552093808,treatment,0.2,0.5,0.6326530612244898
1611,9,13,0.32916450450750284,0.7871101390244857,0.2104366043180132,treatment,0.2,0.5,0.7254901960784313
1612,9,14,0.6878055162531823,0.20102284833312517,0.837603615679185,treatment,0.2,0.5,0.6326530612244898
1613,9,14,0.32916450450750284,0.7883229909881473,0.21506729439524058,treatment,0.2,0.5,0.803921568627451
1614,9,15,0.6878055162531823,0.19675107366588018,0.8369773620697952,treatment,0.2,0.5,0.6326530612244898
1615,9,15,0.32916450450750284,0.7881944497813808,0.20999437482830874,treatment,0.2,0.5,0.7254901960784313
1616,9,16,0.6878055162531823,0.20205562638632452,0.8365006854422725,treatment,0.2,0.5,0.6326530612244898
1617,9,16,0.32916450450750284,0.7905365118768554,0.21380390688525652,treatment,0.2,0.5,0.803921568627451
1618,9,17,0.6878055162531823,0.1945930726009172,0.8357782003651769,treatment,0.2,0.5,0.673469387755102
1619,9,17,0.32916450450750284,0.7876146147033232,0.20918629945980788,treatment,0.2,0.5,0.7254901960784313
1620,9,18,0.6878055162531823,0.19834242819360115,0.8368633598127176,treatment,0.2,0.5,0.6530612244897959
1621,9,18,0.32916450450750284,0.78896051795408,0.21273856373901054,treatment,0.2,0.5,0.7843137254901961
1622,9,19,0.6878055162531823,0.19440871305608362,0.8368895141481788,treatment,0.2,0.5,0.6530612244897959
1623,9,19,0.32916450450750284,0.7884480662463582,0.2090798798743158,treatment,0.2,0.5,0.7254901960784313
1624,9,20,0.6878055162531823,0.1997352660948886,0.8370754782601367,treatment,0.2,0.5,0.6326530612244898
1625,9,20,0.32916450450750284,0.7903249168555008,0.21263096869953924,treatment,0.2,0.5,0.7843137254901961
1626,9,21,0.6878055162531823,0.19698004060016136,0.8363219251782891,treatment,0.2,0.5,0.6326530612244898
1627,9,21,0.32916450450750284,0.7899762969552848,0.20894307760438544,treatment,0.2,0.5,0.7254901960784313
1628,9,22,0.6878055162531823,0.19839827320428038,0.8354790670169577,treatment,0.2,0.5,0.673469387755102
1629,9,22,0.32916450450750284,0.7885757554230445,0.21246305450011596,treatment,0.2,0.5,0.7843137254901961
1630,9,23,0.6878055162531823,0.19640820899289285,0.8366508409319178,treatment,0.2,0.5,0.6326530612244898
1631,9,23,0.32916450450750284,0.7900429481106797,0.2087743350635893,treatment,0.2,0.5,0.7254901960784313
1632,9,24,0.6878055162531823,0.19947501045363003,0.835596226463375,treatment,0.2,0.5,0.6530612244897959
1633,9,24,0.32916450450750284,0.7896487232776357,0.2122845307099119,treatment,0.2,0.5,0.7843137254901961
1634,9,25,0.6878055162531823,0.1970020503652053,0.8361027651207331,treatment,0.2,0.5,0.6326530612244898
1635,9,25,0.32916450450750284,0.790335409042165,0.20860250678432118,treatment,0.2,0.5,0.7254901960784313
1636,9,26,0.6878055162531823,0.1986383084596959,0.8353045164956371,treatment,0.2,0.5,0.6530612244897959
1637,9,26,0.32916450450750284,0.7899673382230753,0.21131334420788095,treatment,0.2,0.5,0.7647058823529411
1638,9,27,0.6878055162531823,0.19412334703348194,0.8354151031920615,treatment,0.2,0.5,0.673469387755102
1639,9,27,0.32916450450750284,0.7884603147441616,0.20830556248867307,treatment,0.2,0.5,0.7254901960784313
1640,9,28,0.6878055162531823,0.19705289527016986,0.8362329147160119,treatment,0.2,0.5,0.6530612244897959
1641,9,28,0.32916450450750284,0.7899659493629054,0.21114144845241575,treatment,0.2,0.5,0.7647058823529411
1642,9,29,0.6878055162531823,0.1962304788581307,0.8362827946652243,treatment,0.2,0.5,0.6326530612244898
1643,9,29,0.32916450450750284,0.7906248502482879,0.2081298534767581,treatment,0.2,0.5,0.7254901960784313
1644,9,30,0.6878055162531823,0.19981124336797032,0.8354503655125443,treatment,0.2,0.5,0.6326530612244898
1645,9,30,0.32916450450750284,0.7913993358299871,0.21097124777454845,treatment,0.2,0.5,0.7647058823529411
1646,9,31,0.6878055162531823,0.1963137146835728,0.8344103288352589,treatment,0.2,0.5,0.6530612244897959
1647,9,31,0.32916450450750284,0.7896470458067132,0.20796822441999127,treatment,0.2,0.5,0.7254901960784313
1648,9,32,0.6878055162531823,0.19817229871440162,0.8348172732853391,treatment,0.2,0.5,0.673469387755102
1649,9,32,0.32916450450750284,0.790706348272418,0.21137203542310914,treatment,0.2,0.5,0.7843137254901961
1650,9,33,0.6878055162531823,0.19501277620421387,0.8358710168857594,treatment,0.2,0.5,0.6326530612244898
1651,9,33,0.32916450450750284,0.7916873583820981,0.2068412824425784,treatment,0.2,0.5,0.7058823529411765
1652,9,34,0.6878055162531823,0.19959382948235826,0.8348550977025528,treatment,0.2,0.5,0.6530612244897959
1653,9,34,0.32916450450750284,0.7910938566466312,0.2110495298460706,treatment,0.2,0.5,0.7843137254901961
1654,9,35,0.6878055162531823,0.1958291753612532,0.8351700841689554,treatment,0.2,0.5,0.6326530612244898
1655,9,35,0.32916450450750284,0.7915117122417433,0.20663486346395143,treatment,0.2,0.5,0.7058823529411765
1656,9,36,0.6878055162531823,0.20050643744650687,0.8344970929530721,treatment,0.2,0.5,0.6326530612244898
1657,9,36,0.32916450450750284,0.7921664797831001,0.2105983408668338,treatment,0.2,0.5,0.7647058823529411
1658,9,37,0.6878055162531823,0.19379524402753495,0.8335812490197433,treatment,0.2,0.5,0.6938775510204082
1659,9,37,0.32916450450750284,0.7885185743100745,0.20736389818518094,treatment,0.2,0.5,0.7254901960784313
1660,9,38,0.6878055162531823,0.19874650982229314,0.8355924871117566,treatment,0.2,0.5,0.6326530612244898
1661,9,38,0.32916450450750284,0.7919588835359215,0.21025311918582548,treatment,0.2,0.5,0.7647058823529411
1662,9,39,0.6878055162531823,0.19603917468225976,0.8346374909610538,treatment,0.2,0.5,0.6326530612244898
1663,9,39,0.32916450450750284,0.7915415892180772,0.20670741517910735,treatment,0.2,0.5,0.7058823529411765
1664,9,40,0.6878055162531823,0.20191396500538208,0.8339853347832451,treatment,0.2,0.5,0.6326530612244898
1665,9,40,0.32916450450750284,0.7921759438143869,0.21089437448706344,treatment,0.2,0.5,0.7843137254901961
1666,9,41,0.6878055162531823,0.19746138242886088,0.833508788546404,treatment,0.2,0.5,0.6326530612244898
1667,9,41,0.32916450450750284,0.7916558858936544,0.20644801212179278,treatment,0.2,0.5,0.7058823529411765
1668,9,42,0.6878055162531823,0.1972145754753409,0.832729110345475,treatment,0.2,0.5,0.6938775510204082
1669,9,42,0.32916450450750284,0.7891820050675789,0.21037039037777291,treatment,0.2,0.5,0.7647058823529411
1670,9,43,0.6878055162531823,0.1952024740004031,0.8345017826955033,treatment,0.2,0.5,0.6530612244897959
1671,9,43,0.32916450450750284,0.7902228937930744,0.2071259565607186,treatment,0.2,0.5,0.7254901960784313
1672,9,44,0.6878055162531823,0.19955816292946094,0.8346693092173109,treatment,0.2,0.5,0.6326530612244898
1673,9,44,0.32916450450750284,0.7921592076194495,0.20999947312055414,treatment,0.2,0.5,0.7647058823529411
1674,9,45,0.6878055162531823,0.1966462628369979,0.8338530202545753,treatment,0.2,0.5,0.6326530612244898
1675,9,45,0.32916450450750284,0.7916845850056837,0.2064608587845415,treatment,0.2,0.5,0.7058823529411765
1676,9,46,0.6878055162531823,0.19960634717571185,0.8331308688446368,treatment,0.2,0.5,0.6530612244897959
1677,9,46,0.32916450450750284,0.7911736857174049,0.21037256013558067,treatment,0.2,0.5,0.7647058823529411
1678,9,47,0.6878055162531823,0.19367009359042103,0.8327658067396966,treatment,0.2,0.5,0.6938775510204082
1679,9,47,0.32916450450750284,0.7884530513280749,0.20697860473225532,treatment,0.2,0.5,0.7254901960784313
1680,9,48,0.6878055162531823,0.1999353743971223,0.8349572952739907,treatment,0.2,0.5,0.6326530612244898
1681,9,48,0.32916450450750284,0.7935117423020617,0.2104315519591856,treatment,0.2,0.5,0.7843137254901961
1682,9,49,0.6878055162531823,0.19623485088018344,0.8339613898910392,treatment,0.2,0.5,0.6326530612244898
1683,9,49,0.32916450450750284,0.7926157331828966,0.2059418771272894,treatment,0.2,0.5,0.7058823529411765
1684,9,50,0.6878055162531823,0.19936657740632086,0.8331242826255036,treatment,0.2,0.5,0.6530612244897959
1685,9,50,0.32916450450750284,0.7918513432391161,0.2098971365632088,treatment,0.2,0.5,0.7647058823529411
1686,9,51,0.6878055162531823,0.1980881822785771,0.83353382909971,treatment,0.2,0.5,0.6326530612244898
1687,9,51,0.32916450450750284,0.7922120123559684,0.20656025145570578,treatment,0.2,0.5,0.7254901960784313
1688,9,52,0.6878055162531823,0.19846053248267145,0.8326110085117537,treatment,0.2,0.5,0.673469387755102
1689,9,52,0.32916450450750284,0.790728847782213,0.20949568866282964,treatment,0.2,0.5,0.7647058823529411
1690,9,53,0.6878055162531823,0.19626147569555147,0.8337535775229148,treatment,0.2,0.5,0.6326530612244898
1691,9,53,0.32916450450750284,0.7920046811415903,0.2059904320135655,treatment,0.2,0.5,0.7058823529411765
1692,9,54,0.6878055162531823,0.2011337348606343,0.8329695601443534,treatment,0.2,0.5,0.6326530612244898
1693,9,54,0.32916450450750284,0.7927092977192346,0.20994021167690916,treatment,0.2,0.5,0.7647058823529411
1694,9,55,0.6878055162531823,0.19760900435388035,0.8322808904321777,treatment,0.2,0.5,0.6530612244897959
1695,9,55,0.32916450450750284,0.7910155325661018,0.20656454881461195,treatment,0.2,0.5,0.7254901960784313
1696,9,56,0.6878055162531823,0.2002400217892119,0.8309206074103093,treatment,0.2,0.5,0.6530612244897959
1697,9,56,0.32916450450750284,0.7912672368305588,0.20945847441876805,treatment,0.2,0.5,0.7647058823529411
1698,9,57,0.6878055162531823,0.19425544616694337,0.831434333059739,treatment,0.2,0.5,0.673469387755102
1699,9,57,0.32916450450750284,0.7899604499899634,0.2059413549719308,treatment,0.2,0.5,0.7058823529411765
1700,9,58,0.6878055162531823,0.19987631781937626,0.8323066592588201,treatment,0.2,0.5,0.6530612244897959
1701,9,58,0.32916450450750284,0.7924320455055834,0.2106710110383665,treatment,0.2,0.5,0.7843137254901961
1702,9,59,0.6878055162531823,0.19788193158603326,0.8323976945190013,treatment,0.2,0.5,0.6326530612244898
1703,9,59,0.32916450450750284,0.7926440189553345,0.20615191085309967,treatment,0.2,0.5,0.7254901960784313
1704,9,60,0.6878055162531823,0.20144015929005393,0.8316089258980446,treatment,0.2,0.5,0.6326530612244898
1705,9,60,0.32916450450750284,0.79315334684156,0.20903700445803078,treatment,0.2,0.5,0.7647058823529411
1706,9,61,0.6878055162531823,0.19819382502138344,0.8310584927548906,treatment,0.2,0.5,0.6326530612244898
1707,9,61,0.32916450450750284,0.7925073724676187,0.20555593884960427,treatment,0.2,0.5,0.7058823529411765
1708,9,62,0.6878055162531823,0.19646266168041426,0.8273930180162344,treatment,0.2,0.5,0.7346938775510204
1709,9,62,0.32916450450750284,0.78783709499248,0.2095403311554311,treatment,0.2,0.5,0.7647058823529411
1710,9,63,0.6878055162531823,0.19725810610310957,0.831505834498212,treatment,0.2,0.5,0.6326530612244898
1711,9,63,0.32916450450750284,0.7919160632236052,0.20618166130218324,treatment,0.2,0.5,0.7254901960784313
1712,9,64,0.6878055162531823,0.20121290922123736,0.8301613268750199,treatment,0.2,0.5,0.6530612244897959
1713,9,64,0.32916450450750284,0.7930012844678165,0.20968723208366793,treatment,0.2,0.5,0.7843137254901961
1714,9,65,0.6878055162531823,0.19783924002949846,0.8303170533709657,treatment,0.2,0.5,0.6326530612244898
1715,9,65,0.32916450450750284,0.7929953758105348,0.2052225708838475,treatment,0.2,0.5,0.7058823529411765
1716,9,66,0.6878055162531823,0.2011847052947579,0.8293661718354016,treatment,0.2,0.5,0.6530612244897959
1717,9,66,0.32916450450750284,0.7922712979420662,0.20921354967463873,treatment,0.2,0.5,0.7647058823529411
1718,9,67,0.6878055162531823,0.19691621741390142,0.8294280579715975,treatment,0.2,0.5,0.673469387755102
1719,9,67,0.32916450450750284,0.7905411828057795,0.20590089203770337,treatment,0.2,0.5,0.7254901960784313
1720,9,68,0.6878055162531823,0.2016415014571267,0.8303984076031948,treatment,0.2,0.5,0.6326530612244898
1721,9,68,0.32916450450750284,0.7930164247281483,0.2088645222624554,treatment,0.2,0.5,0.7647058823529411
1722,9,69,0.6878055162531823,0.19885199617182014,0.8295128152260213,treatment,0.2,0.5,0.6326530612244898
1723,9,69,0.32916450450750284,0.7924771720748488,0.2053768662882913,treatment,0.2,0.5,0.7058823529411765
1724,9,70,0.6878055162531823,0.20351583361277176,0.8289080300014714,treatment,0.2,0.5,0.6326530612244898
1725,9,70,0.32916450450750284,0.7930371315019403,0.20935026798410453,treatment,0.2,0.5,0.7647058823529411
1726,9,71,0.6878055162531823,0.20017334485448696,0.8284674136121614,treatment,0.2,0.5,0.6326530612244898
1727,9,71,0.32916450450750284,0.7924520049366516,0.20573057338866355,treatment,0.2,0.5,0.7058823529411765
1728,9,72,0.6878055162531823,0.20280943947287766,0.8277880468959987,treatment,0.2,0.5,0.673469387755102
1729,9,72,0.32916450450750284,0.7909613820238764,0.20964984564956288,treatment,0.2,0.5,0.7843137254901961
1730,9,73,0.6878055162531823,0.1975680796663617,0.828929294649493,treatment,0.2,0.5,0.6530612244897959
1731,9,73,0.32916450450750284,0.791130428369542,0.2052351604772846,treatment,0.2,0.5,0.7058823529411765
1732,9,74,0.6878055162531823,0.20138491604120098,0.829005416274701,treatment,0.2,0.5,0.6530612244897959
1733,9,74,0.32916450450750284,0.7917524447612747,0.20918711743386745,treatment,0.2,0.5,0.7647058823529411
1734,9,75,0.6878055162531823,0.19719918658415703,0.82908926567193,treatment,0.2,0.5,0.6530612244897959
1735,9,75,0.32916450450750284,0.7910956721022825,0.205616634231392,treatment,0.2,0.5,0.7058823529411765
1736,9,76,0.6878055162531823,0.2026498944206371,0.8293804904068024,treatment,0.2,0.5,0.6326530612244898
1737,9,76,0.32916450450750284,0.79283727032771,0.20948287482622127,treatment,0.2,0.5,0.7647058823529411
1738,9,77,0.6878055162531823,0.19798845965491838,0.8283737732475449,treatment,0.2,0.5,0.673469387755102
1739,9,77,0.32916450450750284,0.7902917660686984,0.20700879539928999,treatment,0.2,0.5,0.7254901960784313
1740,9,78,0.6878055162531823,0.2024742254115618,0.8294761983313503,treatment,0.2,0.5,0.6326530612244898
1741,9,78,0.32916450450750284,0.7927796075412191,0.20955468688285955,treatment,0.2,0.5,0.7647058823529411
1742,9,79,0.6878055162531823,0.20100349526058164,0.8286769959287668,treatment,0.2,0.5,0.6326530612244898
1743,9,79,0.32916450450750284,0.7922950598562559,0.20698702340604233,treatment,0.2,0.5,0.7254901960784313
1744,9,80,0.6878055162531823,0.2053462654825999,0.8281305149124389,treatment,0.2,0.5,0.6326530612244898
1745,9,80,0.32916450450750284,0.7942616723377399,0.21012059982861195,treatment,0.2,0.5,0.7843137254901961
1746,9,81,0.6878055162531823,0.20061098903809574,0.8274790383134142,treatment,0.2,0.5,0.6530612244897959
1747,9,81,0.32916450450750284,0.7919985688767857,0.20661198881432738,treatment,0.2,0.5,0.7254901960784313
1748,9,82,0.6878055162531823,0.19795171916738113,0.8276632634778593,treatment,0.2,0.5,0.7142857142857143
1749,9,82,0.32916450450750284,0.7894209592235066,0.20919705094636407,treatment,0.2,0.5,0.7647058823529411
1750,9,83,0.6878055162531823,0.1984618310529321,0.8303577906863675,treatment,0.2,0.5,0.6326530612244898
1751,9,83,0.32916450450750284,0.7924193389158813,0.20670520598334854,treatment,0.2,0.5,0.7254901960784313
1752,9,84,0.6878055162531823,0.20265233900352822,0.8291860476661133,treatment,0.2,0.5,0.6326530612244898
1753,9,84,0.32916450450750284,0.7931812906536234,0.20931180399062876,treatment,0.2,0.5,0.7647058823529411
1754,9,85,0.6878055162531823,0.20111405282102207,0.828421113118309,treatment,0.2,0.5,0.6326530612244898
1755,9,85,0.32916450450750284,0.7925723825863759,0.2067806381102254,treatment,0.2,0.5,0.7254901960784313
1756,9,86,0.6878055162531823,0.20433127425533515,0.8278892222449472,treatment,0.2,0.5,0.6326530612244898
1757,9,86,0.32916450450750284,0.793131161416751,0.209356840377076,treatment,0.2,0.5,0.7647058823529411
1758,9,87,0.6878055162531823,0.19922226382173622,0.8271979495508891,treatment,0.2,0.5,0.673469387755102
1759,9,87,0.32916450450750284,0.7905156354334214,0.20681162223252705,treatment,0.2,0.5,0.7254901960784313
1760,9,88,0.6878055162531823,0.20202519865886498,0.827857460607109,treatment,0.2,0.5,0.6530612244897959
1761,9,88,0.32916450450750284,0.7916616584459112,0.20937385424019891,treatment,0.2,0.5,0.7647058823529411
1762,9,89,0.6878055162531823,0.19916726962099196,0.8282449731349397,treatment,0.2,0.5,0.6530612244897959
1763,9,89,0.32916450450750284,0.7912034385745583,0.20682253394036926,treatment,0.2,0.5,0.7254901960784313
1764,9,90,0.6878055162531823,0.2015969053574834,0.8284258969478786,treatment,0.2,0.5,0.6530612244897959
1765,9,90,0.32916450450750284,0.7918214982550823,0.20937724335759078,treatment,0.2,0.5,0.7647058823529411
1766,9,91,0.6878055162531823,0.19830916359867704,0.8248514997562207,treatment,0.2,0.5,0.673469387755102
1767,9,91,0.32916450450750284,0.7902332327728746,0.2068229854684365,treatment,0.2,0.5,0.7254901960784313
1768,9,92,0.6878055162531823,0.1984372003098584,0.8248436846294888,treatment,0.2,0.5,0.6938775510204082
1769,9,92,0.32916450450750284,0.789664370902078,0.20937317533198993,treatment,0.2,0.5,0.7647058823529411
1770,9,93,0.6878055162531823,0.19873076499905928,0.8265290019291665,treatment,0.2,0.5,0.6326530612244898
1771,9,93,0.32916450450750284,0.7920783772871965,0.20681745688859826,treatment,0.2,0.5,0.7254901960784313
1772,9,94,0.6878055162531823,0.2013246662776362,0.8247563050095634,treatment,0.2,0.5,0.6530612244897959
1773,9,94,0.32916450450750284,0.7918171156779209,0.2093647243034407,treatment,0.2,0.5,0.7647058823529411
1774,9,95,0.6878055162531823,0.20040881252041,0.8248069885789263,treatment,0.2,0.5,0.6326530612244898
1775,9,95,0.32916450450750284,0.7922189460656001,0.20680831061857854,treatment,0.2,0.5,0.7254901960784313
1776,9,96,0.6878055162531823,0.20513009546452876,0.8240374308695217,treatment,0.2,0.5,0.6326530612244898
1777,9,96,0.32916450450750284,0.7942685744468286,0.20992141506933482,treatment,0.2,0.5,0.7843137254901961
1778,9,97,0.6878055162531823,0.19913469910643644,0.8231569729981071,treatment,0.2,0.5,0.673469387755102
1779,9,97,0.32916450450750284,0.7911636582638847,0.2064175337792691,treatment,0.2,0.5,0.7254901960784313
1780,9,98,0.6878055162531823,0.20188858226806009,0.8241666734279935,treatment,0.2,0.5,0.6530612244897959
1781,9,98,0.32916450450750284,0.7922818803939785,0.20900318966275566,treatment,0.2,0.5,0.7647058823529411
1782,9,99,0.6878055162531823,0.19941513250827755,0.8241172100907339,treatment,0.2,0.5,0.6530612244897959
1783,9,99,0.32916450450750284,0.791640581215318,0.2065161101918137,treatment,0.2,0.5,0.7254901960784313
0,0,0,0.6901184978247643,0.2537585510032074,0.7635185175679823,treatment,0.2,0.5,0.0
1,0,0,0.33940961509350503,0.6316527326234833,0.36625322855729053,treatment,0.2,0.5,0.0
2,1,1,0.6901184978247643,0.23638584798772871,0.7901978732443993,treatment,0.2,0.5,0.7959183673469388
3,1,1,0.33940961509350503,0.7313421238626331,0.2910176463094463,treatment,0.2,0.5,0.8823529411764706
4,1,2,0.6901184978247643,0.21624429884031918,0.8142372268847494,treatment,0.2,0.5,0.6530612244897959
5,1,2,0.33940961509350503,0.758678601657512,0.2551926882972575,treatment,0.2,0.5,0.9411764705882353
6,1,3,0.6901184978247643,0.2044549703692471,0.8230861635202354,treatment,0.2,0.5,0.6530612244897959
7,1,3,0.33940961509350503,0.7668977663074682,0.24615032472569523,treatment,0.2,0.5,0.8235294117647058
8,1,4,0.6901184978247643,0.18340152567737295,0.8237520254617594,treatment,0.2,0.5,0.7142857142857143
9,1,4,0.33940961509350503,0.7639563392723256,0.2093978735854428,treatment,0.2,0.5,0.5882352941176471
10,1,5,0.6901184978247643,0.2019333986131796,0.8268062219897966,treatment,0.2,0.5,0.6326530612244898
11,1,5,0.33940961509350503,0.7765054057578141,0.22094977677468833,treatment,0.2,0.5,0.8235294117647058
12,1,6,0.6901184978247643,0.18957069034216745,0.8261852867496717,treatment,0.2,0.5,0.6530612244897959
13,1,6,0.33940961509350503,0.7738490785003248,0.21125476292288917,treatment,0.2,0.5,0.6078431372549019
14,1,7,0.6901184978247643,0.20296922611580967,0.8266536512257329,treatment,0.2,0.5,0.6326530612244898
15,1,7,0.33940961509350503,0.7817097758894564,0.22017046007407065,treatment,0.2,0.5,0.803921568627451
16,1,8,0.6901184978247643,0.1908107133895314,0.8261968961823158,treatment,0.2,0.5,0.6326530612244898
17,1,8,0.33940961509350503,0.7791791552316744,0.21008238373412524,treatment,0.2,0.5,0.5882352941176471
18,1,9,0.6901184978247643,0.20066983930306476,0.8253550102771005,treatment,0.2,0.5,0.6938775510204082
19,1,9,0.33940961509350503,0.781622964910863,0.22058135974769383,treatment,0.2,0.5,0.803921568627451
20,1,10,0.6901184978247643,0.1896274885533921,0.8274632196128702,treatment,0.2,0.5,0.6326530612244898
21,1,10,0.33940961509350503,0.7810159321093467,0.21045497794040466,treatment,0.2,0.5,0.5882352941176471
22,1,11,0.6901184978247643,0.20278026081559064,0.8264389522073902,treatment,0.2,0.5,0.6530612244897959
23,1,11,0.33940961509350503,0.7859842335111573,0.22077159392670842,treatment,0.2,0.5,0.803921568627451
24,1,12,0.6901184978247643,0.19289664384299532,0.8268427389936117,treatment,0.2,0.5,0.6326530612244898
25,1,12,0.33940961509350503,0.7834631036602587,0.2121608133028834,treatment,0.2,0.5,0.6078431372549019
26,1,13,0.6901184978247643,0.20512171766304704,0.8263261051275443,treatment,0.2,0.5,0.6326530612244898
27,1,13,0.33940961509350503,0.789050541200208,0.22080745896600212,treatment,0.2,0.5,0.803921568627451
28,1,14,0.6901184978247643,0.18945355546117093,0.825467980715745,treatment,0.2,0.5,0.6938775510204082
29,1,14,0.33940961509350503,0.7822569645790671,0.21219450483158123,treatment,0.2,0.5,0.6078431372549019
30,1,15,0.6901184978247643,0.2019164527246019,0.8275238436829211,treatment,0.2,0.5,0.6326530612244898
31,1,15,0.33940961509350503,0.7916060469055173,0.21904698317024887,treatment,0.2,0.5,0.7843137254901961
32,1,16,0.6901184978247643,0.19164827694354813,0.8264701511054316,treatment,0.2,0.5,0.6530612244897959
33,1,16,0.33940961509350503,0.7861939527906167,0.21140113655365342,treatment,0.2,0.5,0.6078431372549019
34,1,17,0.6901184978247643,0.2004976439120491,0.8268338900472779,treatment,0.2,0.5,0.6326530612244898
35,1,17,0.33940961509350503,0.7920309487583148,0.2170134796722231,treatment,0.2,0.5,0.7450980392156863
36,1,18,0.6901184978247643,0.192160041313624,0.8262830694477539,treatment,0.2,0.5,0.6326530612244898
37,1,18,0.33940961509350503,0.7879876939138816,0.21051341873195695,treatment,0.2,0.5,0.5882352941176471
38,1,19,0.6901184978247643,0.1881176131922044,0.8259085208224363,treatment,0.2,0.5,0.6326530612244898
39,1,19,0.33940961509350503,0.7861623258134384,0.2075215589654477,treatment,0.2,0.5,0.5490196078431373
40,1,20,0.6901184978247643,0.1972456384849591,0.8252700610957796,treatment,0.2,0.5,0.6938775510204082
41,1,20,0.33940961509350503,0.7897141908535992,0.21647561528357268,treatment,0.2,0.5,0.7450980392156863
42,1,21,0.6901184978247643,0.190370404308462,0.8273406422954788,treatment,0.2,0.5,0.6326530612244898
43,1,21,0.33940961509350503,0.7881663178286042,0.21034616545742355,treatment,0.2,0.5,0.5882352941176471
44,1,22,0.6901184978247643,0.18684514543513703,0.8265491773971689,treatment,0.2,0.5,0.6326530612244898
45,1,22,0.33940961509350503,0.7864977021112384,0.20746206739657463,treatment,0.2,0.5,0.5490196078431373
46,1,23,0.6901184978247643,0.1992750819943771,0.8260368083728886,treatment,0.2,0.5,0.6326530612244898
47,1,23,0.33940961509350503,0.7938956956147691,0.21603116341978762,treatment,0.2,0.5,0.7254901960784313
48,1,24,0.6901184978247643,0.19060201198446064,0.8255294150851503,treatment,0.2,0.5,0.6530612244897959
49,1,24,0.33940961509350503,0.7887043374718811,0.21060564853839658,treatment,0.2,0.5,0.5882352941176471
50,1,25,0.6901184978247643,0.1871096915154872,0.8261209794305341,treatment,0.2,0.5,0.6326530612244898
51,1,25,0.33940961509350503,0.7876514415909193,0.20765466256125797,treatment,0.2,0.5,0.5490196078431373
52,1,26,0.6901184978247643,0.20067604790709884,0.8256952744917391,treatment,0.2,0.5,0.6326530612244898
53,1,26,0.33940961509350503,0.7947211085877692,0.21636446986939326,treatment,0.2,0.5,0.7450980392156863
54,1,27,0.6901184978247643,0.1876453810267641,0.8251222809447759,treatment,0.2,0.5,0.6938775510204082
55,1,27,0.33940961509350503,0.7875822686087818,0.210224518318092,treatment,0.2,0.5,0.5882352941176471
56,1,28,0.6901184978247643,0.18523126777197807,0.8271686082601897,treatment,0.2,0.5,0.6326530612244898
57,1,28,0.33940961509350503,0.7879603908185746,0.20740311246835247,treatment,0.2,0.5,0.5490196078431373
58,1,29,0.6901184978247643,0.19826873883470097,0.8263558140489099,treatment,0.2,0.5,0.6326530612244898
59,1,29,0.33940961509350503,0.7952884535580897,0.2158759786499651,treatment,0.2,0.5,0.7254901960784313
60,1,30,0.6901184978247643,0.19312310691082776,0.8258257912927366,treatment,0.2,0.5,0.6326530612244898
61,1,30,0.33940961509350503,0.79242494464526,0.2114560956146147,treatment,0.2,0.5,0.6078431372549019
62,1,31,0.6901184978247643,0.18596432147003356,0.8250270979391109,treatment,0.2,0.5,0.6530612244897959
63,1,31,0.33940961509350503,0.7887133991816508,0.2073082186403004,treatment,0.2,0.5,0.5490196078431373
64,1,32,0.6901184978247643,0.19736562026504673,0.8257940835155669,treatment,0.2,0.5,0.6530612244897959
65,1,32,0.33940961509350503,0.7952326420656114,0.21576214472958083,treatment,0.2,0.5,0.7254901960784313
66,1,33,0.6901184978247643,0.19275582246630205,0.8262503704937733,treatment,0.2,0.5,0.6326530612244898
67,1,33,0.33940961509350503,0.7918103809804096,0.2117571896113786,treatment,0.2,0.5,0.6078431372549019
68,1,34,0.6901184978247643,0.19949098743851804,0.8257354919297615,treatment,0.2,0.5,0.6326530612244898
69,1,34,0.33940961509350503,0.7966931499992493,0.21596519105291687,treatment,0.2,0.5,0.7254901960784313
70,1,35,0.6901184978247643,0.18783547765663586,0.8246952738603961,treatment,0.2,0.5,0.7142857142857143
71,1,35,0.33940961509350503,0.7882518264801964,0.2119261785876032,treatment,0.2,0.5,0.6078431372549019
72,1,36,0.6901184978247643,0.18409807933120775,0.827789543498867,treatment,0.2,0.5,0.6326530612244898
73,1,36,0.33940961509350503,0.7893670604650773,0.20765037496548,treatment,0.2,0.5,0.5490196078431373
74,1,37,0.6901184978247643,0.19751087105328533,0.8268014335469234,treatment,0.2,0.5,0.6326530612244898
75,1,37,0.33940961509350503,0.7967010989869153,0.21604047866275003,treatment,0.2,0.5,0.7254901960784313
76,1,38,0.6901184978247643,0.19308860394157085,0.8259565169467469,treatment,0.2,0.5,0.6530612244897959
77,1,38,0.33940961509350503,0.7913538834942423,0.21338956218912994,treatment,0.2,0.5,0.6274509803921569
78,1,39,0.6901184978247643,0.1973245887082952,0.8257700957024247,treatment,0.2,0.5,0.6530612244897959
79,1,39,0.33940961509350503,0.7956044958305776,0.21591783689569646,treatment,0.2,0.5,0.7254901960784313
80,1,40,0.6901184978247643,0.1926706139912029,0.8264872839435828,treatment,0.2,0.5,0.6326530612244898
81,1,40,0.33940961509350503,0.7923986638557545,0.21182931915523728,treatment,0.2,0.5,0.6078431372549019
82,1,41,0.6901184978247643,0.182153305203503,0.8256103672335954,treatment,0.2,0.5,0.6938775510204082
83,1,41,0.33940961509350503,0.7875898096442701,0.20756564754434154,treatment,0.2,0.5,0.5490196078431373
84,1,42,0.6901184978247643,0.19666817466053482,0.827489659612507,treatment,0.2,0.5,0.6326530612244898
85,1,42,0.33940961509350503,0.7970857139894503,0.21600213963263706,treatment,0.2,0.5,0.7254901960784313
86,1,43,0.6901184978247643,0.1921983109835188,0.8265605692672343,treatment,0.2,0.5,0.6326530612244898
87,1,43,0.33940961509350503,0.7928307256385767,0.21193941836339214,treatment,0.2,0.5,0.6078431372549019
88,1,44,0.6901184978247643,0.19772484354389364,0.8257489405021758,treatment,0.2,0.5,0.6530612244897959
89,1,44,0.33940961509350503,0.7963234193247418,0.21608493608153323,treatment,0.2,0.5,0.7254901960784313
90,1,45,0.6901184978247643,0.19460559664037558,0.8261713763644403,treatment,0.2,0.5,0.6326530612244898
91,1,45,0.33940961509350503,0.7942248814281733,0.21296121848358784,treatment,0.2,0.5,0.6274509803921569
92,1,46,0.6901184978247643,0.19990469415270942,0.8256274251336226,treatment,0.2,0.5,0.6326530612244898
93,1,46,0.33940961509350503,0.7985479497221345,0.2159219923031606,treatment,0.2,0.5,0.7254901960784313
94,1,47,0.6901184978247643,0.1898230946719976,0.8248837736813512,treatment,0.2,0.5,0.6938775510204082
95,1,47,0.33940961509350503,0.790998632406618,0.21187405177394067,treatment,0.2,0.5,0.6078431372549019
96,1,48,0.6901184978247643,0.18571415305852834,0.8268705331487847,treatment,0.2,0.5,0.6326530612244898
97,1,48,0.33940961509350503,0.7910762146086657,0.2076237419553339,treatment,0.2,0.5,0.5490196078431373
98,1,49,0.6901184978247643,0.19875165018674232,0.8260134991267034,treatment,0.2,0.5,0.6326530612244898
99,1,49,0.33940961509350503,0.7981123407540542,0.21605265513010966,treatment,0.2,0.5,0.7254901960784313
100,1,50,0.6901184978247643,0.19217315215580646,0.8252517975937758,treatment,0.2,0.5,0.6530612244897959
101,1,50,0.33940961509350503,0.7926760241232812,0.21199151188273227,treatment,0.2,0.5,0.6078431372549019
102,1,51,0.6901184978247643,0.19940626161645653,0.8257124353150159,treatment,0.2,0.5,0.6326530612244898
103,1,51,0.33940961509350503,0.7982985737372122,0.21612888964073043,treatment,0.2,0.5,0.7254901960784313
104,1,52,0.6901184978247643,0.1942820910595967,0.8251982435181341,treatment,0.2,0.5,0.6326530612244898
105,1,52,0.33940961509350503,0.7939163489927704,0.21208492286020122,treatment,0.2,0.5,0.6078431372549019
106,1,53,0.6901184978247643,0.18655552256976124,0.8248332277473774,treatment,0.2,0.5,0.6326530612244898
107,1,53,0.33940961509350503,0.7917559381767532,0.20637782005037444,treatment,0.2,0.5,0.5294117647058824
108,1,54,0.6901184978247643,0.18860106439772012,0.8245590553736084,treatment,0.2,0.5,0.6326530612244898
109,1,54,0.33940961509350503,0.7904879127865957,0.2077555187530464,treatment,0.2,0.5,0.5490196078431373
110,1,55,0.6901184978247643,0.19518103129440334,0.8241412336006038,treatment,0.2,0.5,0.6938775510204082
111,1,55,0.33940961509350503,0.7950679678098902,0.21511836175023666,treatment,0.2,0.5,0.7058823529411765
112,1,56,0.6901184978247643,0.19258535838696925,0.82622948432421,treatment,0.2,0.5,0.6326530612244898
113,1,56,0.33940961509350503,0.7932578167039024,0.21174895844369138,treatment,0.2,0.5,0.6078431372549019
114,1,57,0.6901184978247643,0.18098967300036917,0.8254362690846406,treatment,0.2,0.5,0.6326530612244898
115,1,57,0.33940961509350503,0.7982639512048549,0.20334294910320808,treatment,0.2,0.5,0.49019607843137253
116,1,58,0.6901184978247643,0.18305055475257173,0.8249154396706526,treatment,0.2,0.5,0.6326530612244898
117,1,58,0.33940961509350503,0.8023273668301221,0.20446676190716467,treatment,0.2,0.5,0.5098039215686274
118,1,59,0.6901184978247643,0.1810417604801953,0.8245515398100843,treatment,0.2,0.5,0.6326530612244898
119,1,59,0.33940961509350503,0.8012784966965126,0.20332114091933717,treatment,0.2,0.5,0.49019607843137253
120,1,60,0.6901184978247643,0.1815542977323894,0.8238068409176132,treatment,0.2,0.5,0.6530612244897959
121,1,60,0.33940961509350503,0.8004263959581691,0.20458841958338894,treatment,0.2,0.5,0.5098039215686274
122,1,61,0.6901184978247643,0.17964788268492257,0.8247820927413821,treatment,0.2,0.5,0.6326530612244898
123,1,61,0.33940961509350503,0.8007433554175136,0.20299537754192182,treatment,0.2,0.5,0.49019607843137253
124,1,62,0.6901184978247643,0.17974779712958655,0.8244208937238052,treatment,0.2,0.5,0.6326530612244898
125,1,62,0.33940961509350503,0.800189951020887,0.20297909853621202,treatment,0.2,0.5,0.49019607843137253
126,1,63,0.6901184978247643,0.1779656172348928,0.8241029777154664,treatment,0.2,0.5,0.6530612244897959
127,1,63,0.33940961509350503,0.7986888292201382,0.2029353287030703,treatment,0.2,0.5,0.49019607843137253
128,1,64,0.6901184978247643,0.18050862992089098,0.8246764265103319,treatment,0.2,0.5,0.6326530612244898
129,1,64,0.33940961509350503,0.8006865065239083,0.20294600585547684,treatment,0.2,0.5,0.5098039215686274
130,1,65,0.6901184978247643,0.17897882798848408,0.824283755441362,treatment,0.2,0.5,0.6326530612244898
131,1,65,0.33940961509350503,0.7999916657719153,0.20194892756768798,treatment,0.2,0.5,0.49019607843137253
132,1,66,0.6901184978247643,0.1771342698191167,0.823879041546889,treatment,0.2,0.5,0.6530612244897959
133,1,66,0.33940961509350503,0.7984290802324524,0.2020816756060296,treatment,0.2,0.5,0.49019607843137253
134,1,67,0.6901184978247643,0.1778258330917273,0.8245475896187449,treatment,0.2,0.5,0.6326530612244898
135,1,67,0.33940961509350503,0.7992118210420778,0.20213180519554763,treatment,0.2,0.5,0.49019607843137253
136,1,68,0.6901184978247643,0.17453936700853054,0.8240151856979541,treatment,0.2,0.5,0.673469387755102
137,1,68,0.33940961509350503,0.7968656431240323,0.2021343376498695,treatment,0.2,0.5,0.49019607843137253
138,1,69,0.6901184978247643,0.17598014893779543,0.8253670181401022,treatment,0.2,0.5,0.6326530612244898
139,1,69,0.33940961509350503,0.7987191913664452,0.20211044497997785,treatment,0.2,0.5,0.49019607843137253
140,1,70,0.6901184978247643,0.17671878825580392,0.8247316036699145,treatment,0.2,0.5,0.6326530612244898
141,1,70,0.33940961509350503,0.7986400077209767,0.20207088093635178,treatment,0.2,0.5,0.49019607843137253
142,1,71,0.6901184978247643,0.17560989813775676,0.8242392503469447,treatment,0.2,0.5,0.6530612244897959
143,1,71,0.33940961509350503,0.7974942001453859,0.20202164661952152,treatment,0.2,0.5,0.49019607843137253
144,1,72,0.6901184978247643,0.17706757799729766,0.824092702597287,treatment,0.2,0.5,0.6530612244897959
145,1,72,0.33940961509350503,0.7982920055294712,0.20221026241222909,treatment,0.2,0.5,0.5098039215686274
146,1,73,0.6901184978247643,0.17600383980660306,0.8249050717032632,treatment,0.2,0.5,0.6326530612244898
147,1,73,0.33940961509350503,0.7990846191412291,0.2011179673021444,treatment,0.2,0.5,0.49019607843137253
148,1,74,0.6901184978247643,0.17840418462442492,0.8244146123162418,treatment,0.2,0.5,0.6326530612244898
149,1,74,0.33940961509350503,0.8001492488802789,0.20157650796017923,treatment,0.2,0.5,0.5098039215686274
150,1,75,0.6901184978247643,0.1769036038990941,0.8240633679222611,treatment,0.2,0.5,0.6326530612244898
151,1,75,0.33940961509350503,0.7995001111820087,0.20070431725859655,treatment,0.2,0.5,0.49019607843137253
152,1,76,0.6901184978247643,0.17710451602741722,0.8237997313515953,treatment,0.2,0.5,0.6326530612244898
153,1,76,0.33940961509350503,0.7991540970795721,0.20092697237308862,treatment,0.2,0.5,0.49019607843137253
154,1,77,0.6901184978247643,0.17580439410989482,0.8229899983705353,treatment,0.2,0.5,0.6530612244897959
155,1,77,0.33940961509350503,0.7975607716851852,0.20104720604265494,treatment,0.2,0.5,0.49019607843137253
156,1,78,0.6901184978247643,0.17629887405096947,0.8240844516889736,treatment,0.2,0.5,0.6326530612244898
157,1,78,0.33940961509350503,0.7986947286906818,0.20110739843310077,treatment,0.2,0.5,0.49019607843137253
158,1,79,0.6901184978247643,0.17501473034911752,0.823709517509709,treatment,0.2,0.5,0.6530612244897959
159,1,79,0.33940961509350503,0.7975481910826678,0.20113269347858556,treatment,0.2,0.5,0.49019607843137253
160,1,80,0.6901184978247643,0.18169763789057614,0.8242560567081891,treatment,0.2,0.5,0.6326530612244898
161,1,80,0.33940961509350503,0.8021309518200321,0.20230951702614788,treatment,0.2,0.5,0.5490196078431373
162,1,81,0.6901184978247643,0.17540098682324942,0.8237182027149632,treatment,0.2,0.5,0.673469387755102
163,1,81,0.33940961509350503,0.7997414065551126,0.19971861490648082,treatment,0.2,0.5,0.5098039215686274
164,1,82,0.6901184978247643,0.17536169858126924,0.824913205702289,treatment,0.2,0.5,0.6530612244897959
165,1,82,0.33940961509350503,0.8006522388574291,0.1995925612867737,treatment,0.2,0.5,0.5098039215686274
166,1,83,0.6901184978247643,0.17684169241867542,0.8251624876208042,treatment,0.2,0.5,0.6326530612244898
167,1,83,0.33940961509350503,0.8019364780299046,0.19943694952272914,treatment,0.2,0.5,0.5098039215686274
168,1,84,0.6901184978247643,0.17745123233469742,0.8245195356162305,treatment,0.2,0.5,0.6326530612244898
169,1,84,0.33940961509350503,0.8022675467547323,0.19903226518323666,treatment,0.2,0.5,0.5098039215686274
170,1,85,0.6901184978247643,0.1782204932657833,0.8240772363240233,treatment,0.2,0.5,0.6326530612244898
171,1,85,0.33940961509350503,0.8023728214874853,0.19912350460348546,treatment,0.2,0.5,0.5098039215686274
172,1,86,0.6901184978247643,0.17646695484803243,0.8237536033227353,treatment,0.2,0.5,0.6326530612244898
173,1,86,0.33940961509350503,0.8013308008206883,0.19839367497865998,treatment,0.2,0.5,0.49019607843137253
174,1,87,0.6901184978247643,0.1750199386667017,0.8234518561824673,treatment,0.2,0.5,0.6530612244897959
175,1,87,0.33940961509350503,0.7995884242776277,0.19885704871827825,treatment,0.2,0.5,0.49019607843137253
176,1,88,0.6901184978247643,0.17578211365869054,0.824030147820168,treatment,0.2,0.5,0.6326530612244898
177,1,88,0.33940961509350503,0.8001702692278251,0.19916472356420312,treatment,0.2,0.5,0.49019607843137253
178,1,89,0.6901184978247643,0.17619306351385106,0.8236380079392939,treatment,0.2,0.5,0.6326530612244898
179,1,89,0.33940961509350503,0.7998862243940367,0.19937504499110176,treatment,0.2,0.5,0.49019607843137253
180,1,90,0.6901184978247643,0.17845184767453665,0.8233593774166478,treatment,0.2,0.5,0.6326530612244898
181,1,90,0.33940961509350503,0.8009528406249335,0.19991485871418035,treatment,0.2,0.5,0.5098039215686274
182,1,91,0.6901184978247643,0.17672357397542415,0.8231492020759368,treatment,0.2,0.5,0.6326530612244898
183,1,91,0.33940961509350503,0.8003188173689456,0.1989783970016671,treatment,0.2,0.5,0.49019607843137253
184,1,92,0.6901184978247643,0.17684062059771177,0.8229813789151766,treatment,0.2,0.5,0.6326530612244898
185,1,92,0.33940961509350503,0.799952963777316,0.1992465639545377,treatment,0.2,0.5,0.49019607843137253
186,1,93,0.6901184978247643,0.17693445029509716,0.822842029555915,treatment,0.2,0.5,0.6326530612244898
187,1,93,0.33940961509350503,0.7997062901038067,0.19942344410016402,treatment,0.2,0.5,0.49019607843137253
188,1,94,0.6901184978247643,0.1756161975946781,0.8226184370832204,treatment,0.2,0.5,0.673469387755102
189,1,94,0.33940961509350503,0.7985876605737504,0.1998371264524166,treatment,0.2,0.5,0.5098039215686274
190,1,95,0.6901184978247643,0.17349568066164348,0.8240473172905326,treatment,0.2,0.5,0.6530612244897959
191,1,95,0.33940961509350503,0.7988884910080866,0.19898653543592773,treatment,0.2,0.5,0.49019607843137253
192,1,96,0.6901184978247643,0.17472381688796632,0.8243100344325109,treatment,0.2,0.5,0.6326530612244898
193,1,96,0.33940961509350503,0.7995822530264785,0.19924899872397425,treatment,0.2,0.5,0.49019607843137253
194,1,97,0.6901184978247643,0.1753946712888573,0.8237376129686762,treatment,0.2,0.5,0.6326530612244898
195,1,97,0.33940961509350503,0.7993875858774855,0.19941587398756755,treatment,0.2,0.5,0.49019607843137253
196,1,98,0.6901184978247643,0.17412262138143159,0.8232336682422678,treatment,0.2,0.5,0.6530612244897959
197,1,98,0.33940961509350503,0.7981182842054674,0.19952466300462784,treatment,0.2,0.5,0.49019607843137253
198,1,99,0.6901184978247643,0.17501890853734542,0.8238368696238733,treatment,0.2,0.5,0.6326530612244898
199,1,99,0.33940961509350503,0.7990571776667877,0.19959829164570417,treatment,0.2,0.5,0.49019607843137253
200,2,1,0.7065727316963284,0.22291071841272508,0.7956785325880599,treatment,0.2,0.5,0.8571428571428571
201,2,1,0.3107058787757882,0.7262779708041325,0.2661748864823838,treatment,0.2,0.5,0.803921568627451
202,2,2,0.7065727316963284,0.18535997776256657,0.8268332139298622,treatment,0.2,0.5,0.7346938775510204
203,2,2,0.3107058787757882,0.749260318735371,0.22592474948423644,treatment,0.2,0.5,0.8235294117647058
204,2,3,0.7065727316963284,0.17918644155432906,0.8404282877917008,treatment,0.2,0.5,0.7142857142857143
205,2,3,0.3107058787757882,0.7599512851659072,0.19301266928382482,treatment,0.2,0.5,0.7647058823529411
206,2,4,0.7065727316963284,0.18067561511515562,0.8406661046841735,treatment,0.2,0.5,0.6938775510204082
207,2,4,0.3107058787757882,0.7670164253060139,0.19161055095005317,treatment,0.2,0.5,0.7647058823529411
208,2,5,0.7065727316963284,0.17800197942934615,0.8346210559354986,treatment,0.2,0.5,0.7346938775510204
209,2,5,0.3107058787757882,0.7692558533251093,0.191339196359235,treatment,0.2,0.5,0.7647058823529411
210,2,6,0.7065727316963284,0.17988553845613875,0.835601739401085,treatment,0.2,0.5,0.6938775510204082
211,2,6,0.3107058787757882,0.7739609735735148,0.19138332027766514,treatment,0.2,0.5,0.7647058823529411
212,2,7,0.7065727316963284,0.17420729130963228,0.8335512393111395,treatment,0.2,0.5,0.7551020408163265
213,2,7,0.3107058787757882,0.7736696391113782,0.18971383852888293,treatment,0.2,0.5,0.7450980392156863
214,2,8,0.7065727316963284,0.17648403784104952,0.8354206856608973,treatment,0.2,0.5,0.6938775510204082
215,2,8,0.3107058787757882,0.7778000418778165,0.1897880212824931,treatment,0.2,0.5,0.7450980392156863
216,2,9,0.7065727316963284,0.17996231477813743,0.833929315452736,treatment,0.2,0.5,0.7142857142857143
217,2,9,0.3107058787757882,0.779840470941712,0.19191413044992744,treatment,0.2,0.5,0.7843137254901961
218,2,10,0.7065727316963284,0.17812199748313134,0.8341333578517223,treatment,0.2,0.5,0.6938775510204082
219,2,10,0.3107058787757882,0.7814528935825279,0.18907505921828602,treatment,0.2,0.5,0.7450980392156863
220,2,11,0.7065727316963284,0.17801757170537513,0.8327513269993124,treatment,0.2,0.5,0.7346938775510204
221,2,11,0.3107058787757882,0.7806671982112863,0.19054853660105675,treatment,0.2,0.5,0.7647058823529411
222,2,12,0.7065727316963284,0.17793688423097728,0.8339302293172494,treatment,0.2,0.5,0.6938775510204082
223,2,12,0.3107058787757882,0.7829500860536823,0.18906198016020784,treatment,0.2,0.5,0.7450980392156863
224,2,13,0.7065727316963284,0.17575610965510202,0.8327364401879179,treatment,0.2,0.5,0.7142857142857143
225,2,13,0.3107058787757882,0.7829075109891568,0.18784415152752998,treatment,0.2,0.5,0.7254901960784313
226,2,14,0.7065727316963284,0.1766863649219996,0.8331227216089284,treatment,0.2,0.5,0.6938775510204082
227,2,14,0.3107058787757882,0.7843408775779409,0.1880911531273578,treatment,0.2,0.5,0.7254901960784313
228,2,15,0.7065727316963284,0.17271145768878282,0.8317800997268193,treatment,0.2,0.5,0.7551020408163265
229,2,15,0.3107058787757882,0.7825377565085807,0.1882223772334454,treatment,0.2,0.5,0.7254901960784313
230,2,16,0.7065727316963284,0.1748276651120913,0.833838049971818,treatment,0.2,0.5,0.6938775510204082
231,2,16,0.3107058787757882,0.7852223515667828,0.18828749315442977,treatment,0.2,0.5,0.7254901960784313
232,2,17,0.7065727316963284,0.17680462088869378,0.8325304649629247,treatment,0.2,0.5,0.7142857142857143
233,2,17,0.3107058787757882,0.7849593588521179,0.18975054850302944,treatment,0.2,0.5,0.7450980392156863
234,2,18,0.7065727316963284,0.17768075899496927,0.8328454671956779,treatment,0.2,0.5,0.6938775510204082
235,2,18,0.3107058787757882,0.7874494334816526,0.1891103047990121,treatment,0.2,0.5,0.7450980392156863
236,2,19,0.7065727316963284,0.17424712837023154,0.8315890264705874,treatment,0.2,0.5,0.7346938775510204
237,2,19,0.3107058787757882,0.7857870485677807,0.1878515628145707,treatment,0.2,0.5,0.7254901960784313
238,2,20,0.7065727316963284,0.175763380693825,0.8328338584355706,treatment,0.2,0.5,0.6938775510204082
239,2,20,0.3107058787757882,0.7873734920622761,0.18796852984993512,treatment,0.2,0.5,0.7254901960784313
240,2,21,0.7065727316963284,0.17446485061169903,0.831220680740726,treatment,0.2,0.5,0.7551020408163265
241,2,21,0.3107058787757882,0.785034838651732,0.1893987584669425,treatment,0.2,0.5,0.7450980392156863
242,2,22,0.7065727316963284,0.17469271898592617,0.8335854043757194,treatment,0.2,0.5,0.6938775510204082
243,2,22,0.3107058787757882,0.7875876777389587,0.18782135069321904,treatment,0.2,0.5,0.7254901960784313
244,2,23,0.7065727316963284,0.17318305391407024,0.8320451751091382,treatment,0.2,0.5,0.7346938775510204
245,2,23,0.3107058787757882,0.7863105468956747,0.18791075541938812,treatment,0.2,0.5,0.7254901960784313
246,2,24,0.7065727316963284,0.17409204156774752,0.8314175034660645,treatment,0.2,0.5,0.7142857142857143
247,2,24,0.3107058787757882,0.7870191121379094,0.18796755352940223,treatment,0.2,0.5,0.7254901960784313
248,2,25,0.7065727316963284,0.17646354378744855,0.8313276780550696,treatment,0.2,0.5,0.7142857142857143
249,2,25,0.3107058787757882,0.7873557288087102,0.188541187910145,treatment,0.2,0.5,0.7450980392156863
250,2,26,0.7065727316963284,0.1742197280570416,0.8312863338267537,treatment,0.2,0.5,0.7142857142857143
251,2,26,0.3107058787757882,0.787439339725795,0.18726978117942572,treatment,0.2,0.5,0.7254901960784313
252,2,27,0.7065727316963284,0.1731157674515837,0.8309202349729798,treatment,0.2,0.5,0.7346938775510204
253,2,27,0.3107058787757882,0.7869340667624927,0.18749589430831634,treatment,0.2,0.5,0.7254901960784313
254,2,28,0.7065727316963284,0.17531237566358784,0.8317891619823825,treatment,0.2,0.5,0.7142857142857143
255,2,28,0.3107058787757882,0.7877165093430234,0.1890700679434841,treatment,0.2,0.5,0.7450980392156863
256,2,29,0.7065727316963284,0.17571015002393012,0.8314153101632848,treatment,0.2,0.5,0.7142857142857143
257,2,29,0.3107058787757882,0.789224168135985,0.18852397984476746,treatment,0.2,0.5,0.7450980392156863
258,2,30,0.7065727316963284,0.17569014547785936,0.8315601756203486,treatment,0.2,0.5,0.6938775510204082
259,2,30,0.3107058787757882,0.7896850520277721,0.18732067425929366,treatment,0.2,0.5,0.7254901960784313
260,2,31,0.7065727316963284,0.17398384353711632,0.830178637139277,treatment,0.2,0.5,0.7346938775510204
261,2,31,0.3107058787757882,0.7881009584035823,0.1874840144091423,treatment,0.2,0.5,0.7254901960784313
262,2,32,0.7065727316963284,0.1775564861197084,0.8313671903020405,treatment,0.2,0.5,0.6938775510204082
263,2,32,0.3107058787757882,0.7895573905455424,0.188948170981033,treatment,0.2,0.5,0.7450980392156863
264,2,33,0.7065727316963284,0.17560439854836418,0.8302033643134714,treatment,0.2,0.5,0.7142857142857143
265,2,33,0.3107058787757882,0.7888818289799113,0.18740497542677964,treatment,0.2,0.5,0.7254901960784313
266,2,34,0.7065727316963284,0.17666885810880675,0.8306192457777036,treatment,0.2,0.5,0.6938775510204082
267,2,34,0.3107058787757882,0.7897073390319131,0.1875251254251298,treatment,0.2,0.5,0.7254901960784313
268,2,35,0.7065727316963284,0.1747748119721632,0.829432389263657,treatment,0.2,0.5,0.7346938775510204
269,2,35,0.3107058787757882,0.7883048764086618,0.18760958354794405,treatment,0.2,0.5,0.7254901960784313
270,2,36,0.7065727316963284,0.17299912751450064,0.830733318595645,treatment,0.2,0.5,0.6938775510204082
271,2,36,0.3107058787757882,0.8087641408831524,0.1855891352274567,treatment,0.2,0.5,0.6862745098039216
272,2,37,0.7065727316963284,0.17109973461403724,0.8296618990009316,treatment,0.2,0.5,0.7142857142857143
273,2,37,0.3107058787757882,0.813945853042124,0.18519715476527265,treatment,0.2,0.5,0.6666666666666666
274,2,38,0.7065727316963284,0.17190396119340395,0.8301366570359178,treatment,0.2,0.5,0.6938775510204082
275,2,38,0.3107058787757882,0.8150518889603382,0.18565926662718954,treatment,0.2,0.5,0.6666666666666666
276,2,39,0.7065727316963284,0.1684654799797144,0.8283893557946673,treatment,0.2,0.5,0.7551020408163265
277,2,39,0.3107058787757882,0.8110968984640229,0.18593149931737976,treatment,0.2,0.5,0.6666666666666666
278,2,40,0.7065727316963284,0.17162890488915197,0.8309346961520752,treatment,0.2,0.5,0.6938775510204082
279,2,40,0.3107058787757882,0.8160741973935768,0.1864197715473202,treatment,0.2,0.5,0.6862745098039216
280,2,41,0.7065727316963284,0.16822318257325095,0.8296459375792319,treatment,0.2,0.5,0.7346938775510204
281,2,41,0.3107058787757882,0.8131258082115315,0.18567960281052975,treatment,0.2,0.5,0.6666666666666666
282,2,42,0.7065727316963284,0.1697985137729288,0.8308909247992782,treatment,0.2,0.5,0.6938775510204082
283,2,42,0.3107058787757882,0.8152945009578574,0.18593355161650266,treatment,0.2,0.5,0.6666666666666666
284,2,43,0.7065727316963284,0.16826648867958324,0.8295254650381235,treatment,0.2,0.5,0.7346938775510204
285,2,43,0.3107058787757882,0.8128094620466093,0.1860826287718213,treatment,0.2,0.5,0.6666666666666666
286,2,44,0.7065727316963284,0.17105703216510604,0.8304154379849629,treatment,0.2,0.5,0.7142857142857143
287,2,44,0.3107058787757882,0.8159702733444874,0.18677629113051022,treatment,0.2,0.5,0.7058823529411765
288,2,45,0.7065727316963284,0.16668014596769293,0.8300800874273054,treatment,0.2,0.5,0.7346938775510204
289,2,45,0.3107058787757882,0.813924721987068,0.18502456901940123,treatment,0.2,0.5,0.6666666666666666
290,2,46,0.7065727316963284,0.16853148148097996,0.8312455429010323,treatment,0.2,0.5,0.6938775510204082
291,2,46,0.3107058787757882,0.8159930723264699,0.18544874995183502,treatment,0.2,0.5,0.6666666666666666
292,2,47,0.7065727316963284,0.16716967899468077,0.8297691317175675,treatment,0.2,0.5,0.7346938775510204
293,2,47,0.3107058787757882,0.8133901866351035,0.1857006961819643,treatment,0.2,0.5,0.6666666666666666
294,2,48,0.7065727316963284,0.1703258364511991,0.8308911168344768,treatment,0.2,0.5,0.6938775510204082
295,2,48,0.3107058787757882,0.8167037110162306,0.18612993149363558,treatment,0.2,0.5,0.6862745098039216
296,2,49,0.7065727316963284,0.16883139321503615,0.8296908377031841,treatment,0.2,0.5,0.7142857142857143
297,2,49,0.3107058787757882,0.8149497902326898,0.18538841991497387,treatment,0.2,0.5,0.6666666666666666
298,2,50,0.7065727316963284,0.17199023064872104,0.8300878693361436,treatment,0.2,0.5,0.6938775510204082
299,2,50,0.3107058787757882,0.8158683663452632,0.18638836137852863,treatment,0.2,0.5,0.6862745098039216
300,2,51,0.7065727316963284,0.16817317095721773,0.8288926495999784,treatment,0.2,0.5,0.7346938775510204
301,2,51,0.3107058787757882,0.8133275374305484,0.18504824189302974,treatment,0.2,0.5,0.6666666666666666
302,2,52,0.7065727316963284,0.17105007984717213,0.8301900808975168,treatment,0.2,0.5,0.6938775510204082
303,2,52,0.3107058787757882,0.8166472931757314,0.18560047403117563,treatment,0.2,0.5,0.6862745098039216
304,2,53,0.7065727316963284,0.1693947871980671,0.8291197143181479,treatment,0.2,0.5,0.7142857142857143
305,2,53,0.3107058787757882,0.8149220920044123,0.18493824607984793,treatment,0.2,0.5,0.6666666666666666
306,2,54,0.7065727316963284,0.16861677237218275,0.8294742735936612,treatment,0.2,0.5,0.7142857142857143
307,2,54,0.3107058787757882,0.8145263493794352,0.18524660405473833,treatment,0.2,0.5,0.6666666666666666
308,2,55,0.7065727316963284,0.16739906627661963,0.8292431212861113,treatment,0.2,0.5,0.7346938775510204
309,2,55,0.3107058787757882,0.813277592557813,0.18543769127830337,treatment,0.2,0.5,0.6666666666666666
310,2,56,0.7065727316963284,0.17054326738999892,0.8303747085478577,treatment,0.2,0.5,0.6938775510204082
311,2,56,0.3107058787757882,0.8166322620454914,0.185842844649258,treatment,0.2,0.5,0.6862745098039216
312,2,57,0.7065727316963284,0.16902413683888673,0.8292034288800775,treatment,0.2,0.5,0.7142857142857143
313,2,57,0.3107058787757882,0.8149152652394605,0.1850864082580756,treatment,0.2,0.5,0.6666666666666666
314,2,58,0.7065727316963284,0.17002610742451907,0.8296233519199232,treatment,0.2,0.5,0.6938775510204082
315,2,58,0.3107058787757882,0.8158518460945005,0.18533598428789586,treatment,0.2,0.5,0.6666666666666666
316,2,59,0.7065727316963284,0.16823694789035457,0.8284661125725107,treatment,0.2,0.5,0.7346938775510204
317,2,59,0.3107058787757882,0.8133359243146638,0.18548800802136053,treatment,0.2,0.5,0.6666666666666666
318,2,60,0.7065727316963284,0.1693619851242077,0.8293158839504146,treatment,0.2,0.5,0.7142857142857143
319,2,60,0.3107058787757882,0.8151711603289433,0.18585958684292486,treatment,0.2,0.5,0.6862745098039216
320,2,61,0.7065727316963284,0.16826481491646836,0.8294131096535673,treatment,0.2,0.5,0.7142857142857143
321,2,61,0.3107058787757882,0.8148792927503331,0.1850845063661887,treatment,0.2,0.5,0.6666666666666666
322,2,62,0.7065727316963284,0.16945807407178545,0.8297421917709964,treatment,0.2,0.5,0.6938775510204082
323,2,62,0.3107058787757882,0.8158375877529674,0.1853204577776377,treatment,0.2,0.5,0.6666666666666666
324,2,63,0.7065727316963284,0.1677762255411603,0.8285311573514234,treatment,0.2,0.5,0.7346938775510204
325,2,63,0.3107058787757882,0.8133294638463512,0.18546237298506071,treatment,0.2,0.5,0.6666666666666666
326,2,64,0.7065727316963284,0.1707102448580174,0.8298151670866493,treatment,0.2,0.5,0.6938775510204082
327,2,64,0.3107058787757882,0.8166721700736767,0.1858222304751541,treatment,0.2,0.5,0.6862745098039216
328,2,65,0.7065727316963284,0.16736808640287296,0.8285547518750045,treatment,0.2,0.5,0.7346938775510204
329,2,65,0.3107058787757882,0.8136534915711068,0.18504181749121348,treatment,0.2,0.5,0.6666666666666666
330,2,66,0.7065727316963284,0.1671688587287767,0.8293539678160808,treatment,0.2,0.5,0.7142857142857143
331,2,66,0.3107058787757882,0.8143342975991794,0.18527378917253703,treatment,0.2,0.5,0.6666666666666666
332,2,67,0.7065727316963284,0.1628096781961286,0.828930334185254,treatment,0.2,0.5,0.7755102040816326
333,2,67,0.3107058787757882,0.8109235736807305,0.18541275700893348,treatment,0.2,0.5,0.6666666666666666
334,2,68,0.7065727316963284,0.1690827593893002,0.8316844105302754,treatment,0.2,0.5,0.6938775510204082
335,2,68,0.3107058787757882,0.8178765168041933,0.18611933093032043,treatment,0.2,0.5,0.7058823529411765
336,2,69,0.7065727316963284,0.16673931806863362,0.830116408639255,treatment,0.2,0.5,0.7142857142857143
337,2,69,0.3107058787757882,0.8157401418607287,0.18431658370804171,treatment,0.2,0.5,0.6666666666666666
338,2,70,0.7065727316963284,0.16815796195339613,0.8302863974162425,treatment,0.2,0.5,0.6938775510204082
339,2,70,0.3107058787757882,0.8164682560404936,0.18472791253034104,treatment,0.2,0.5,0.6666666666666666
340,2,71,0.7065727316963284,0.16664225939127902,0.8289376649772264,treatment,0.2,0.5,0.7346938775510204
341,2,71,0.3107058787757882,0.8138117883739875,0.1849819868911365,treatment,0.2,0.5,0.6666666666666666
342,2,72,0.7065727316963284,0.16973581488340506,0.8301414882990378,treatment,0.2,0.5,0.6938775510204082
343,2,72,0.3107058787757882,0.8170580866590325,0.18540718410298346,treatment,0.2,0.5,0.6862745098039216
344,2,73,0.7065727316963284,0.1682241685479485,0.828993764290796,treatment,0.2,0.5,0.7142857142857143
345,2,73,0.3107058787757882,0.8152803513719554,0.1846794900382901,treatment,0.2,0.5,0.6666666666666666
346,2,74,0.7065727316963284,0.16925503850854398,0.8294241196142783,treatment,0.2,0.5,0.6938775510204082
347,2,74,0.3107058787757882,0.8161726422961698,0.18495084430753322,treatment,0.2,0.5,0.6666666666666666
348,2,75,0.7065727316963284,0.1675012717152267,0.828256525512795,treatment,0.2,0.5,0.7346938775510204
349,2,75,0.3107058787757882,0.8136208567720955,0.18512040712409392,treatment,0.2,0.5,0.6666666666666666
350,2,76,0.7065727316963284,0.1704038088781585,0.8295724287986649,treatment,0.2,0.5,0.6938775510204082
351,2,76,0.3107058787757882,0.8169192099980205,0.18550085537847832,treatment,0.2,0.5,0.6862745098039216
352,2,77,0.7065727316963284,0.16876944665689647,0.8285185290309002,treatment,0.2,0.5,0.7142857142857143
353,2,77,0.3107058787757882,0.8151806052723923,0.18473887988016774,treatment,0.2,0.5,0.6666666666666666
354,2,78,0.7065727316963284,0.16970893900384637,0.8290082819351327,treatment,0.2,0.5,0.6938775510204082
355,2,78,0.3107058787757882,0.8160961973525211,0.18498660555577476,treatment,0.2,0.5,0.6666666666666666
356,2,79,0.7065727316963284,0.1678852175057867,0.8279040136586768,treatment,0.2,0.5,0.7346938775510204
357,2,79,0.3107058787757882,0.8135672598223017,0.18513929474411023,treatment,0.2,0.5,0.6666666666666666
358,2,80,0.7065727316963284,0.1708523063183686,0.8291246717570946,treatment,0.2,0.5,0.7142857142857143
359,2,80,0.3107058787757882,0.8165358332323497,0.18614877011691916,treatment,0.2,0.5,0.7058823529411765
360,2,81,0.7065727316963284,0.16810088997827172,0.8290021230891981,treatment,0.2,0.5,0.7142857142857143
361,2,81,0.3107058787757882,0.8157394807716891,0.18412618739144468,treatment,0.2,0.5,0.6666666666666666
362,2,82,0.7065727316963284,0.16928568536821997,0.8293033435410111,treatment,0.2,0.5,0.6938775510204082
363,2,82,0.3107058787757882,0.8165228980103063,0.18450339859395393,treatment,0.2,0.5,0.6666666666666666
364,2,83,0.7065727316963284,0.1697837060471394,0.8280880681629715,treatment,0.2,0.5,0.7346938775510204
365,2,83,0.3107058787757882,0.813886113387811,0.18574127934824974,treatment,0.2,0.5,0.6862745098039216
366,2,84,0.7065727316963284,0.17436763528100593,0.8293694879404049,treatment,0.2,0.5,0.6938775510204082
367,2,84,0.3107058787757882,0.8181451680969308,0.18622348933227728,treatment,0.2,0.5,0.7254901960784313
368,2,85,0.7065727316963284,0.16738829109217584,0.8281231713297325,treatment,0.2,0.5,0.7346938775510204
369,2,85,0.3107058787757882,0.8147273468909064,0.18292552302446827,treatment,0.2,0.5,0.6666666666666666
370,2,86,0.7065727316963284,0.16890791335429578,0.8295235501421493,treatment,0.2,0.5,0.6938775510204082
371,2,86,0.3107058787757882,0.8167443500033388,0.1835550828497607,treatment,0.2,0.5,0.6666666666666666
372,2,87,0.7065727316963284,0.1673169261330447,0.8282328665825095,treatment,0.2,0.5,0.7346938775510204
373,2,87,0.3107058787757882,0.8141040435149304,0.18396554382811936,treatment,0.2,0.5,0.6666666666666666
374,2,88,0.7065727316963284,0.170336688161821,0.8294614869863425,treatment,0.2,0.5,0.6938775510204082
375,2,88,0.3107058787757882,0.817369131336594,0.18450881316099565,treatment,0.2,0.5,0.6862745098039216
376,2,89,0.7065727316963284,0.16876668980936055,0.8283573406156085,treatment,0.2,0.5,0.7142857142857143
377,2,89,0.3107058787757882,0.8155850994490167,0.18386538345084888,treatment,0.2,0.5,0.6666666666666666
378,2,90,0.7065727316963284,0.16800934574952395,0.828551715249382,treatment,0.2,0.5,0.7142857142857143
379,2,90,0.3107058787757882,0.8150692730920315,0.18420355214002992,treatment,0.2,0.5,0.6666666666666666
380,2,91,0.7065727316963284,0.16681874590888793,0.8284371730778121,treatment,0.2,0.5,0.7346938775510204
381,2,91,0.3107058787757882,0.8138490770685892,0.18442774159815353,treatment,0.2,0.5,0.6666666666666666
382,2,92,0.7065727316963284,0.17158710650917292,0.8295881980061807,treatment,0.2,0.5,0.6938775510204082
383,2,92,0.3107058787757882,0.8184168788801264,0.18520981688754412,treatment,0.2,0.5,0.7058823529411765
384,2,93,0.7065727316963284,0.16685119574991572,0.8283306899941517,treatment,0.2,0.5,0.7346938775510204
385,2,93,0.3107058787757882,0.8149388164440794,0.1834622937934383,treatment,0.2,0.5,0.6666666666666666
386,2,94,0.7065727316963284,0.16849090564138025,0.8296018747854382,treatment,0.2,0.5,0.6938775510204082
387,2,94,0.3107058787757882,0.8168584031684205,0.18392157840547788,treatment,0.2,0.5,0.6666666666666666
388,2,95,0.7065727316963284,0.1670125357148155,0.8282550210766053,treatment,0.2,0.5,0.7346938775510204
389,2,95,0.3107058787757882,0.8141930366059655,0.1842177132464054,treatment,0.2,0.5,0.6666666666666666
390,2,96,0.7065727316963284,0.16841972479814987,0.8289787257227553,treatment,0.2,0.5,0.7142857142857143
391,2,96,0.3107058787757882,0.8159362047932339,0.1846891012665843,treatment,0.2,0.5,0.6862745098039216
392,2,97,0.7065727316963284,0.1674552565683162,0.8289976817571563,treatment,0.2,0.5,0.7142857142857143
393,2,97,0.3107058787757882,0.8155668282873854,0.18399382047313242,treatment,0.2,0.5,0.6666666666666666
394,2,98,0.7065727316963284,0.168744494359382,0.8292800462511662,treatment,0.2,0.5,0.6938775510204082
395,2,98,0.3107058787757882,0.8164704447495726,0.1842944670968167,treatment,0.2,0.5,0.6666666666666666
396,2,99,0.7065727316963284,0.16713571237434552,0.8280295800086411,treatment,0.2,0.5,0.7346938775510204
397,2,99,0.3107058787757882,0.8139073281267862,0.18449069523680545,treatment,0.2,0.5,0.6666666666666666
398,3,1,0.6792009603779422,0.2496563218578923,0.7898918359776359,treatment,0.2,0.5,0.7192982456140351
399,3,1,0.3241112632232241,0.7230732790380834,0.26142946354442154,treatment,0.2,0.5,0.7674418604651163
400,3,2,0.6792009603779422,0.2228985058345832,0.8135035206203038,treatment,0.2,0.5,0.5964912280701754
401,3,2,0.3241112632232241,0.7493922313515157,0.22256874146977076,treatment,0.2,0.5,0.813953488372093
402,3,3,0.6792009603779422,0.21969816655229554,0.821626078682006,treatment,0.2,0.5,0.5964912280701754
403,3,3,0.3241112632232241,0.7579292878735319,0.20021378361084766,treatment,0.2,0.5,0.7906976744186046
404,3,4,0.6792009603779422,0.21335142956004807,0.8218980140565096,treatment,0.2,0.5,0.5964912280701754
405,3,4,0.3241112632232241,0.7633380111131363,0.1940679559658021,treatment,0.2,0.5,0.7209302325581395
406,3,5,0.6792009603779422,0.21483467185364472,0.8221041865044213,treatment,0.2,0.5,0.5964912280701754
407,3,5,0.3241112632232241,0.7672760519877353,0.19736398344656614,treatment,0.2,0.5,0.7441860465116279
408,3,6,0.6792009603779422,0.20866949335757323,0.8223046819347606,treatment,0.2,0.5,0.5964912280701754
409,3,6,0.3241112632232241,0.7693910417091788,0.19296526918114976,treatment,0.2,0.5,0.6744186046511628
410,3,7,0.6792009603779422,0.2090460808566578,0.8224922526377442,treatment,0.2,0.5,0.5964912280701754
411,3,7,0.3241112632232241,0.7724463712746595,0.19450180875460948,treatment,0.2,0.5,0.6976744186046512
412,3,8,0.6792009603779422,0.20731153661512516,0.8225525143769538,treatment,0.2,0.5,0.6140350877192983
413,3,8,0.3241112632232241,0.7736777959455338,0.19535821040373336,treatment,0.2,0.5,0.6976744186046512
414,3,9,0.6792009603779422,0.20012354825588421,0.8234002379788901,treatment,0.2,0.5,0.6140350877192983
415,3,9,0.3241112632232241,0.774044124279612,0.19079992139385465,treatment,0.2,0.5,0.627906976744186
416,3,10,0.6792009603779422,0.1998877377324838,0.8247848535765072,treatment,0.2,0.5,0.5964912280701754
417,3,10,0.3241112632232241,0.7760961237082457,0.1913419571521391,treatment,0.2,0.5,0.627906976744186
418,3,11,0.6792009603779422,0.1994879778222428,0.8247241095729655,treatment,0.2,0.5,0.5964912280701754
419,3,11,0.3241112632232241,0.777159361247941,0.19168971533283038,treatment,0.2,0.5,0.627906976744186
420,3,12,0.6792009603779422,0.1990472202867587,0.8246953793165264,treatment,0.2,0.5,0.5964912280701754
421,3,12,0.3241112632232241,0.7781484984256136,0.19191265458267567,treatment,0.2,0.5,0.627906976744186
422,3,13,0.6792009603779422,0.19642180143503604,0.8246885334099917,treatment,0.2,0.5,0.5964912280701754
423,3,13,0.3241112632232241,0.7790639435550621,0.19043139238137138,treatment,0.2,0.5,0.6046511627906976
424,3,14,0.6792009603779422,0.1935238963645736,0.8246923932908277,treatment,0.2,0.5,0.5964912280701754
425,3,14,0.3241112632232241,0.7799075319515559,0.18889470673754055,treatment,0.2,0.5,0.5813953488372093
426,3,15,0.6792009603779422,0.1928822756296876,0.824701216392104,treatment,0.2,0.5,0.5964912280701754
427,3,15,0.3241112632232241,0.7806846035305286,0.1891118436776031,treatment,0.2,0.5,0.5813953488372093
428,3,16,0.6792009603779422,0.1923027301452094,0.8247119039969676,treatment,0.2,0.5,0.5964912280701754
429,3,16,0.3241112632232241,0.7814013730940657,0.18920153734414366,treatment,0.2,0.5,0.5813953488372093
430,3,17,0.6792009603779422,0.1935590347894194,0.8247227274832281,treatment,0.2,0.5,0.5964912280701754
431,3,17,0.3241112632232241,0.795168338576552,0.18920613732576608,treatment,0.2,0.5,0.6046511627906976
432,3,18,0.6792009603779422,0.19137679884615383,0.8247327135015375,treatment,0.2,0.5,0.5964912280701754
433,3,18,0.3241112632232241,0.7970986617621847,0.18811937640872423,treatment,0.2,0.5,0.5813953488372093
434,3,19,0.6792009603779422,0.19310681880395003,0.8247413239042901,treatment,0.2,0.5,0.5964912280701754
435,3,19,0.3241112632232241,0.7987830713266305,0.18957367801918165,treatment,0.2,0.5,0.6046511627906976
436,3,20,0.6792009603779422,0.19059778373088065,0.8247482791261018,treatment,0.2,0.5,0.5964912280701754
437,3,20,0.3241112632232241,0.7985426284521604,0.18785240110842855,treatment,0.2,0.5,0.5813953488372093
438,3,21,0.6792009603779422,0.19019031694709926,0.8247534562335265,treatment,0.2,0.5,0.5964912280701754
439,3,21,0.3241112632232241,0.7985892218276804,0.18798807069590953,treatment,0.2,0.5,0.5813953488372093
440,3,22,0.6792009603779422,0.18981899395801494,0.82475682797932,treatment,0.2,0.5,0.5964912280701754
441,3,22,0.3241112632232241,0.7987460578735318,0.1880805442716743,treatment,0.2,0.5,0.5813953488372093
442,3,23,0.6792009603779422,0.19390560884614888,0.8247584253709042,treatment,0.2,0.5,0.5964912280701754
443,3,23,0.3241112632232241,0.8003604505807295,0.19033684576920376,treatment,0.2,0.5,0.627906976744186
444,3,24,0.6792009603779422,0.18934383028771584,0.8247583142086524,treatment,0.2,0.5,0.5964912280701754
445,3,24,0.3241112632232241,0.8000939568913619,0.1868929438793851,treatment,0.2,0.5,0.5813953488372093
446,3,25,0.6792009603779422,0.18901594124576532,0.8247565801681366,treatment,0.2,0.5,0.5964912280701754
447,3,25,0.3241112632232241,0.8000840491580756,0.1871805386352699,treatment,0.2,0.5,0.5813953488372093
448,3,26,0.6792009603779422,0.18872475888180293,0.8247533192337224,treatment,0.2,0.5,0.5964912280701754
449,3,26,0.3241112632232241,0.8001745452641704,0.18737809810025327,treatment,0.2,0.5,0.5813953488372093
450,3,27,0.6792009603779422,0.1884508844799774,0.8247486315493512,treatment,0.2,0.5,0.5964912280701754
451,3,27,0.3241112632232241,0.8003117987836119,0.18750893523766343,treatment,0.2,0.5,0.5813953488372093
452,3,28,0.6792009603779422,0.18994871324647739,0.8247426174853104,treatment,0.2,0.5,0.5964912280701754
453,3,28,0.3241112632232241,0.8018945277288023,0.18790189527988047,treatment,0.2,0.5,0.6046511627906976
454,3,29,0.6792009603779422,0.188016718904683,0.8247353751590745,treatment,0.2,0.5,0.5964912280701754
455,3,29,0.3241112632232241,0.8015236417760626,0.18687498766472285,treatment,0.2,0.5,0.5813953488372093
456,3,30,0.6792009603779422,0.18623265525144225,0.8243828201367744,treatment,0.2,0.5,0.6140350877192983
457,3,30,0.3241112632232241,0.8002311857498494,0.18717047415974206,treatment,0.2,0.5,0.5813953488372093
458,3,31,0.6792009603779422,0.1865333143928162,0.8252973550641378,treatment,0.2,0.5,0.5964912280701754
459,3,31,0.3241112632232241,0.8013616459610633,0.1873616595888986,treatment,0.2,0.5,0.5813953488372093
460,3,32,0.6792009603779422,0.18401520696828957,0.8251220171855136,treatment,0.2,0.5,0.5964912280701754
461,3,32,0.3241112632232241,0.8014555246000423,0.18561539731046225,treatment,0.2,0.5,0.5581395348837209
462,3,33,0.6792009603779422,0.182844060808996,0.8250061577927519,treatment,0.2,0.5,0.5964912280701754
463,3,33,0.3241112632232241,0.8003123523370714,0.17828524447653338,treatment,0.2,0.5,0.5348837209302325
464,3,34,0.6792009603779422,0.1836603731593683,0.824925441776341,treatment,0.2,0.5,0.5964912280701754
465,3,34,0.3241112632232241,0.8016489141105304,0.1785159919289822,treatment,0.2,0.5,0.5581395348837209
466,3,35,0.6792009603779422,0.18348647184918948,0.8248645016264832,treatment,0.2,0.5,0.5964912280701754
467,3,35,0.3241112632232241,0.8018188031945949,0.17874006700962367,treatment,0.2,0.5,0.5581395348837209
468,3,36,0.6792009603779422,0.1793461803039686,0.8248156357464184,treatment,0.2,0.5,0.5964912280701754
469,3,36,0.3241112632232241,0.8007011517034043,0.17637724542818847,treatment,0.2,0.5,0.5116279069767442
470,3,37,0.6792009603779422,0.18297524794844633,0.824774596756875,treatment,0.2,0.5,0.5964912280701754
471,3,37,0.3241112632232241,0.8020501883236393,0.17872108048154348,treatment,0.2,0.5,0.5581395348837209
472,3,38,0.6792009603779422,0.18535324084114974,0.8247388617946732,treatment,0.2,0.5,0.5964912280701754
473,3,38,0.3241112632232241,0.8022242318601147,0.18005476354196823,treatment,0.2,0.5,0.5813953488372093
474,3,39,0.6792009603779422,0.18464762947479904,0.8247068460933108,treatment,0.2,0.5,0.5964912280701754
475,3,39,0.3241112632232241,0.8037905008644954,0.1787461119972486,treatment,0.2,0.5,0.5813953488372093
476,3,40,0.6792009603779422,0.18155500609461386,0.8236983312608155,treatment,0.2,0.5,0.6140350877192983
477,3,40,0.3241112632232241,0.8019047514960612,0.17774122885391905,treatment,0.2,0.5,0.5581395348837209
478,3,41,0.6792009603779422,0.17780997202641108,0.82518331601479,treatment,0.2,0.5,0.5964912280701754
479,3,41,0.3241112632232241,0.8018046166763818,0.17559033143222572,treatment,0.2,0.5,0.5116279069767442
480,3,42,0.6792009603779422,0.18169296929580045,0.8251328118877793,treatment,0.2,0.5,0.5964912280701754
481,3,42,0.3241112632232241,0.8030914503673526,0.17808385776949248,treatment,0.2,0.5,0.5581395348837209
482,3,43,0.6792009603779422,0.181694307709834,0.8250818759092939,treatment,0.2,0.5,0.5964912280701754
483,3,43,0.3241112632232241,0.8031600794970145,0.17821280228763672,treatment,0.2,0.5,0.5581395348837209
484,3,44,0.6792009603779422,0.17767527530630214,0.8250384149758953,treatment,0.2,0.5,0.5964912280701754
485,3,44,0.3241112632232241,0.8019625556871268,0.17586782239513674,treatment,0.2,0.5,0.5116279069767442
486,3,45,0.6792009603779422,0.18359414015736955,0.8249995693282363,treatment,0.2,0.5,0.5964912280701754
487,3,45,0.3241112632232241,0.8044628454107945,0.17895505693599117,treatment,0.2,0.5,0.5813953488372093
488,3,46,0.6792009603779422,0.18141732032241267,0.8249637881059876,treatment,0.2,0.5,0.5964912280701754
489,3,46,0.3241112632232241,0.8041488511246954,0.17741329308525564,treatment,0.2,0.5,0.5581395348837209
490,3,47,0.6792009603779422,0.1802963931151038,0.8249301784613894,treatment,0.2,0.5,0.5964912280701754
491,3,47,0.3241112632232241,0.8027653643979172,0.17651621320344493,treatment,0.2,0.5,0.5348837209302325
492,3,48,0.6792009603779422,0.18117739831615023,0.8248981853058758,treatment,0.2,0.5,0.5964912280701754
493,3,48,0.3241112632232241,0.8039368159321917,0.17690697872220282,treatment,0.2,0.5,0.5581395348837209
494,3,49,0.6792009603779422,0.18108025961222501,0.8248674428488068,treatment,0.2,0.5,0.5964912280701754
495,3,49,0.3241112632232241,0.8039782988452465,0.17724306575450377,treatment,0.2,0.5,0.5581395348837209
496,3,50,0.6792009603779422,0.17929752198970011,0.8248376989785051,treatment,0.2,0.5,0.5964912280701754
497,3,50,0.3241112632232241,0.8041876783892178,0.17568438682093235,treatment,0.2,0.5,0.5348837209302325
498,3,51,0.6792009603779422,0.1808259554223583,0.824808773670945,treatment,0.2,0.5,0.5964912280701754
499,3,51,0.3241112632232241,0.8049003725926965,0.1766786000377735,treatment,0.2,0.5,0.5581395348837209
500,3,52,0.6792009603779422,0.1832969248353345,0.8247805346592082,treatment,0.2,0.5,0.5964912280701754
501,3,52,0.3241112632232241,0.8047262036387548,0.178296754740246,treatment,0.2,0.5,0.5813953488372093
502,3,53,0.6792009603779422,0.1793366253254081,0.8244245411918808,treatment,0.2,0.5,0.6140350877192983
503,3,53,0.3241112632232241,0.8034550196958764,0.1766237980562346,treatment,0.2,0.5,0.5581395348837209
504,3,54,0.6792009603779422,0.1757375386818159,0.8253245369455675,treatment,0.2,0.5,0.5964912280701754
505,3,54,0.3241112632232241,0.8032020480876013,0.17447688115189075,treatment,0.2,0.5,0.5116279069767442
506,3,55,0.6792009603779422,0.1797143421151656,0.8251339656887606,treatment,0.2,0.5,0.5964912280701754
507,3,55,0.3241112632232241,0.8044904084750572,0.17699811436128918,treatment,0.2,0.5,0.5581395348837209
508,3,56,0.6792009603779422,0.17979537369669088,0.8250033572668483,treatment,0.2,0.5,0.5964912280701754
509,3,56,0.3241112632232241,0.8045486337857812,0.17716539303419673,treatment,0.2,0.5,0.5581395348837209
510,3,57,0.6792009603779422,0.1758670651212252,0.8249086955563649,treatment,0.2,0.5,0.5964912280701754
511,3,57,0.3241112632232241,0.8033272187981747,0.17486912448342853,treatment,0.2,0.5,0.5116279069767442
512,3,58,0.6792009603779422,0.17966610126640528,0.8248346950086368,treatment,0.2,0.5,0.5964912280701754
513,3,58,0.3241112632232241,0.8045797811987151,0.17724541324139306,treatment,0.2,0.5,0.5581395348837209
514,3,59,0.6792009603779422,0.17965603783326123,0.8247736533240201,treatment,0.2,0.5,0.5964912280701754
515,3,59,0.3241112632232241,0.8046634914230893,0.17732029878840014,treatment,0.2,0.5,0.5581395348837209
516,3,60,0.6792009603779422,0.17569362963506888,0.8247212903283014,treatment,0.2,0.5,0.5964912280701754
517,3,60,0.3241112632232241,0.8034599377649922,0.17499624692332302,treatment,0.2,0.5,0.5116279069767442
518,3,61,0.6792009603779422,0.18371768540138175,0.8246750378687266,treatment,0.2,0.5,0.5964912280701754
519,3,61,0.3241112632232241,0.8061568987207228,0.17895121361869704,treatment,0.2,0.5,0.6046511627906976
520,3,62,0.6792009603779422,0.17954896729458492,0.8246332618375155,treatment,0.2,0.5,0.5964912280701754
521,3,62,0.3241112632232241,0.8057055009412907,0.17607345893067028,treatment,0.2,0.5,0.5581395348837209
522,3,63,0.6792009603779422,0.17556355942847124,0.8245948730981947,treatment,0.2,0.5,0.5964912280701754
523,3,63,0.3241112632232241,0.8042422521660973,0.17407436854772518,treatment,0.2,0.5,0.5116279069767442
524,3,64,0.6792009603779422,0.17931757781127763,0.8245591179343479,treatment,0.2,0.5,0.5964912280701754
525,3,64,0.3241112632232241,0.8053554837420283,0.17666876486968364,treatment,0.2,0.5,0.5581395348837209
526,3,65,0.6792009603779422,0.1792794422575467,0.8245254582744953,treatment,0.2,0.5,0.5964912280701754
527,3,65,0.3241112632232241,0.8053489620939241,0.17687708783663492,treatment,0.2,0.5,0.5581395348837209
528,3,66,0.6792009603779422,0.17531713830176662,0.8244934998071886,treatment,0.2,0.5,0.5964912280701754
529,3,66,0.3241112632232241,0.804082033500968,0.1746231853912732,treatment,0.2,0.5,0.5116279069767442
530,3,67,0.6792009603779422,0.17907057061608211,0.8244629470406397,treatment,0.2,0.5,0.5964912280701754
531,3,67,0.3241112632232241,0.8052993927724267,0.17701607193062818,treatment,0.2,0.5,0.5581395348837209
532,3,68,0.6792009603779422,0.1790330256272953,0.8244335742162292,treatment,0.2,0.5,0.5964912280701754
533,3,68,0.3241112632232241,0.8053542692521456,0.17710259014635224,treatment,0.2,0.5,0.5581395348837209
534,3,69,0.6792009603779422,0.17507783278300032,0.8244052059132525,treatment,0.2,0.5,0.5964912280701754
535,3,69,0.3241112632232241,0.8041260702878502,0.17480347930475595,treatment,0.2,0.5,0.5116279069767442
536,3,70,0.6792009603779422,0.178833015584763,0.8243777037762866,treatment,0.2,0.5,0.5964912280701754
537,3,70,0.3241112632232241,0.8053689790566158,0.177137331080383,treatment,0.2,0.5,0.5581395348837209
538,3,71,0.6792009603779422,0.17879774404863755,0.8243509572234795,treatment,0.2,0.5,0.5964912280701754
539,3,71,0.3241112632232241,0.8054412151678084,0.17718199743272237,treatment,0.2,0.5,0.5581395348837209
540,3,72,0.6792009603779422,0.17707991886428323,0.8243248768095971,treatment,0.2,0.5,0.5964912280701754
541,3,72,0.3241112632232241,0.8056500779415833,0.17550981688616826,treatment,0.2,0.5,0.5348837209302325
542,3,73,0.6792009603779422,0.17865850781977377,0.8242993893996615,treatment,0.2,0.5,0.5964912280701754
543,3,73,0.3241112632232241,0.8063585051815098,0.1763928497745456,treatment,0.2,0.5,0.5581395348837209
544,3,74,0.6792009603779422,0.1786161831970527,0.8242744346024654,treatment,0.2,0.5,0.5964912280701754
545,3,74,0.3241112632232241,0.8061719201873976,0.1766765886622901,treatment,0.2,0.5,0.5581395348837209
546,3,75,0.6792009603779422,0.17467443532603605,0.8242499620967102,treatment,0.2,0.5,0.5964912280701754
547,3,75,0.3241112632232241,0.8048053418513039,0.17447944939705745,treatment,0.2,0.5,0.5116279069767442
548,3,76,0.6792009603779422,0.1771123899868791,0.823904205343712,treatment,0.2,0.5,0.6140350877192983
549,3,76,0.3241112632232241,0.8048050134315349,0.17688237901178674,treatment,0.2,0.5,0.5581395348837209
550,3,77,0.6792009603779422,0.17757528043249843,0.8248072890789953,treatment,0.2,0.5,0.5964912280701754
551,3,77,0.3241112632232241,0.8059173755839051,0.17697067213951814,treatment,0.2,0.5,0.5581395348837209
552,3,78,0.6792009603779422,0.17110613652172277,0.8246198125221276,treatment,0.2,0.5,0.5964912280701754
553,3,78,0.3241112632232241,0.8046686751321644,0.17300229666730108,treatment,0.2,0.5,0.4883720930232558
554,3,79,0.6792009603779422,0.17808362951439555,0.824492290663378,treatment,0.2,0.5,0.5964912280701754
555,3,79,0.3241112632232241,0.8058875503021756,0.17696351560377274,treatment,0.2,0.5,0.5581395348837209
556,3,80,0.6792009603779422,0.17546572064708707,0.824400707981702,treatment,0.2,0.5,0.5964912280701754
557,3,80,0.3241112632232241,0.8059391896807777,0.1752284698469885,treatment,0.2,0.5,0.5348837209302325
558,3,81,0.6792009603779422,0.1738328418028577,0.824329781954796,treatment,0.2,0.5,0.5964912280701754
559,3,81,0.3241112632232241,0.8059960434474887,0.17422021567469434,treatment,0.2,0.5,0.5116279069767442
560,3,82,0.6792009603779422,0.17536752674470582,0.8242718130606069,treatment,0.2,0.5,0.5964912280701754
561,3,82,0.3241112632232241,0.806936168416187,0.17515457916277,treatment,0.2,0.5,0.5348837209302325
562,3,83,0.6792009603779422,0.17601104518134655,0.824222523108664,treatment,0.2,0.5,0.5964912280701754
563,3,83,0.3241112632232241,0.8082308166010738,0.17475534661271486,treatment,0.2,0.5,0.5348837209302325
564,3,84,0.6792009603779422,0.1753091868263115,0.8241793451277631,treatment,0.2,0.5,0.5964912280701754
565,3,84,0.3241112632232241,0.8084349059384226,0.17413544142023304,treatment,0.2,0.5,0.5348837209302325
566,3,85,0.6792009603779422,0.17095682246944494,0.8241406455154949,treatment,0.2,0.5,0.5964912280701754
567,3,85,0.3241112632232241,0.8066841988623075,0.17189865351066685,treatment,0.2,0.5,0.4883720930232558
568,3,86,0.6792009603779422,0.1751106319001956,0.8241053351092386,treatment,0.2,0.5,0.5964912280701754
569,3,86,0.3241112632232241,0.8076255608204636,0.17479349141802644,treatment,0.2,0.5,0.5348837209302325
570,3,87,0.6792009603779422,0.17378651675757,0.8240726597647611,treatment,0.2,0.5,0.5964912280701754
571,3,87,0.3241112632232241,0.8070011432933426,0.17399817808274928,treatment,0.2,0.5,0.5116279069767442
572,3,88,0.6792009603779422,0.1749992244893223,0.8240420806885792,treatment,0.2,0.5,0.5964912280701754
573,3,88,0.3241112632232241,0.8078161727023332,0.17441154881934648,treatment,0.2,0.5,0.5348837209302325
574,3,89,0.6792009603779422,0.17066008132268823,0.8240132026389001,treatment,0.2,0.5,0.5964912280701754
575,3,89,0.3241112632232241,0.8063415444465428,0.17192565578896746,treatment,0.2,0.5,0.4883720930232558
576,3,90,0.6792009603779422,0.17481163028503563,0.8239857290525511,treatment,0.2,0.5,0.5964912280701754
577,3,90,0.3241112632232241,0.8074312212458993,0.17464350672690285,treatment,0.2,0.5,0.5348837209302325
578,3,91,0.6792009603779422,0.17048893579869479,0.8239594330106428,treatment,0.2,0.5,0.5964912280701754
579,3,91,0.3241112632232241,0.8060908528069951,0.17210187954853676,treatment,0.2,0.5,0.4883720930232558
580,3,92,0.6792009603779422,0.17464154174557606,0.8239341378833879,treatment,0.2,0.5,0.5964912280701754
581,3,92,0.3241112632232241,0.8072591364463676,0.17473786843765027,treatment,0.2,0.5,0.5348837209302325
582,3,93,0.6792009603779422,0.17032285379451584,0.8239097040879982,treatment,0.2,0.5,0.5964912280701754
583,3,93,0.3241112632232241,0.8059696853412895,0.17217615991197735,treatment,0.2,0.5,0.4883720930232558
584,3,94,0.6792009603779422,0.1765398634317795,0.8238860198200263,treatment,0.2,0.5,0.5964912280701754
585,3,94,0.3241112632232241,0.8085981988570532,0.17549506391734918,treatment,0.2,0.5,0.5581395348837209
586,3,95,0.6792009603779422,0.17448669647505294,0.8238629944336121,treatment,0.2,0.5,0.5964912280701754
587,3,95,0.3241112632232241,0.8080697243296884,0.17423295166074243,treatment,0.2,0.5,0.5348837209302325
588,3,96,0.6792009603779422,0.1730645358767541,0.8238405536277508,treatment,0.2,0.5,0.5964912280701754
589,3,96,0.3241112632232241,0.80750853131795,0.173394861643934,treatment,0.2,0.5,0.5116279069767442
590,3,97,0.6792009603779422,0.17435677221918053,0.8238186358888792,treatment,0.2,0.5,0.5964912280701754
591,3,97,0.3241112632232241,0.8082221342680586,0.173935006838924,treatment,0.2,0.5,0.5348837209302325
592,3,98,0.6792009603779422,0.1700338377080742,0.8237971898233158,treatment,0.2,0.5,0.5964912280701754
593,3,98,0.3241112632232241,0.8067102628058508,0.17147977064108347,treatment,0.2,0.5,0.4883720930232558
594,3,99,0.6792009603779422,0.17291302830418162,0.8234586143124919,treatment,0.2,0.5,0.6140350877192983
595,3,99,0.3241112632232241,0.8065996818420266,0.1741962268076288,treatment,0.2,0.5,0.5348837209302325
596,4,1,0.6909714139799027,0.23077055980655722,0.7654063521595061,treatment,0.2,0.5,0.7755102040816326
597,4,1,0.34146117964177475,0.7545961052141044,0.2911002561129322,treatment,0.2,0.5,0.7647058823529411
598,4,2,0.6909714139799027,0.20147201221747943,0.8007198535756469,treatment,0.2,0.5,0.7142857142857143
599,4,2,0.34146117964177475,0.7657247151659272,0.2514777897989156,treatment,0.2,0.5,0.7254901960784313
600,4,3,0.6909714139799027,0.1904217331071928,0.8167386164726855,treatment,0.2,0.5,0.6530612244897959
601,4,3,0.34146117964177475,0.7724626010374444,0.22453665520202676,treatment,0.2,0.5,0.6274509803921569
602,4,4,0.6909714139799027,0.1898741200738023,0.8192101080366668,treatment,0.2,0.5,0.6326530612244898
603,4,4,0.34146117964177475,0.7791840059673659,0.22209365909292997,treatment,0.2,0.5,0.6274509803921569
604,4,5,0.6909714139799027,0.18850209011042016,0.8194572602397193,treatment,0.2,0.5,0.6530612244897959
605,4,5,0.34146117964177475,0.7818387597406617,0.22188835606888802,treatment,0.2,0.5,0.6274509803921569
606,4,6,0.6909714139799027,0.19051374559986617,0.8206707241267883,treatment,0.2,0.5,0.6326530612244898
607,4,6,0.34146117964177475,0.784724740406068,0.22177808286087583,treatment,0.2,0.5,0.6274509803921569
608,4,7,0.6909714139799027,0.19004345840136858,0.8206894650717861,treatment,0.2,0.5,0.6326530612244898
609,4,7,0.34146117964177475,0.7871182480881188,0.22030236932010075,treatment,0.2,0.5,0.6274509803921569
610,4,8,0.6909714139799027,0.19074399231111364,0.8207452017647063,treatment,0.2,0.5,0.6530612244897959
611,4,8,0.34146117964177475,0.78782065663459,0.22128888092152874,treatment,0.2,0.5,0.6470588235294118
612,4,9,0.6909714139799027,0.18568528273595522,0.8216328827716414,treatment,0.2,0.5,0.6530612244897959
613,4,9,0.34146117964177475,0.787017478737147,0.2178443469342012,treatment,0.2,0.5,0.5882352941176471
614,4,10,0.6909714139799027,0.19097015886840732,0.8224656494768872,treatment,0.2,0.5,0.6326530612244898
615,4,10,0.34146117964177475,0.7899987203247625,0.22070161523610674,treatment,0.2,0.5,0.6470588235294118
616,4,11,0.6909714139799027,0.1944400992556228,0.8218017621324615,treatment,0.2,0.5,0.6530612244897959
617,4,11,0.34146117964177475,0.792539794082645,0.22418742766541613,treatment,0.2,0.5,0.7058823529411765
618,4,12,0.6909714139799027,0.19353465638593711,0.8226694823071697,treatment,0.2,0.5,0.6326530612244898
619,4,12,0.34146117964177475,0.7934020174616867,0.22265210750291306,treatment,0.2,0.5,0.6666666666666666
620,4,13,0.6909714139799027,0.19260516355716606,0.8224128726407285,treatment,0.2,0.5,0.6326530612244898
621,4,13,0.34146117964177475,0.7937199042603357,0.2212615594326814,treatment,0.2,0.5,0.6470588235294118
622,4,14,0.6909714139799027,0.19170387428930094,0.8216081563810226,treatment,0.2,0.5,0.673469387755102
623,4,14,0.34146117964177475,0.791799959280565,0.2226519145982309,treatment,0.2,0.5,0.6666666666666666
624,4,15,0.6909714139799027,0.1945715407217946,0.8233447023059884,treatment,0.2,0.5,0.6326530612244898
625,4,15,0.34146117964177475,0.795309037885327,0.2231610585716266,treatment,0.2,0.5,0.6862745098039216
626,4,16,0.6909714139799027,0.19411419106621194,0.8224808928722234,treatment,0.2,0.5,0.6530612244897959
627,4,16,0.34146117964177475,0.7952571692034816,0.22288765902704866,treatment,0.2,0.5,0.6862745098039216
628,4,17,0.6909714139799027,0.1940963524602368,0.823225184630517,treatment,0.2,0.5,0.6326530612244898
629,4,17,0.34146117964177475,0.7959680434248929,0.22175684708447868,treatment,0.2,0.5,0.6666666666666666
630,4,18,0.6909714139799027,0.1933387622962312,0.8225206353503831,treatment,0.2,0.5,0.6530612244897959
631,4,18,0.34146117964177475,0.7947517380397783,0.22182583906552714,treatment,0.2,0.5,0.6666666666666666
632,4,19,0.6909714139799027,0.18943222298020906,0.8227543330178742,treatment,0.2,0.5,0.673469387755102
633,4,19,0.34146117964177475,0.7937692701372466,0.22026815851433867,treatment,0.2,0.5,0.6470588235294118
634,4,20,0.6909714139799027,0.19319108147882766,0.8242471505873262,treatment,0.2,0.5,0.6326530612244898
635,4,20,0.34146117964177475,0.7959049875130517,0.22180191524269086,treatment,0.2,0.5,0.6666666666666666
636,4,21,0.6909714139799027,0.1907048318793008,0.8232202005071958,treatment,0.2,0.5,0.6530612244897959
637,4,21,0.34146117964177475,0.809742966231776,0.2196876588236816,treatment,0.2,0.5,0.6470588235294118
638,4,22,0.6909714139799027,0.1911466607651736,0.8238447115153121,treatment,0.2,0.5,0.6326530612244898
639,4,22,0.34146117964177475,0.8130326098912591,0.2193860794173658,treatment,0.2,0.5,0.6274509803921569
640,4,23,0.6909714139799027,0.1848088204715159,0.8234050829387911,treatment,0.2,0.5,0.6326530612244898
641,4,23,0.34146117964177475,0.8112082518257621,0.21435936908941905,treatment,0.2,0.5,0.5490196078431373
642,4,24,0.6909714139799027,0.1898111921654351,0.8231178964648327,treatment,0.2,0.5,0.6326530612244898
643,4,24,0.34146117964177475,0.8121532995632377,0.21780951571870996,treatment,0.2,0.5,0.6078431372549019
644,4,25,0.6909714139799027,0.1852579067378822,0.8229210243974716,treatment,0.2,0.5,0.6326530612244898
645,4,25,0.34146117964177475,0.8107664638859191,0.21432061545840603,treatment,0.2,0.5,0.5490196078431373
646,4,26,0.6909714139799027,0.19207592869119733,0.8222274871748825,treatment,0.2,0.5,0.673469387755102
647,4,26,0.34146117964177475,0.8115005600866263,0.2208611491586898,treatment,0.2,0.5,0.6666666666666666
648,4,27,0.6909714139799027,0.1888613880820526,0.8239197776769457,treatment,0.2,0.5,0.6326530612244898
649,4,27,0.34146117964177475,0.8137613679181174,0.21705328504471094,treatment,0.2,0.5,0.6078431372549019
650,4,28,0.6909714139799027,0.18622388238773813,0.8234332293327608,treatment,0.2,0.5,0.6326530612244898
651,4,28,0.34146117964177475,0.8133617480406986,0.21465247094498133,treatment,0.2,0.5,0.5686274509803921
652,4,29,0.6909714139799027,0.1904001582300458,0.8227833088992786,treatment,0.2,0.5,0.6530612244897959
653,4,29,0.34146117964177475,0.8124356496509444,0.2185357521262059,treatment,0.2,0.5,0.6274509803921569
654,4,30,0.6909714139799027,0.18629515178588613,0.823560888437866,treatment,0.2,0.5,0.6326530612244898
655,4,30,0.34146117964177475,0.8133706920595674,0.2144459348716758,treatment,0.2,0.5,0.5686274509803921
656,4,31,0.6909714139799027,0.19092144211257972,0.8232053795500206,treatment,0.2,0.5,0.6326530612244898
657,4,31,0.34146117964177475,0.816533506117664,0.2170064664035733,treatment,0.2,0.5,0.6274509803921569
658,4,32,0.6909714139799027,0.1933855405253175,0.822967309332772,treatment,0.2,0.5,0.6326530612244898
659,4,32,0.34146117964177475,0.8170637528264248,0.21856845682338563,treatment,0.2,0.5,0.6470588235294118
660,4,33,0.6909714139799027,0.18240450867553526,0.8222761440110324,treatment,0.2,0.5,0.673469387755102
661,4,33,0.34146117964177475,0.8116318122576271,0.2127107506997644,treatment,0.2,0.5,0.5490196078431373
662,4,34,0.6909714139799027,0.1866463060965295,0.8239491967066652,treatment,0.2,0.5,0.6326530612244898
663,4,34,0.34146117964177475,0.814626165367274,0.21485120129247523,treatment,0.2,0.5,0.5882352941176471
664,4,35,0.6909714139799027,0.18261508112412897,0.822987074830217,treatment,0.2,0.5,0.6530612244897959
665,4,35,0.34146117964177475,0.8114079587415398,0.21283639694704748,treatment,0.2,0.5,0.5490196078431373
666,4,36,0.6909714139799027,0.19300839022631738,0.823820500559013,treatment,0.2,0.5,0.6326530612244898
667,4,36,0.34146117964177475,0.8162466009463655,0.2194452539841317,treatment,0.2,0.5,0.6666666666666666
668,4,37,0.6909714139799027,0.18286711127104807,0.823082726493465,treatment,0.2,0.5,0.6530612244897959
669,4,37,0.34146117964177475,0.8124294023456856,0.21256207902159266,treatment,0.2,0.5,0.5490196078431373
670,4,38,0.6909714139799027,0.18672021911959003,0.8237875661314235,treatment,0.2,0.5,0.6326530612244898
671,4,38,0.34146117964177475,0.814626532151162,0.21463843680841774,treatment,0.2,0.5,0.5882352941176471
672,4,39,0.6909714139799027,0.18427174665407936,0.823380312888212,treatment,0.2,0.5,0.6326530612244898
673,4,39,0.34146117964177475,0.8130440185426044,0.21262558608119625,treatment,0.2,0.5,0.5490196078431373
674,4,40,0.6909714139799027,0.19263112514425001,0.8231028991548935,treatment,0.2,0.5,0.6326530612244898
675,4,40,0.34146117964177475,0.8153018563228062,0.21822110210162074,treatment,0.2,0.5,0.6470588235294118
676,4,41,0.6909714139799027,0.1867069522853476,0.8226843801437472,treatment,0.2,0.5,0.6530612244897959
677,4,41,0.34146117964177475,0.8143189750585785,0.2144432648511652,treatment,0.2,0.5,0.5882352941176471
678,4,42,0.6909714139799027,0.18719134031312615,0.823433898770058,treatment,0.2,0.5,0.6326530612244898
679,4,42,0.34146117964177475,0.815741332353957,0.2139907938348288,treatment,0.2,0.5,0.5882352941176471
680,4,43,0.6909714139799027,0.18950733201842337,0.8228378051706378,treatment,0.2,0.5,0.6530612244897959
681,4,43,0.34146117964177475,0.815216443236375,0.21619785232598251,treatment,0.2,0.5,0.6274509803921569
682,4,44,0.6909714139799027,0.18425751254981793,0.8235751409513402,treatment,0.2,0.5,0.6326530612244898
683,4,44,0.34146117964177475,0.8142162945425084,0.21185400674804897,treatment,0.2,0.5,0.5490196078431373
684,4,45,0.6909714139799027,0.18644926873378576,0.8232051854445573,treatment,0.2,0.5,0.6326530612244898
685,4,45,0.34146117964177475,0.8142805999570469,0.213186900555285,treatment,0.2,0.5,0.5686274509803921
686,4,46,0.6909714139799027,0.18950134506052665,0.8229533508877666,treatment,0.2,0.5,0.6326530612244898
687,4,46,0.34146117964177475,0.8163063720601533,0.21485584270241984,treatment,0.2,0.5,0.6078431372549019
688,4,47,0.6909714139799027,0.19006524978903913,0.8224772988354219,treatment,0.2,0.5,0.6530612244897959
689,4,47,0.34146117964177475,0.8158127820522815,0.21587026144266266,treatment,0.2,0.5,0.6274509803921569
690,4,48,0.6909714139799027,0.18469572430604692,0.8233257525904014,treatment,0.2,0.5,0.6326530612244898
691,4,48,0.34146117964177475,0.8147180892078637,0.21153515375537515,treatment,0.2,0.5,0.5490196078431373
692,4,49,0.6909714139799027,0.18311594416474777,0.8227809339802281,treatment,0.2,0.5,0.6530612244897959
693,4,49,0.34146117964177475,0.8121171788020026,0.21185419763852203,treatment,0.2,0.5,0.5490196078431373
694,4,50,0.6909714139799027,0.18703916533856962,0.8234650762949561,treatment,0.2,0.5,0.6326530612244898
695,4,50,0.34146117964177475,0.8146676121040803,0.21380799827037855,treatment,0.2,0.5,0.5882352941176471
696,4,51,0.6909714139799027,0.18806767506248379,0.8230988821308728,treatment,0.2,0.5,0.6326530612244898
697,4,51,0.34146117964177475,0.8156311998498609,0.21385187181127166,treatment,0.2,0.5,0.5882352941176471
698,4,52,0.6909714139799027,0.19133504528609097,0.8224064110688885,treatment,0.2,0.5,0.6530612244897959
699,4,52,0.34146117964177475,0.8166973741077002,0.21651963927777165,treatment,0.2,0.5,0.6470588235294118
700,4,53,0.6909714139799027,0.18608936689263375,0.823103844872155,treatment,0.2,0.5,0.6530612244897959
701,4,53,0.34146117964177475,0.8158561251136037,0.21294593101881398,treatment,0.2,0.5,0.5882352941176471
702,4,54,0.6909714139799027,0.18403947014059202,0.8237383253927931,treatment,0.2,0.5,0.6326530612244898
703,4,54,0.34146117964177475,0.8149454539297563,0.2111071861717462,treatment,0.2,0.5,0.5490196078431373
704,4,55,0.6909714139799027,0.18449199212228237,0.8233008971693497,treatment,0.2,0.5,0.6326530612244898
705,4,55,0.34146117964177475,0.8137604472858802,0.21141877389199715,treatment,0.2,0.5,0.5490196078431373
706,4,56,0.6909714139799027,0.1924018408603114,0.8230053325303168,treatment,0.2,0.5,0.6326530612244898
707,4,56,0.34146117964177475,0.8173130513684156,0.21648445198296007,treatment,0.2,0.5,0.6470588235294118
708,4,57,0.6909714139799027,0.18503041642344534,0.8223100868333654,treatment,0.2,0.5,0.673469387755102
709,4,57,0.34146117964177475,0.8141866051007101,0.2129453669888034,treatment,0.2,0.5,0.5882352941176471
710,4,58,0.6909714139799027,0.18344436315981555,0.8239774751679395,treatment,0.2,0.5,0.6326530612244898
711,4,58,0.34146117964177475,0.8145802420666906,0.21107857222788487,treatment,0.2,0.5,0.5490196078431373
712,4,59,0.6909714139799027,0.18410626447983977,0.8234437060931895,treatment,0.2,0.5,0.6326530612244898
713,4,59,0.34146117964177475,0.8135185083127888,0.21137214196861373,treatment,0.2,0.5,0.5490196078431373
714,4,60,0.6909714139799027,0.19220551795053295,0.823090867641894,treatment,0.2,0.5,0.6326530612244898
715,4,60,0.34146117964177475,0.8172395478100895,0.21636868065055642,treatment,0.2,0.5,0.6470588235294118
716,4,61,0.6909714139799027,0.1911995945195098,0.8228452794992889,treatment,0.2,0.5,0.6326530612244898
717,4,61,0.34146117964177475,0.8194466479869695,0.21472151847356602,treatment,0.2,0.5,0.6274509803921569
718,4,62,0.6909714139799027,0.18555861236297444,0.8226630770008013,treatment,0.2,0.5,0.6326530612244898
719,4,62,0.34146117964177475,0.8164562493128723,0.21058207584967353,treatment,0.2,0.5,0.5490196078431373
720,4,63,0.6909714139799027,0.1903990960018347,0.8222667273793003,treatment,0.2,0.5,0.6530612244897959
721,4,63,0.34146117964177475,0.816195762743185,0.21500551958467892,treatment,0.2,0.5,0.6274509803921569
722,4,64,0.6909714139799027,0.18503864498642075,0.8231111311048273,treatment,0.2,0.5,0.6326530612244898
723,4,64,0.34146117964177475,0.8152681513636563,0.21067654037938902,treatment,0.2,0.5,0.5490196078431373
724,4,65,0.6909714139799027,0.18523469623994196,0.8215816837289509,treatment,0.2,0.5,0.673469387755102
725,4,65,0.34146117964177475,0.812973551704462,0.2127727491957546,treatment,0.2,0.5,0.5882352941176471
726,4,66,0.6909714139799027,0.1853586634766106,0.8237683576419305,treatment,0.2,0.5,0.6326530612244898
727,4,66,0.34146117964177475,0.8152778309964275,0.21192695740787101,treatment,0.2,0.5,0.5686274509803921
728,4,67,0.6909714139799027,0.18916016558686824,0.8229967531189001,treatment,0.2,0.5,0.6530612244897959
729,4,67,0.34146117964177475,0.8156688582390008,0.21493148028423317,treatment,0.2,0.5,0.6274509803921569
730,4,68,0.6909714139799027,0.18404071181739215,0.8236698391516297,treatment,0.2,0.5,0.6326530612244898
731,4,68,0.34146117964177475,0.8148725469088858,0.21059912587024188,treatment,0.2,0.5,0.5490196078431373
732,4,69,0.6909714139799027,0.18600631829628364,0.8227818669939331,treatment,0.2,0.5,0.6530612244897959
733,4,69,0.34146117964177475,0.8143122208252501,0.21270303252028278,treatment,0.2,0.5,0.5882352941176471
734,4,70,0.6909714139799027,0.1839297417874339,0.8236427181529344,treatment,0.2,0.5,0.6326530612244898
735,4,70,0.34146117964177475,0.8141549890532163,0.2107823847385255,treatment,0.2,0.5,0.5490196078431373
736,4,71,0.6909714139799027,0.18785382930628555,0.82323563674745,treatment,0.2,0.5,0.6326530612244898
737,4,71,0.34146117964177475,0.8156720204654314,0.21306146930384032,treatment,0.2,0.5,0.5882352941176471
738,4,72,0.6909714139799027,0.19112309348912376,0.822950210637211,treatment,0.2,0.5,0.6326530612244898
739,4,72,0.34146117964177475,0.8175341628592506,0.21465894132162364,treatment,0.2,0.5,0.6274509803921569
740,4,73,0.6909714139799027,0.18505114981861723,0.8222989965323366,treatment,0.2,0.5,0.673469387755102
741,4,73,0.34146117964177475,0.8145839292813142,0.21217304579720117,treatment,0.2,0.5,0.5882352941176471
742,4,74,0.6909714139799027,0.18347348197497138,0.8239384862479749,treatment,0.2,0.5,0.6326530612244898
743,4,74,0.34146117964177475,0.814979260246871,0.21036651101434767,treatment,0.2,0.5,0.5490196078431373
744,4,75,0.6909714139799027,0.18599372552824722,0.8234003466194971,treatment,0.2,0.5,0.6326530612244898
745,4,75,0.34146117964177475,0.8151623492884101,0.21171346553439513,treatment,0.2,0.5,0.5686274509803921
746,4,76,0.6909714139799027,0.19229937018948307,0.8230428560028429,treatment,0.2,0.5,0.6326530612244898
747,4,76,0.34146117964177475,0.8183255300853995,0.21548437541363172,treatment,0.2,0.5,0.6470588235294118
748,4,77,0.6909714139799027,0.18677583032397996,0.8225048706076823,treatment,0.2,0.5,0.6530612244897959
749,4,77,0.34146117964177475,0.8164130458638396,0.2119802273949031,treatment,0.2,0.5,0.5882352941176471
750,4,78,0.6909714139799027,0.1884288400883105,0.823304360565261,treatment,0.2,0.5,0.6326530612244898
751,4,78,0.34146117964177475,0.8176531706509658,0.21266512649022595,treatment,0.2,0.5,0.5882352941176471
752,4,79,0.6909714139799027,0.18959468468747404,0.8229494591789702,treatment,0.2,0.5,0.6326530612244898
753,4,79,0.34146117964177475,0.8187042026226375,0.2128526535655674,treatment,0.2,0.5,0.6078431372549019
754,4,80,0.6909714139799027,0.1878595227060499,0.8227025266356662,treatment,0.2,0.5,0.6326530612244898
755,4,80,0.34146117964177475,0.816356463091404,0.2115487145864552,treatment,0.2,0.5,0.5686274509803921
756,4,81,0.6909714139799027,0.1900882945594236,0.8223059787506991,treatment,0.2,0.5,0.6530612244897959
757,4,81,0.34146117964177475,0.8179945678739358,0.2138147023568766,treatment,0.2,0.5,0.6274509803921569
758,4,82,0.6909714139799027,0.1834157394914891,0.8227938896357331,treatment,0.2,0.5,0.6530612244897959
759,4,82,0.34146117964177475,0.8151566169131548,0.20966565908790294,treatment,0.2,0.5,0.5490196078431373
760,4,83,0.6909714139799027,0.1888322238702995,0.8234329347001322,treatment,0.2,0.5,0.6326530612244898
761,4,83,0.34146117964177475,0.8182266933281747,0.21273993479105918,treatment,0.2,0.5,0.6078431372549019
762,4,84,0.6909714139799027,0.18508715444422053,0.8230039108619087,treatment,0.2,0.5,0.6326530612244898
763,4,84,0.34146117964177475,0.8160636978219977,0.20981396650064488,treatment,0.2,0.5,0.5490196078431373
764,4,85,0.6909714139799027,0.1883750295689134,0.8227157087093557,treatment,0.2,0.5,0.6326530612244898
765,4,85,0.34146117964177475,0.8169829500496179,0.2119362993968576,treatment,0.2,0.5,0.5882352941176471
766,4,86,0.6909714139799027,0.18590138635202386,0.8220726023669311,treatment,0.2,0.5,0.6530612244897959
767,4,86,0.34146117964177475,0.8148221392748307,0.211105663584784,treatment,0.2,0.5,0.5686274509803921
768,4,87,0.6909714139799027,0.18327047694962356,0.8227683273599904,treatment,0.2,0.5,0.6530612244897959
769,4,87,0.34146117964177475,0.8134043476579358,0.21009136497315922,treatment,0.2,0.5,0.5490196078431373
770,4,88,0.6909714139799027,0.1886986694719688,0.8234398352224956,treatment,0.2,0.5,0.6326530612244898
771,4,88,0.34146117964177475,0.817231396351452,0.2129346558095748,treatment,0.2,0.5,0.6078431372549019
772,4,89,0.6909714139799027,0.1831264743817969,0.8227853385249129,treatment,0.2,0.5,0.6530612244897959
773,4,89,0.34146117964177475,0.8139785715937368,0.2099447828929693,treatment,0.2,0.5,0.5490196078431373
774,4,90,0.6909714139799027,0.1887905359905077,0.8233962419032417,treatment,0.2,0.5,0.6326530612244898
775,4,90,0.34146117964177475,0.8176577900706863,0.2129144006143537,treatment,0.2,0.5,0.6078431372549019
776,4,91,0.6909714139799027,0.18835653524205295,0.8229779675635231,treatment,0.2,0.5,0.6326530612244898
777,4,91,0.34146117964177475,0.8180446056078632,0.21193380963025485,treatment,0.2,0.5,0.5882352941176471
778,4,92,0.6909714139799027,0.18979662405948566,0.8226913828008272,treatment,0.2,0.5,0.6326530612244898
779,4,92,0.34146117964177475,0.8191777592008443,0.21242452818703134,treatment,0.2,0.5,0.6078431372549019
780,4,93,0.6909714139799027,0.18418804462446056,0.8222312809322773,treatment,0.2,0.5,0.6530612244897959
781,4,93,0.34146117964177475,0.8152521818378884,0.20955683492743782,treatment,0.2,0.5,0.5490196078431373
782,4,94,0.6909714139799027,0.18791136212661178,0.8230352029385272,treatment,0.2,0.5,0.6326530612244898
783,4,94,0.34146117964177475,0.8172740723582888,0.21166743744518898,treatment,0.2,0.5,0.5882352941176471
784,4,95,0.6909714139799027,0.18541497117728065,0.8227002567920545,treatment,0.2,0.5,0.6326530612244898
785,4,95,0.34146117964177475,0.8155655091257233,0.20978020760715319,treatment,0.2,0.5,0.5490196078431373
786,4,96,0.6909714139799027,0.1873963096728636,0.8224678676142361,treatment,0.2,0.5,0.6326530612244898
787,4,96,0.34146117964177475,0.8156833317627521,0.2111253114469749,treatment,0.2,0.5,0.5686274509803921
788,4,97,0.6909714139799027,0.188569796644386,0.822078847926627,treatment,0.2,0.5,0.6530612244897959
789,4,97,0.34146117964177475,0.8164459948424456,0.21265854439240228,treatment,0.2,0.5,0.6078431372549019
790,4,98,0.6909714139799027,0.18352008223461605,0.8225552820198748,treatment,0.2,0.5,0.6530612244897959
791,4,98,0.34146117964177475,0.81419671639791,0.20970332188008958,treatment,0.2,0.5,0.5490196078431373
792,4,99,0.6909714139799027,0.18751033453983115,0.8232333220023482,treatment,0.2,0.5,0.6326530612244898
793,4,99,0.34146117964177475,0.8166481860143268,0.21174653167960067,treatment,0.2,0.5,0.5882352941176471
794,5,1,0.685128958986446,0.21383959330052826,0.7606306907032051,treatment,0.2,0.5,0.8
795,5,1,0.3138228541883127,0.725146440597387,0.2621895802508948,treatment,0.2,0.5,0.72
796,5,2,0.685128958986446,0.18286082127575568,0.7947616858893172,treatment,0.2,0.5,0.72
797,5,2,0.3138228541883127,0.7357287516524977,0.22133835756591672,treatment,0.2,0.5,0.78
798,5,3,0.685128958986446,0.17992278748723334,0.8113252375851512,treatment,0.2,0.5,0.64
799,5,3,0.3138228541883127,0.7447973725892867,0.1966256618082033,treatment,0.2,0.5,0.74
800,5,4,0.685128958986446,0.16941324260551605,0.8137787884557653,treatment,0.2,0.5,0.6
801,5,4,0.3138228541883127,0.7495456916290951,0.18309415869394027,treatment,0.2,0.5,0.6
802,5,5,0.685128958986446,0.17096216949459592,0.8136981595907428,treatment,0.2,0.5,0.6
803,5,5,0.3138228541883127,0.7541222449754781,0.17440291185227097,treatment,0.2,0.5,0.62
804,5,6,0.685128958986446,0.17044019891220316,0.8136748281721045,treatment,0.2,0.5,0.6
805,5,6,0.3138228541883127,0.755440431676575,0.17342351068781306,treatment,0.2,0.5,0.6
806,5,7,0.685128958986446,0.1684829197925219,0.8143066693649287,treatment,0.2,0.5,0.64
807,5,7,0.3138228541883127,0.7568797341353882,0.1733673089372424,treatment,0.2,0.5,0.62
808,5,8,0.685128958986446,0.16636703465888555,0.8155000175090195,treatment,0.2,0.5,0.6
809,5,8,0.3138228541883127,0.7586341474313621,0.1709003332819289,treatment,0.2,0.5,0.58
810,5,9,0.685128958986446,0.16768550983365293,0.8150444027585482,treatment,0.2,0.5,0.6
811,5,9,0.3138228541883127,0.7613903253799954,0.17091217901490985,treatment,0.2,0.5,0.6
812,5,10,0.685128958986446,0.1669951859960308,0.814777470229006,treatment,0.2,0.5,0.6
813,5,10,0.3138228541883127,0.7614493026331052,0.17037901418824525,treatment,0.2,0.5,0.58
814,5,11,0.685128958986446,0.16620741522009966,0.8110763215916685,treatment,0.2,0.5,0.62
815,5,11,0.3138228541883127,0.762805964348113,0.17046838160951996,treatment,0.2,0.5,0.6
816,5,12,0.685128958986446,0.16443896817890497,0.8115340058278929,treatment,0.2,0.5,0.62
817,5,12,0.3138228541883127,0.7624720174373223,0.16983197682852832,treatment,0.2,0.5,0.58
818,5,13,0.685128958986446,0.16135000946156602,0.8091771965028525,treatment,0.2,0.5,0.66
819,5,13,0.3138228541883127,0.7628986178546439,0.1699766557892249,treatment,0.2,0.5,0.6
820,5,14,0.685128958986446,0.1643580197608668,0.8104388895320355,treatment,0.2,0.5,0.6
821,5,14,0.3138228541883127,0.7658309177505633,0.169925374593926,treatment,0.2,0.5,0.6
822,5,15,0.685128958986446,0.16453736619762144,0.8094555217909499,treatment,0.2,0.5,0.6
823,5,15,0.3138228541883127,0.7673987989836576,0.1688605269428642,treatment,0.2,0.5,0.6
824,5,16,0.685128958986446,0.16151564340037525,0.8088507210607255,treatment,0.2,0.5,0.6
825,5,16,0.3138228541883127,0.7666138349502609,0.16663791093688407,treatment,0.2,0.5,0.56
826,5,17,0.685128958986446,0.16279084050561068,0.8083417229568401,treatment,0.2,0.5,0.64
827,5,17,0.3138228541883127,0.7666977783977249,0.16901856088888118,treatment,0.2,0.5,0.6
828,5,18,0.685128958986446,0.15538110307508057,0.8067000213526925,treatment,0.2,0.5,0.66
829,5,18,0.3138228541883127,0.7646755143105866,0.1666451027855174,treatment,0.2,0.5,0.56
830,5,19,0.685128958986446,0.15993853109625777,0.8093382707383796,treatment,0.2,0.5,0.62
831,5,19,0.3138228541883127,0.7677771386209286,0.16891008509800265,treatment,0.2,0.5,0.6
832,5,20,0.685128958986446,0.1548491510062543,0.8075031615321291,treatment,0.2,0.5,0.64
833,5,20,0.3138228541883127,0.765941148088027,0.16651421625760712,treatment,0.2,0.5,0.56
834,5,21,0.685128958986446,0.15938224116146646,0.8091590518439695,treatment,0.2,0.5,0.62
835,5,21,0.3138228541883127,0.7683601788100084,0.16874289344413293,treatment,0.2,0.5,0.6
836,5,22,0.685128958986446,0.15622456186639627,0.8093145657629544,treatment,0.2,0.5,0.62
837,5,22,0.3138228541883127,0.7674677356716298,0.16635383745145105,treatment,0.2,0.5,0.56
838,5,23,0.685128958986446,0.1612613025366151,0.8094191728265027,treatment,0.2,0.5,0.6
839,5,23,0.3138228541883127,0.7697725153548964,0.1685697454809099,treatment,0.2,0.5,0.6
840,5,24,0.685128958986446,0.15719604627747116,0.8089191187462121,treatment,0.2,0.5,0.62
841,5,24,0.3138228541883127,0.7681725341786076,0.1661943576736941,treatment,0.2,0.5,0.56
842,5,25,0.685128958986446,0.16393330804371897,0.8092038492917334,treatment,0.2,0.5,0.64
843,5,25,0.3138228541883127,0.7689152251929195,0.17004899239481952,treatment,0.2,0.5,0.64
844,5,26,0.685128958986446,0.16309495294467677,0.809962731797232,treatment,0.2,0.5,0.6
845,5,26,0.3138228541883127,0.7692915071552391,0.16740207415417416,treatment,0.2,0.5,0.6
846,5,27,0.685128958986446,0.16391994572692675,0.809195962968117,treatment,0.2,0.5,0.62
847,5,27,0.3138228541883127,0.770146590142102,0.16756140842157521,treatment,0.2,0.5,0.62
848,5,28,0.685128958986446,0.16378045157010956,0.8093682897790854,treatment,0.2,0.5,0.6
849,5,28,0.3138228541883127,0.7713278939135697,0.16646366555679992,treatment,0.2,0.5,0.6
850,5,29,0.685128958986446,0.16328185566371325,0.8087356742989451,treatment,0.2,0.5,0.64
851,5,29,0.3138228541883127,0.7707693240954867,0.1675024493542392,treatment,0.2,0.5,0.62
852,5,30,0.685128958986446,0.15712474621614003,0.8071645698639415,treatment,0.2,0.5,0.66
853,5,30,0.3138228541883127,0.7684662714210643,0.1656870054928146,treatment,0.2,0.5,0.58
854,5,31,0.685128958986446,0.16166634617558628,0.8097392947162209,treatment,0.2,0.5,0.62
855,5,31,0.3138228541883127,0.7712671100711816,0.16802022739500472,treatment,0.2,0.5,0.62
856,5,32,0.685128958986446,0.15598519525435178,0.8079290539626637,treatment,0.2,0.5,0.66
857,5,32,0.3138228541883127,0.7685691910420489,0.1660502026426172,treatment,0.2,0.5,0.58
858,5,33,0.685128958986446,0.1609933519437207,0.8100782647555481,treatment,0.2,0.5,0.62
859,5,33,0.3138228541883127,0.7713442887046678,0.16826388569951095,treatment,0.2,0.5,0.62
860,5,34,0.685128958986446,0.15979084224673504,0.8100040472974268,treatment,0.2,0.5,0.6
861,5,34,0.3138228541883127,0.7710007464871691,0.1662424840076411,treatment,0.2,0.5,0.58
862,5,35,0.685128958986446,0.16506857948527962,0.8093779779420356,treatment,0.2,0.5,0.62
863,5,35,0.3138228541883127,0.7716594964020628,0.16933657469267768,treatment,0.2,0.5,0.64
864,5,36,0.685128958986446,0.16127223635199056,0.8096212899700336,treatment,0.2,0.5,0.6
865,5,36,0.3138228541883127,0.7713277504914261,0.16579374321714088,treatment,0.2,0.5,0.58
866,5,37,0.685128958986446,0.16161977313259734,0.8090953183415734,treatment,0.2,0.5,0.66
867,5,37,0.3138228541883127,0.770656301758049,0.1680586224513079,treatment,0.2,0.5,0.62
868,5,38,0.685128958986446,0.16668559633799496,0.8105079697656715,treatment,0.2,0.5,0.6
869,5,38,0.3138228541883127,0.7721363099332104,0.16905865120281155,treatment,0.2,0.5,0.64
870,5,39,0.685128958986446,0.1692181011123925,0.8096180610845348,treatment,0.2,0.5,0.6
871,5,39,0.3138228541883127,0.7733033957814698,0.168767883683411,treatment,0.2,0.5,0.66
872,5,40,0.685128958986446,0.16741627383302518,0.8090535244624698,treatment,0.2,0.5,0.6
873,5,40,0.3138228541883127,0.772107590570197,0.1673083060901854,treatment,0.2,0.5,0.62
874,5,41,0.685128958986446,0.1716920015120347,0.8086146086787958,treatment,0.2,0.5,0.62
875,5,41,0.3138228541883127,0.7726154249116363,0.17060026916446233,treatment,0.2,0.5,0.68
876,5,42,0.685128958986446,0.1684215536254557,0.8089788508841766,treatment,0.2,0.5,0.62
877,5,42,0.3138228541883127,0.7728253511559667,0.16801015919551282,treatment,0.2,0.5,0.64
878,5,43,0.685128958986446,0.165174057804915,0.8067773282370115,treatment,0.2,0.5,0.68
879,5,43,0.3138228541883127,0.7712090479440201,0.16894641604270133,treatment,0.2,0.5,0.66
880,5,44,0.685128958986446,0.1640694765844456,0.8090705488116271,treatment,0.2,0.5,0.62
881,5,44,0.3138228541883127,0.7715642362411921,0.16759599178252751,treatment,0.2,0.5,0.62
882,5,45,0.685128958986446,0.16693000511381428,0.8075944719302245,treatment,0.2,0.5,0.66
883,5,45,0.3138228541883127,0.7714431999604723,0.17052750449685924,treatment,0.2,0.5,0.68
884,5,46,0.685128958986446,0.1636697634512025,0.8098589614965878,treatment,0.2,0.5,0.62
885,5,46,0.3138228541883127,0.7715568604077222,0.16760393553372308,treatment,0.2,0.5,0.62
886,5,47,0.685128958986446,0.16594535713407566,0.8098412855065793,treatment,0.2,0.5,0.64
887,5,47,0.3138228541883127,0.7721831621059769,0.16972018610835143,treatment,0.2,0.5,0.66
888,5,48,0.685128958986446,0.16785457440266977,0.8105501366767065,treatment,0.2,0.5,0.6
889,5,48,0.3138228541883127,0.7723910142568658,0.16930323636142774,treatment,0.2,0.5,0.64
890,5,49,0.685128958986446,0.16748974917156847,0.8096945941870647,treatment,0.2,0.5,0.64
891,5,49,0.3138228541883127,0.7723696285818921,0.1696416757102649,treatment,0.2,0.5,0.66
892,5,50,0.685128958986446,0.16673175868367146,0.8103620738105988,treatment,0.2,0.5,0.6
893,5,50,0.3138228541883127,0.7725175798326882,0.1682009658165822,treatment,0.2,0.5,0.62
894,5,51,0.685128958986446,0.17016006869196448,0.8060857283723831,treatment,0.2,0.5,0.62
895,5,51,0.3138228541883127,0.773212084855557,0.17024123240413125,treatment,0.2,0.5,0.66
896,5,52,0.685128958986446,0.1672793093433092,0.8059465101391743,treatment,0.2,0.5,0.62
897,5,52,0.3138228541883127,0.7720398835151053,0.16865369344923622,treatment,0.2,0.5,0.62
898,5,53,0.685128958986446,0.16459167523126084,0.8029215499034862,treatment,0.2,0.5,0.7
899,5,53,0.3138228541883127,0.770519252143366,0.17058214875472125,treatment,0.2,0.5,0.66
900,5,54,0.685128958986446,0.16686269903479165,0.8045479125214345,treatment,0.2,0.5,0.64
901,5,54,0.3138228541883127,0.7708558780370653,0.17118229496937962,treatment,0.2,0.5,0.66
902,5,55,0.685128958986446,0.1681121349670893,0.8056687530564716,treatment,0.2,0.5,0.64
903,5,55,0.3138228541883127,0.7739575238429269,0.17013707599401884,treatment,0.2,0.5,0.68
904,5,56,0.685128958986446,0.1685746266735086,0.8062774998566392,treatment,0.2,0.5,0.6
905,5,56,0.3138228541883127,0.7736213214009686,0.16850040493502527,treatment,0.2,0.5,0.64
906,5,57,0.685128958986446,0.16784882761881145,0.8052684147737142,treatment,0.2,0.5,0.68
907,5,57,0.3138228541883127,0.7720540188662319,0.17047305361509216,treatment,0.2,0.5,0.68
908,5,58,0.685128958986446,0.16848943396467894,0.8071269839388691,treatment,0.2,0.5,0.6
909,5,58,0.3138228541883127,0.7731624903712606,0.1692238638838682,treatment,0.2,0.5,0.64
910,5,59,0.685128958986446,0.1720142522419137,0.8056482322308973,treatment,0.2,0.5,0.62
911,5,59,0.3138228541883127,0.7738647914582409,0.1711493361991522,treatment,0.2,0.5,0.68
912,5,60,0.685128958986446,0.17104893892795922,0.8056372093613706,treatment,0.2,0.5,0.6
913,5,60,0.3138228541883127,0.7733424733717433,0.1697497758340196,treatment,0.2,0.5,0.64
914,5,61,0.685128958986446,0.1710408274353577,0.8047130189476086,treatment,0.2,0.5,0.66
915,5,61,0.3138228541883127,0.7725974739579021,0.17155680908754076,treatment,0.2,0.5,0.68
916,5,62,0.685128958986446,0.1650754595149183,0.8026091218152132,treatment,0.2,0.5,0.7
917,5,62,0.3138228541883127,0.7696533322679407,0.1708766038955928,treatment,0.2,0.5,0.66
918,5,63,0.685128958986446,0.16616124524119327,0.8043289586523877,treatment,0.2,0.5,0.66
919,5,63,0.3138228541883127,0.7721166188886162,0.17116408751055828,treatment,0.2,0.5,0.68
920,5,64,0.685128958986446,0.16566585243726556,0.8062632333017404,treatment,0.2,0.5,0.62
921,5,64,0.3138228541883127,0.7722597764662936,0.16987453860246965,treatment,0.2,0.5,0.64
922,5,65,0.685128958986446,0.16892263069477834,0.8058445949647356,treatment,0.2,0.5,0.64
923,5,65,0.3138228541883127,0.7730551655639836,0.17173127995557408,treatment,0.2,0.5,0.68
924,5,66,0.685128958986446,0.16898282851101176,0.8063908066417648,treatment,0.2,0.5,0.6
925,5,66,0.3138228541883127,0.7731696908306932,0.17029280361223387,treatment,0.2,0.5,0.64
926,5,67,0.685128958986446,0.1694972502752813,0.8053418225379485,treatment,0.2,0.5,0.66
927,5,67,0.3138228541883127,0.7725196484121588,0.17204749674865233,treatment,0.2,0.5,0.68
928,5,68,0.685128958986446,0.1695537273363561,0.8066894489038531,treatment,0.2,0.5,0.62
929,5,68,0.3138228541883127,0.7739088435261664,0.1708426866967053,treatment,0.2,0.5,0.66
930,5,69,0.685128958986446,0.17118592616659384,0.8050488710538457,treatment,0.2,0.5,0.66
931,5,69,0.3138228541883127,0.7732588032839172,0.17232978049135642,treatment,0.2,0.5,0.7
932,5,70,0.685128958986446,0.16708303151484977,0.8040507861404457,treatment,0.2,0.5,0.66
933,5,70,0.3138228541883127,0.7715392338400258,0.17040903797622398,treatment,0.2,0.5,0.66
934,5,71,0.685128958986446,0.16725488974700073,0.8041426064868155,treatment,0.2,0.5,0.66
935,5,71,0.3138228541883127,0.7726851059812128,0.1709140203983854,treatment,0.2,0.5,0.68
936,5,72,0.685128958986446,0.16512862446880797,0.8062808419518155,treatment,0.2,0.5,0.64
937,5,72,0.3138228541883127,0.7721385271585328,0.16976678153353425,treatment,0.2,0.5,0.64
938,5,73,0.685128958986446,0.16876019769681505,0.8063933041477168,treatment,0.2,0.5,0.64
939,5,73,0.3138228541883127,0.773435930817853,0.17173351892490044,treatment,0.2,0.5,0.68
940,5,74,0.685128958986446,0.16896610017182673,0.8067652414560724,treatment,0.2,0.5,0.6
941,5,74,0.3138228541883127,0.7735169153645047,0.17035198689010955,treatment,0.2,0.5,0.64
942,5,75,0.685128958986446,0.17235365148094645,0.8054274443490472,treatment,0.2,0.5,0.62
943,5,75,0.3138228541883127,0.7741681898686856,0.17215836240612029,treatment,0.2,0.5,0.68
944,5,76,0.685128958986446,0.1713389656838899,0.8055161122480637,treatment,0.2,0.5,0.6
945,5,76,0.3138228541883127,0.7736594438219752,0.17069426662396586,treatment,0.2,0.5,0.64
946,5,77,0.685128958986446,0.17138367003995186,0.804577371278278,treatment,0.2,0.5,0.66
947,5,77,0.3138228541883127,0.7729497984165943,0.17243053210902815,treatment,0.2,0.5,0.68
948,5,78,0.685128958986446,0.1722151432244651,0.8050246151263388,treatment,0.2,0.5,0.64
949,5,78,0.3138228541883127,0.7720477936521487,0.17277504502421223,treatment,0.2,0.5,0.68
950,5,79,0.685128958986446,0.16634974668857397,0.8033857068560795,treatment,0.2,0.5,0.7
951,5,79,0.3138228541883127,0.7714092526587859,0.17138827182300706,treatment,0.2,0.5,0.68
952,5,80,0.685128958986446,0.16457376759752548,0.8049184617157189,treatment,0.2,0.5,0.64
953,5,80,0.3138228541883127,0.771773847585898,0.17020870522093354,treatment,0.2,0.5,0.64
954,5,81,0.685128958986446,0.16843123634049753,0.80590476548839,treatment,0.2,0.5,0.66
955,5,81,0.3138228541883127,0.774153680094637,0.17235146650973676,treatment,0.2,0.5,0.7
956,5,82,0.685128958986446,0.16655673624460793,0.8071541786339483,treatment,0.2,0.5,0.62
957,5,82,0.3138228541883127,0.7736728609146248,0.17003200220803774,treatment,0.2,0.5,0.64
958,5,83,0.685128958986446,0.17089285931919967,0.8063829796346884,treatment,0.2,0.5,0.62
959,5,83,0.3138228541883127,0.7748118682736574,0.17199745395763258,treatment,0.2,0.5,0.68
960,5,84,0.685128958986446,0.16880177823893106,0.8062596988043081,treatment,0.2,0.5,0.62
961,5,84,0.3138228541883127,0.7734724373812847,0.17063365814224687,treatment,0.2,0.5,0.64
962,5,85,0.685128958986446,0.17111727816967864,0.8057447569273976,treatment,0.2,0.5,0.64
963,5,85,0.3138228541883127,0.7739799966924241,0.17244746964447516,treatment,0.2,0.5,0.68
964,5,86,0.685128958986446,0.17117529133254705,0.8052802318656229,treatment,0.2,0.5,0.62
965,5,86,0.3138228541883127,0.7731221938646817,0.1717458611993883,treatment,0.2,0.5,0.66
966,5,87,0.685128958986446,0.1669723991100976,0.8029791312144693,treatment,0.2,0.5,0.7
967,5,87,0.3138228541883127,0.7718019507194469,0.17202134312713974,treatment,0.2,0.5,0.68
968,5,88,0.685128958986446,0.1650536509367308,0.8046452868214524,treatment,0.2,0.5,0.64
969,5,88,0.3138228541883127,0.7721014793528171,0.17072266359465044,treatment,0.2,0.5,0.64
970,5,89,0.685128958986446,0.16887215002536388,0.8057031582100709,treatment,0.2,0.5,0.64
971,5,89,0.3138228541883127,0.7737473628561731,0.17256207552118852,treatment,0.2,0.5,0.68
972,5,90,0.685128958986446,0.16823367684578056,0.8064354109571025,treatment,0.2,0.5,0.64
973,5,90,0.3138228541883127,0.7724460217765206,0.17195304647637158,treatment,0.2,0.5,0.66
974,5,91,0.685128958986446,0.17096446790055395,0.8065439346998216,treatment,0.2,0.5,0.62
975,5,91,0.3138228541883127,0.7744121998001302,0.17212051161582897,treatment,0.2,0.5,0.68
976,5,92,0.685128958986446,0.169012932360533,0.8063039483306261,treatment,0.2,0.5,0.62
977,5,92,0.3138228541883127,0.7732155556694532,0.17080259595025446,treatment,0.2,0.5,0.64
978,5,93,0.685128958986446,0.17322643802333337,0.8057541325281177,treatment,0.2,0.5,0.64
979,5,93,0.3138228541883127,0.7738122302529373,0.17332875567636408,treatment,0.2,0.5,0.7
980,5,94,0.685128958986446,0.17115944657633123,0.8052699659006748,treatment,0.2,0.5,0.62
981,5,94,0.3138228541883127,0.7744583409801096,0.17086401596469286,treatment,0.2,0.5,0.66
982,5,95,0.685128958986446,0.16862147023770332,0.8028868776625737,treatment,0.2,0.5,0.68
983,5,95,0.3138228541883127,0.7731694290167402,0.17171955825904256,treatment,0.2,0.5,0.68
984,5,96,0.685128958986446,0.16779536819807153,0.8060637532704059,treatment,0.2,0.5,0.62
985,5,96,0.3138228541883127,0.7736629689635157,0.17053376170414672,treatment,0.2,0.5,0.64
986,5,97,0.685128958986446,0.1661700655524703,0.8039749671154914,treatment,0.2,0.5,0.7
987,5,97,0.3138228541883127,0.7722361532639042,0.1724598701227932,treatment,0.2,0.5,0.68
988,5,98,0.685128958986446,0.16599031540580123,0.8070682032001458,treatment,0.2,0.5,0.62
989,5,98,0.3138228541883127,0.7732586480797912,0.17105692013813412,treatment,0.2,0.5,0.64
990,5,99,0.685128958986446,0.1706496955051427,0.8064428814886814,treatment,0.2,0.5,0.62
991,5,99,0.3138228541883127,0.7747467327759631,0.17283622111916108,treatment,0.2,0.5,0.68
992,6,1,0.6655466869296495,0.23502428149658972,0.780167525681988,treatment,0.2,0.5,0.717391304347826
993,6,1,0.3010970250753036,0.7224580117454616,0.25755380995584465,treatment,0.2,0.5,0.7962962962962963
994,6,2,0.6655466869296495,0.2019098354803193,0.8084533213210111,treatment,0.2,0.5,0.5434782608695652
995,6,2,0.3010970250753036,0.7496497068040063,0.21712017640252956,treatment,0.2,0.5,0.8888888888888888
996,6,3,0.6655466869296495,0.19556366362597058,0.8178095823415453,treatment,0.2,0.5,0.5
997,6,3,0.3010970250753036,0.7597629623558354,0.18734904010570347,treatment,0.2,0.5,0.7592592592592593
998,6,4,0.6655466869296495,0.19434410064879712,0.8186699776336124,treatment,0.2,0.5,0.5217391304347826
999,6,4,0.3010970250753036,0.7643769867397476,0.18580510046775398,treatment,0.2,0.5,0.7592592592592593
1000,6,5,0.6655466869296495,0.19287433439224647,0.8201080043558283,treatment,0.2,0.5,0.5
1001,6,5,0.3010970250753036,0.7687726170059583,0.18343268418486736,treatment,0.2,0.5,0.7222222222222222
1002,6,6,0.6655466869296495,0.19308265570824554,0.8202843470182827,treatment,0.2,0.5,0.5
1003,6,6,0.3010970250753036,0.7714985631707759,0.18375385147555326,treatment,0.2,0.5,0.7222222222222222
1004,6,7,0.6655466869296495,0.18961590249244437,0.8204637387703283,treatment,0.2,0.5,0.5217391304347826
1005,6,7,0.3010970250753036,0.7722796303067716,0.18250399608085383,treatment,0.2,0.5,0.7037037037037037
1006,6,8,0.6655466869296495,0.18963673891608632,0.821041290890091,treatment,0.2,0.5,0.5217391304347826
1007,6,8,0.3010970250753036,0.7750571663043602,0.1827286640009192,treatment,0.2,0.5,0.7222222222222222
1008,6,9,0.6655466869296495,0.18949700150317222,0.8219088256147099,treatment,0.2,0.5,0.5
1009,6,9,0.3010970250753036,0.7772371982597419,0.18210346466029664,treatment,0.2,0.5,0.7037037037037037
1010,6,10,0.6655466869296495,0.18977268573805772,0.821689883308939,treatment,0.2,0.5,0.5
1011,6,10,0.3010970250753036,0.7784120546836127,0.18240401800048658,treatment,0.2,0.5,0.7037037037037037
1012,6,11,0.6655466869296495,0.18806392792813006,0.8211276195105476,treatment,0.2,0.5,0.5217391304347826
1013,6,11,0.3010970250753036,0.7780370225356587,0.18259266714593334,treatment,0.2,0.5,0.7037037037037037
1014,6,12,0.6655466869296495,0.18562910194510757,0.8217114291751658,treatment,0.2,0.5,0.5217391304347826
1015,6,12,0.3010970250753036,0.778897140020013,0.18124830076437706,treatment,0.2,0.5,0.6851851851851852
1016,6,13,0.6655466869296495,0.18635935932514622,0.8224299985084412,treatment,0.2,0.5,0.5
1017,6,13,0.3010970250753036,0.7808163501430833,0.18145703030987917,treatment,0.2,0.5,0.6851851851851852
1018,6,14,0.6655466869296495,0.18496306600971765,0.8217410842593722,treatment,0.2,0.5,0.5217391304347826
1019,6,14,0.3010970250753036,0.7803966420454354,0.18157771466523093,treatment,0.2,0.5,0.6851851851851852
1020,6,15,0.6655466869296495,0.1857381762940266,0.8224988830201719,treatment,0.2,0.5,0.5
1021,6,15,0.3010970250753036,0.7821742502386116,0.18164607262038235,treatment,0.2,0.5,0.6851851851851852
1022,6,16,0.6655466869296495,0.1869557261569088,0.8216947700413411,treatment,0.2,0.5,0.5217391304347826
1023,6,16,0.3010970250753036,0.783323609203252,0.18255538308257296,treatment,0.2,0.5,0.7222222222222222
1024,6,17,0.6655466869296495,0.18570768913898664,0.822422445871564,treatment,0.2,0.5,0.5
1025,6,17,0.3010970250753036,0.7842099827609578,0.18064842189091374,treatment,0.2,0.5,0.6851851851851852
1026,6,18,0.6655466869296495,0.1860350219863423,0.8220707313455615,treatment,0.2,0.5,0.5
1027,6,18,0.3010970250753036,0.7844436369540446,0.18100273826976773,treatment,0.2,0.5,0.6851851851851852
1028,6,19,0.6655466869296495,0.18620673152889958,0.8218384628496905,treatment,0.2,0.5,0.5
1029,6,19,0.3010970250753036,0.7847728819017233,0.1812213886618915,treatment,0.2,0.5,0.6851851851851852
1030,6,20,0.6655466869296495,0.1835877199579078,0.8212356001723421,treatment,0.2,0.5,0.5217391304347826
1031,6,20,0.3010970250753036,0.8030368062663379,0.18024121785337663,treatment,0.2,0.5,0.6666666666666666
1032,6,21,0.6655466869296495,0.18247529686379996,0.8217293011476331,treatment,0.2,0.5,0.5217391304347826
1033,6,21,0.3010970250753036,0.8070411109160416,0.18048505829009318,treatment,0.2,0.5,0.6666666666666666
1034,6,22,0.6655466869296495,0.18454344814238602,0.8224003234446389,treatment,0.2,0.5,0.5
1035,6,22,0.3010970250753036,0.8101445302997983,0.18084275088689547,treatment,0.2,0.5,0.6851851851851852
1036,6,23,0.6655466869296495,0.1838447493285806,0.8219871877522557,treatment,0.2,0.5,0.5
1037,6,23,0.3010970250753036,0.8099596613116924,0.1798828171570671,treatment,0.2,0.5,0.6666666666666666
1038,6,24,0.6655466869296495,0.1849256551686323,0.8212972549818641,treatment,0.2,0.5,0.5217391304347826
1039,6,24,0.3010970250753036,0.8103089526879581,0.18062989699313445,treatment,0.2,0.5,0.7037037037037037
1040,6,25,0.6655466869296495,0.18354469351977307,0.8220518182254131,treatment,0.2,0.5,0.5
1041,6,25,0.3010970250753036,0.811268018682878,0.17886648927827722,treatment,0.2,0.5,0.6666666666666666
1042,6,26,0.6655466869296495,0.18383645183797662,0.8217043380679933,treatment,0.2,0.5,0.5
1043,6,26,0.3010970250753036,0.8110068474959781,0.17931743813279422,treatment,0.2,0.5,0.6666666666666666
1044,6,27,0.6655466869296495,0.18519209339197237,0.821466054444221,treatment,0.2,0.5,0.5
1045,6,27,0.3010970250753036,0.8119942920459792,0.17994364424788664,treatment,0.2,0.5,0.6851851851851852
1046,6,28,0.6655466869296495,0.1827401651780132,0.8208756468381253,treatment,0.2,0.5,0.5217391304347826
1047,6,28,0.3010970250753036,0.8097610620346226,0.17903053738254193,treatment,0.2,0.5,0.6666666666666666
1048,6,29,0.6655466869296495,0.18171357810998007,0.8213891858032787,treatment,0.2,0.5,0.5217391304347826
1049,6,29,0.3010970250753036,0.8094347259017304,0.1793299368836558,treatment,0.2,0.5,0.6666666666666666
1050,6,30,0.6655466869296495,0.18264532866069177,0.8220442042593031,treatment,0.2,0.5,0.5
1051,6,30,0.3010970250753036,0.8111378232000755,0.17953438327210566,treatment,0.2,0.5,0.6666666666666666
1052,6,31,0.6655466869296495,0.18310882291327799,0.8216143995762901,treatment,0.2,0.5,0.5
1053,6,31,0.3010970250753036,0.8111740600435738,0.17967775446563314,treatment,0.2,0.5,0.6666666666666666
1054,6,32,0.6655466869296495,0.18310393480344303,0.8209243554635274,treatment,0.2,0.5,0.5217391304347826
1055,6,32,0.3010970250753036,0.8105264699977637,0.18005860013782776,treatment,0.2,0.5,0.6851851851851852
1056,6,33,0.6655466869296495,0.18097146251522667,0.8211054577278335,treatment,0.2,0.5,0.5217391304347826
1057,6,33,0.3010970250753036,0.8097632601454886,0.17925034430342515,treatment,0.2,0.5,0.6666666666666666
1058,6,34,0.6655466869296495,0.1819467992769063,0.821992847601166,treatment,0.2,0.5,0.5
1059,6,34,0.3010970250753036,0.811601845082121,0.17950532854552745,treatment,0.2,0.5,0.6666666666666666
1060,6,35,0.6655466869296495,0.18246711808615967,0.8215708004461374,treatment,0.2,0.5,0.5
1061,6,35,0.3010970250753036,0.8115976683577156,0.1796722370546383,treatment,0.2,0.5,0.6666666666666666
1062,6,36,0.6655466869296495,0.1813975645180484,0.8208716291351587,treatment,0.2,0.5,0.5217391304347826
1063,6,36,0.3010970250753036,0.8098349842742941,0.17978614467310286,treatment,0.2,0.5,0.6666666666666666
1064,6,37,0.6655466869296495,0.18057192779997433,0.8213128347893889,treatment,0.2,0.5,0.5217391304347826
1065,6,37,0.3010970250753036,0.8097407884791205,0.1798683684314458,treatment,0.2,0.5,0.6666666666666666
1066,6,38,0.6655466869296495,0.18114452414338925,0.8213448837064665,treatment,0.2,0.5,0.5217391304347826
1067,6,38,0.3010970250753036,0.8104911271181606,0.18044390118614592,treatment,0.2,0.5,0.6851851851851852
1068,6,39,0.6655466869296495,0.18113931344766473,0.8220739114128526,treatment,0.2,0.5,0.5
1069,6,39,0.3010970250753036,0.81215390663902,0.17928833888193157,treatment,0.2,0.5,0.6666666666666666
1070,6,40,0.6655466869296495,0.18445035947676577,0.8211661549426994,treatment,0.2,0.5,0.5217391304347826
1071,6,40,0.3010970250753036,0.8114213747452639,0.18160085161291928,treatment,0.2,0.5,0.7222222222222222
1072,6,41,0.6655466869296495,0.18301409391424778,0.8217664794932457,treatment,0.2,0.5,0.5
1073,6,41,0.3010970250753036,0.8138341517154728,0.17855686563869413,treatment,0.2,0.5,0.6851851851851852
1074,6,42,0.6655466869296495,0.1836279469481768,0.8213090344705443,treatment,0.2,0.5,0.5
1075,6,42,0.3010970250753036,0.8143350187010584,0.1786058358856048,treatment,0.2,0.5,0.6851851851851852
1076,6,43,0.6655466869296495,0.18393008302032202,0.8209877158777615,treatment,0.2,0.5,0.5
1077,6,43,0.3010970250753036,0.814884070513397,0.17835101038310278,treatment,0.2,0.5,0.6851851851851852
1078,6,44,0.6655466869296495,0.1799077725903385,0.8200867697158373,treatment,0.2,0.5,0.5434782608695652
1079,6,44,0.3010970250753036,0.810596717768824,0.17776852920662417,treatment,0.2,0.5,0.6666666666666666
1080,6,45,0.6655466869296495,0.18129527055243808,0.8217269104154468,treatment,0.2,0.5,0.5
1081,6,45,0.3010970250753036,0.8135317882315128,0.1782640541412486,treatment,0.2,0.5,0.6666666666666666
1082,6,46,0.6655466869296495,0.1819967427314406,0.8211706969412169,treatment,0.2,0.5,0.5
1083,6,46,0.3010970250753036,0.8133802868393666,0.1786049093230107,treatment,0.2,0.5,0.6666666666666666
1084,6,47,0.6655466869296495,0.18360067399250476,0.8207975477025005,treatment,0.2,0.5,0.5
1085,6,47,0.3010970250753036,0.8143948520916082,0.1793021070585348,treatment,0.2,0.5,0.6851851851851852
1086,6,48,0.6655466869296495,0.1824869951817113,0.8201383388257498,treatment,0.2,0.5,0.5217391304347826
1087,6,48,0.3010970250753036,0.8132142694920493,0.17868345487630397,treatment,0.2,0.5,0.6851851851851852
1088,6,49,0.6655466869296495,0.18225509306808216,0.8208827239391643,treatment,0.2,0.5,0.5
1089,6,49,0.3010970250753036,0.8142543127640658,0.17810369841452683,treatment,0.2,0.5,0.6666666666666666
1090,6,50,0.6655466869296495,0.1826588444853339,0.820519270221313,treatment,0.2,0.5,0.5
1091,6,50,0.3010970250753036,0.8139467957603036,0.17851769977026968,treatment,0.2,0.5,0.6666666666666666
1092,6,51,0.6655466869296495,0.18414412951002235,0.8202634856621358,treatment,0.2,0.5,0.5
1093,6,51,0.3010970250753036,0.8147892846505974,0.1794162833602908,treatment,0.2,0.5,0.6851851851851852
1094,6,52,0.6655466869296495,0.18136034209086038,0.8194492081561483,treatment,0.2,0.5,0.5434782608695652
1095,6,52,0.3010970250753036,0.8117969987710881,0.17892582541392096,treatment,0.2,0.5,0.6851851851851852
1096,6,53,0.6655466869296495,0.18208847320842078,0.8178941503177368,treatment,0.2,0.5,0.5217391304347826
1097,6,53,0.3010970250753036,0.8125562946164124,0.17812046877303317,treatment,0.2,0.5,0.6666666666666666
1098,6,54,0.6655466869296495,0.181529205496302,0.8174251404666663,treatment,0.2,0.5,0.5217391304347826
1099,6,54,0.3010970250753036,0.8118651700530727,0.17849973192874338,treatment,0.2,0.5,0.6666666666666666
1100,6,55,0.6655466869296495,0.18277195723391393,0.8182406851925957,treatment,0.2,0.5,0.5
1101,6,55,0.3010970250753036,0.8137739399745167,0.17876416645059298,treatment,0.2,0.5,0.6666666666666666
1102,6,56,0.6655466869296495,0.1832158644789231,0.817319103948167,treatment,0.2,0.5,0.5217391304347826
1103,6,56,0.3010970250753036,0.8130264623586837,0.17923533640846526,treatment,0.2,0.5,0.6851851851851852
1104,6,57,0.6655466869296495,0.18324658330381047,0.817897835712995,treatment,0.2,0.5,0.5
1105,6,57,0.3010970250753036,0.814229189155929,0.17849294899591084,treatment,0.2,0.5,0.6666666666666666
1106,6,58,0.6655466869296495,0.18382270069969395,0.8174265306288259,treatment,0.2,0.5,0.5
1107,6,58,0.3010970250753036,0.8140124774829858,0.17880154400055528,treatment,0.2,0.5,0.6666666666666666
1108,6,59,0.6655466869296495,0.1825965921804263,0.8168249998756099,treatment,0.2,0.5,0.5217391304347826
1109,6,59,0.3010970250753036,0.8120496231333282,0.17901359896520652,treatment,0.2,0.5,0.6666666666666666
1110,6,60,0.6655466869296495,0.18211098266248804,0.8171175240688319,treatment,0.2,0.5,0.5217391304347826
1111,6,60,0.3010970250753036,0.8119129511520486,0.17916646519037835,treatment,0.2,0.5,0.6666666666666666
1112,6,61,0.6655466869296495,0.1832059127419022,0.817667818935431,treatment,0.2,0.5,0.5
1113,6,61,0.3010970250753036,0.8135705994719745,0.17928291954545017,treatment,0.2,0.5,0.6666666666666666
1114,6,62,0.6655466869296495,0.18380598913979523,0.8171875498051236,treatment,0.2,0.5,0.5
1115,6,62,0.3010970250753036,0.8135698036745763,0.1793750492781059,treatment,0.2,0.5,0.6666666666666666
1116,6,63,0.6655466869296495,0.1841894612950467,0.8168599385458972,treatment,0.2,0.5,0.5
1117,6,63,0.3010970250753036,0.8135639333051942,0.17944994017324858,treatment,0.2,0.5,0.6666666666666666
1118,6,64,0.6655466869296495,0.18530671454287923,0.8162122861463925,treatment,0.2,0.5,0.5217391304347826
1119,6,64,0.3010970250753036,0.8139931200294844,0.18016452155879004,treatment,0.2,0.5,0.7037037037037037
1120,6,65,0.6655466869296495,0.17871822722245462,0.8156037584082994,treatment,0.2,0.5,0.5652173913043478
1121,6,65,0.3010970250753036,0.8092912709326562,0.17833471542830143,treatment,0.2,0.5,0.6666666666666666
1122,6,66,0.6655466869296495,0.1793872315648905,0.8181227674749249,treatment,0.2,0.5,0.5217391304347826
1123,6,66,0.3010970250753036,0.8123163209087094,0.17874058072491242,treatment,0.2,0.5,0.6666666666666666
1124,6,67,0.6655466869296495,0.18120939991448795,0.8183638844903223,treatment,0.2,0.5,0.5
1125,6,67,0.3010970250753036,0.813925243441792,0.17900519246110727,treatment,0.2,0.5,0.6666666666666666
1126,6,68,0.6655466869296495,0.18084228950850206,0.8172676071858977,treatment,0.2,0.5,0.5217391304347826
1127,6,68,0.3010970250753036,0.812075395444485,0.17918482906509278,treatment,0.2,0.5,0.6666666666666666
1128,6,69,0.6655466869296495,0.18210835681531973,0.817748757143898,treatment,0.2,0.5,0.5
1129,6,69,0.3010970250753036,0.8137034062703766,0.17931517792160584,treatment,0.2,0.5,0.6666666666666666
1130,6,70,0.6655466869296495,0.18405809770125103,0.817213599189631,treatment,0.2,0.5,0.5
1131,6,70,0.3010970250753036,0.8148322284066777,0.17984105255065275,treatment,0.2,0.5,0.6851851851851852
1132,6,71,0.6655466869296495,0.18345220620490496,0.8168397819554347,treatment,0.2,0.5,0.5
1133,6,71,0.3010970250753036,0.8144318143377886,0.1788505848077912,treatment,0.2,0.5,0.6666666666666666
1134,6,72,0.6655466869296495,0.18471189477794306,0.8161401638901115,treatment,0.2,0.5,0.5217391304347826
1135,6,72,0.3010970250753036,0.814609984346416,0.1798988627527047,treatment,0.2,0.5,0.7037037037037037
1136,6,73,0.6655466869296495,0.18184404635366025,0.8165615347973474,treatment,0.2,0.5,0.5217391304347826
1137,6,73,0.3010970250753036,0.8135454542566373,0.17806974426003683,treatment,0.2,0.5,0.6666666666666666
1138,6,74,0.6655466869296495,0.18293109922098907,0.8171617528049504,treatment,0.2,0.5,0.5
1139,6,74,0.3010970250753036,0.8148641866878256,0.17852555588717933,treatment,0.2,0.5,0.6666666666666666
1140,6,75,0.6655466869296495,0.18479971932033265,0.8166910966666308,treatment,0.2,0.5,0.5
1141,6,75,0.3010970250753036,0.8156657408996066,0.1794643314989574,treatment,0.2,0.5,0.6851851851851852
1142,6,76,0.6655466869296495,0.18260335563356703,0.8159712005107604,treatment,0.2,0.5,0.5217391304347826
1143,6,76,0.3010970250753036,0.813355358068245,0.17846345687780182,treatment,0.2,0.5,0.6666666666666666
1144,6,77,0.6655466869296495,0.18298026980569204,0.8164060822821864,treatment,0.2,0.5,0.5217391304347826
1145,6,77,0.3010970250753036,0.81494954582423,0.17924932778097935,treatment,0.2,0.5,0.6851851851851852
1146,6,78,0.6655466869296495,0.18177668697495028,0.8170491267620313,treatment,0.2,0.5,0.5
1147,6,78,0.3010970250753036,0.8159995758906287,0.17736335016685334,treatment,0.2,0.5,0.6481481481481481
1148,6,79,0.6655466869296495,0.18230995504338496,0.8165746938620413,treatment,0.2,0.5,0.5
1149,6,79,0.3010970250753036,0.8156250703483907,0.177837452349198,treatment,0.2,0.5,0.6481481481481481
1150,6,80,0.6655466869296495,0.18242549181140355,0.8158533094243283,treatment,0.2,0.5,0.5217391304347826
1151,6,80,0.3010970250753036,0.8146780310360741,0.17845679083276408,treatment,0.2,0.5,0.6666666666666666
1152,6,81,0.6655466869296495,0.18188750128467723,0.816282926690899,treatment,0.2,0.5,0.5217391304347826
1153,6,81,0.3010970250753036,0.8148731465619475,0.17843656871168476,treatment,0.2,0.5,0.6666666666666666
1154,6,82,0.6655466869296495,0.18168232354626437,0.8168710848807758,treatment,0.2,0.5,0.5
1155,6,82,0.3010970250753036,0.8159917152361703,0.1774988657665275,treatment,0.2,0.5,0.6481481481481481
1156,6,83,0.6655466869296495,0.1822361492800109,0.8163935440591708,treatment,0.2,0.5,0.5
1157,6,83,0.3010970250753036,0.8156639801392537,0.17786438062186335,treatment,0.2,0.5,0.6481481481481481
1158,6,84,0.6655466869296495,0.18121234853400794,0.815676565818263,treatment,0.2,0.5,0.5217391304347826
1159,6,84,0.3010970250753036,0.8136392352144622,0.17811726645294698,treatment,0.2,0.5,0.6481481481481481
1160,6,85,0.6655466869296495,0.1832717515204061,0.8163922832953332,treatment,0.2,0.5,0.5
1161,6,85,0.3010970250753036,0.8163246409895123,0.178735647410219,treatment,0.2,0.5,0.6666666666666666
1162,6,86,0.6655466869296495,0.18386040193103764,0.8160150002692359,treatment,0.2,0.5,0.5
1163,6,86,0.3010970250753036,0.8168865846537009,0.1784325987685847,treatment,0.2,0.5,0.6666666666666666
1164,6,87,0.6655466869296495,0.1844721395588816,0.8157543633030216,treatment,0.2,0.5,0.5
1165,6,87,0.3010970250753036,0.8162651319100204,0.1785798675458642,treatment,0.2,0.5,0.6666666666666666
1166,6,88,0.6655466869296495,0.18291767977447404,0.8151690001132654,treatment,0.2,0.5,0.5217391304347826
1167,6,88,0.3010970250753036,0.8151997216916442,0.17765908584993806,treatment,0.2,0.5,0.6666666666666666
1168,6,89,0.6655466869296495,0.18043016892707145,0.815438896335826,treatment,0.2,0.5,0.5434782608695652
1169,6,89,0.3010970250753036,0.8137663685602441,0.17746788055222157,treatment,0.2,0.5,0.6666666666666666
1170,6,90,0.6655466869296495,0.18091829273281154,0.817024212357784,treatment,0.2,0.5,0.5
1171,6,90,0.3010970250753036,0.8164086066031246,0.17689472783422192,treatment,0.2,0.5,0.6481481481481481
1172,6,91,0.6655466869296495,0.18172627513491255,0.8163933716293468,treatment,0.2,0.5,0.5
1173,6,91,0.3010970250753036,0.816042293573655,0.17736217847068406,treatment,0.2,0.5,0.6481481481481481
1174,6,92,0.6655466869296495,0.17906313473766639,0.8151344536333819,treatment,0.2,0.5,0.5434782608695652
1175,6,92,0.3010970250753036,0.8121028044991485,0.17767965152727025,treatment,0.2,0.5,0.6481481481481481
1176,6,93,0.6655466869296495,0.18186195496837598,0.8169087387577083,treatment,0.2,0.5,0.5
1177,6,93,0.3010970250753036,0.8165022121911177,0.17839547611387904,treatment,0.2,0.5,0.6666666666666666
1178,6,94,0.6655466869296495,0.18148923425643046,0.8163320538927173,treatment,0.2,0.5,0.5
1179,6,94,0.3010970250753036,0.8160343487376034,0.1774431289337376,treatment,0.2,0.5,0.6481481481481481
1180,6,95,0.6655466869296495,0.18197349907482466,0.8159417106423328,treatment,0.2,0.5,0.5
1181,6,95,0.3010970250753036,0.8157553788492626,0.1777397371965536,treatment,0.2,0.5,0.6481481481481481
1182,6,96,0.6655466869296495,0.182107969102294,0.8152744503086491,treatment,0.2,0.5,0.5217391304347826
1183,6,96,0.3010970250753036,0.81585191214176,0.1783008885683913,treatment,0.2,0.5,0.6666666666666666
1184,6,97,0.6655466869296495,0.177133442059483,0.815187773450526,treatment,0.2,0.5,0.5434782608695652
1185,6,97,0.3010970250753036,0.8129390079747248,0.17644112225997774,treatment,0.2,0.5,0.6296296296296297
1186,6,98,0.6655466869296495,0.17428102298810247,0.8169594855216732,treatment,0.2,0.5,0.5
1187,6,98,0.3010970250753036,0.8149686972467698,0.16546228951836806,treatment,0.2,0.5,0.5740740740740741
1188,6,99,0.6655466869296495,0.1791392012242655,0.8163407883037581,treatment,0.2,0.5,0.5
1189,6,99,0.3010970250753036,0.8158968557675507,0.16918350377889352,treatment,0.2,0.5,0.6296296296296297
1190,7,1,0.67705161964299,0.2370417182411552,0.7827672300158524,treatment,0.2,0.5,0.7142857142857143
1191,7,1,0.33981706474174944,0.7533035773694282,0.2656037372457077,treatment,0.2,0.5,0.7843137254901961
1192,7,2,0.67705161964299,0.2201187542754945,0.8120479495332826,treatment,0.2,0.5,0.6326530612244898
1193,7,2,0.33981706474174944,0.7708464698754156,0.24333711005737135,treatment,0.2,0.5,0.8431372549019608
1194,7,3,0.67705161964299,0.2169795456543724,0.8275818921348965,treatment,0.2,0.5,0.5510204081632653
1195,7,3,0.33981706474174944,0.7826636467142236,0.23981095403798414,treatment,0.2,0.5,0.803921568627451
1196,7,4,0.67705161964299,0.21773171885638845,0.8378334545151142,treatment,0.2,0.5,0.4897959183673469
1197,7,4,0.33981706474174944,0.7636447828354327,0.20578896329007126,treatment,0.2,0.5,0.7450980392156863
1198,7,5,0.67705161964299,0.2140383540024526,0.8349898116555584,treatment,0.2,0.5,0.5714285714285714
1199,7,5,0.33981706474174944,0.7830614444333817,0.20838834619592325,treatment,0.2,0.5,0.7058823529411765
1200,7,6,0.67705161964299,0.20617838495459398,0.8358179456431335,treatment,0.2,0.5,0.5918367346938775
1201,7,6,0.33981706474174944,0.7832087915107979,0.20535125630110163,treatment,0.2,0.5,0.6274509803921569
1202,7,7,0.67705161964299,0.213182816995108,0.8376187058541347,treatment,0.2,0.5,0.5510204081632653
1203,7,7,0.33981706474174944,0.7879382798496222,0.210644911611337,treatment,0.2,0.5,0.7058823529411765
1204,7,8,0.67705161964299,0.2143027987295735,0.8402220608222345,treatment,0.2,0.5,0.5102040816326531
1205,7,8,0.33981706474174944,0.7753603347390335,0.21098219286651723,treatment,0.2,0.5,0.7254901960784313
1206,7,9,0.67705161964299,0.2155396226192557,0.8383542999856288,treatment,0.2,0.5,0.5510204081632653
1207,7,9,0.33981706474174944,0.7913662271986814,0.20875307722778483,treatment,0.2,0.5,0.7647058823529411
1208,7,10,0.67705161964299,0.20754478733613213,0.8391000228916767,treatment,0.2,0.5,0.5510204081632653
1209,7,10,0.33981706474174944,0.7682704458292371,0.20533605931632315,treatment,0.2,0.5,0.6274509803921569
1210,7,11,0.67705161964299,0.2096533815802468,0.83944251597536,treatment,0.2,0.5,0.5510204081632653
1211,7,11,0.33981706474174944,0.7917563088389626,0.20966277131127548,treatment,0.2,0.5,0.6666666666666666
1212,7,12,0.67705161964299,0.21174541053938126,0.8420904121612623,treatment,0.2,0.5,0.4897959183673469
1213,7,12,0.33981706474174944,0.7751069565034081,0.20852339008313792,treatment,0.2,0.5,0.6470588235294118
1214,7,13,0.67705161964299,0.21141328509274895,0.8386623354709847,treatment,0.2,0.5,0.5510204081632653
1215,7,13,0.33981706474174944,0.7943541229860156,0.21090936603157057,treatment,0.2,0.5,0.6666666666666666
1216,7,14,0.67705161964299,0.21500870737033276,0.841590075092979,treatment,0.2,0.5,0.4897959183673469
1217,7,14,0.33981706474174944,0.7953408198456633,0.2114695462220658,treatment,0.2,0.5,0.7058823529411765
1218,7,15,0.67705161964299,0.21001462096989765,0.8366948621473933,treatment,0.2,0.5,0.6122448979591837
1219,7,15,0.33981706474174944,0.8038408760668364,0.20859015250048937,treatment,0.2,0.5,0.7254901960784313
1220,7,16,0.67705161964299,0.20376521154918845,0.8387009425875213,treatment,0.2,0.5,0.5714285714285714
1221,7,16,0.33981706474174944,0.8072133690448716,0.20466382487722257,treatment,0.2,0.5,0.6078431372549019
1222,7,17,0.67705161964299,0.20545929841042646,0.8384204635692347,treatment,0.2,0.5,0.5714285714285714
1223,7,17,0.33981706474174944,0.8063456351269196,0.20870431678217008,treatment,0.2,0.5,0.6274509803921569
1224,7,18,0.67705161964299,0.20356322035409158,0.8389946431923078,treatment,0.2,0.5,0.5510204081632653
1225,7,18,0.33981706474174944,0.8077688717659331,0.2071425983922428,treatment,0.2,0.5,0.5882352941176471
1226,7,19,0.67705161964299,0.2065210419726686,0.841741846403498,treatment,0.2,0.5,0.4897959183673469
1227,7,19,0.33981706474174944,0.783240570644892,0.20809762100098028,treatment,0.2,0.5,0.5882352941176471
1228,7,20,0.67705161964299,0.20340224839706567,0.8369873679790732,treatment,0.2,0.5,0.6122448979591837
1229,7,20,0.33981706474174944,0.803728177037384,0.2113959433484895,treatment,0.2,0.5,0.6274509803921569
1230,7,21,0.67705161964299,0.20853738470848432,0.8394914507624381,treatment,0.2,0.5,0.5510204081632653
1231,7,21,0.33981706474174944,0.8160756996109575,0.21327406979613717,treatment,0.2,0.5,0.7058823529411765
1232,7,22,0.67705161964299,0.21189308923182681,0.8420425888461854,treatment,0.2,0.5,0.4897959183673469
1233,7,22,0.33981706474174944,0.7917042447577536,0.2129689331041969,treatment,0.2,0.5,0.6666666666666666
1234,7,23,0.67705161964299,0.21059560673653582,0.8385405063540561,treatment,0.2,0.5,0.5510204081632653
1235,7,23,0.33981706474174944,0.8171251714005562,0.2118398528979869,treatment,0.2,0.5,0.7058823529411765
1236,7,24,0.67705161964299,0.21210756119653035,0.8392982286053695,treatment,0.2,0.5,0.5510204081632653
1237,7,24,0.33981706474174944,0.7826113901658671,0.2095997251833171,treatment,0.2,0.5,0.7450980392156863
1238,7,25,0.67705161964299,0.201766889850022,0.8389883682702249,treatment,0.2,0.5,0.5714285714285714
1239,7,25,0.33981706474174944,0.8092341754598126,0.20504615770544457,treatment,0.2,0.5,0.5882352941176471
1240,7,26,0.67705161964299,0.20515577950503294,0.8392400245812994,treatment,0.2,0.5,0.5510204081632653
1241,7,26,0.33981706474174944,0.8104143299293491,0.20871033979078646,treatment,0.2,0.5,0.6078431372549019
1242,7,27,0.67705161964299,0.20509367789469096,0.8418132147622511,treatment,0.2,0.5,0.4897959183673469
1243,7,27,0.33981706474174944,0.7856631898096914,0.2069900165611692,treatment,0.2,0.5,0.5686274509803921
1244,7,28,0.67705161964299,0.20535542661454392,0.8383456224542735,treatment,0.2,0.5,0.5510204081632653
1245,7,28,0.33981706474174944,0.8126837819809821,0.20935842328785964,treatment,0.2,0.5,0.6078431372549019
1246,7,29,0.67705161964299,0.20907851660803967,0.8411524369108,treatment,0.2,0.5,0.4897959183673469
1247,7,29,0.33981706474174944,0.7873966168702625,0.21091731760784974,treatment,0.2,0.5,0.6078431372549019
1248,7,30,0.67705161964299,0.2058948356185818,0.83697554401071,treatment,0.2,0.5,0.5918367346938775
1249,7,30,0.33981706474174944,0.814708993588496,0.21256285786996312,treatment,0.2,0.5,0.6666666666666666
1250,7,31,0.67705161964299,0.2063580835330759,0.838020528802184,treatment,0.2,0.5,0.5714285714285714
1251,7,31,0.33981706474174944,0.8154629691807948,0.2136091621584467,treatment,0.2,0.5,0.6470588235294118
1252,7,32,0.67705161964299,0.204320162812996,0.8373020228676731,treatment,0.2,0.5,0.5918367346938775
1253,7,32,0.33981706474174944,0.8156276170338281,0.2130411536091924,treatment,0.2,0.5,0.6666666666666666
1254,7,33,0.67705161964299,0.20549321850994043,0.838934768164143,treatment,0.2,0.5,0.5510204081632653
1255,7,33,0.33981706474174944,0.8166910836471944,0.21292746570442364,treatment,0.2,0.5,0.6274509803921569
1256,7,34,0.67705161964299,0.2107819509710033,0.8414832067383914,treatment,0.2,0.5,0.4897959183673469
1257,7,34,0.33981706474174944,0.7946250195487434,0.21306637339540488,treatment,0.2,0.5,0.6862745098039216
1258,7,35,0.67705161964299,0.20914705350808116,0.8371202801861107,treatment,0.2,0.5,0.5918367346938775
1259,7,35,0.33981706474174944,0.8107394453940472,0.210771267842467,treatment,0.2,0.5,0.7254901960784313
1260,7,36,0.67705161964299,0.20181050297010972,0.8380451722477337,treatment,0.2,0.5,0.5714285714285714
1261,7,36,0.33981706474174944,0.8118947100982757,0.20653618067719093,treatment,0.2,0.5,0.5882352941176471
1262,7,37,0.67705161964299,0.20515871210753392,0.8384137439478173,treatment,0.2,0.5,0.5510204081632653
1263,7,37,0.33981706474174944,0.812460502760445,0.20993220337662985,treatment,0.2,0.5,0.6078431372549019
1264,7,38,0.67705161964299,0.20507863347169641,0.8410250125593601,treatment,0.2,0.5,0.4897959183673469
1265,7,38,0.33981706474174944,0.787549029236689,0.20806873139813775,treatment,0.2,0.5,0.5686274509803921
1266,7,39,0.67705161964299,0.2044643270927288,0.8376039722261148,treatment,0.2,0.5,0.5510204081632653
1267,7,39,0.33981706474174944,0.8131230472293225,0.20974871126408573,treatment,0.2,0.5,0.5882352941176471
1268,7,40,0.67705161964299,0.20500639519045194,0.8397018750128324,treatment,0.2,0.5,0.5102040816326531
1269,7,40,0.33981706474174944,0.7876014723166175,0.2097382475212978,treatment,0.2,0.5,0.5882352941176471
1270,7,41,0.67705161964299,0.20559160264213697,0.8369364787816803,treatment,0.2,0.5,0.5918367346938775
1271,7,41,0.33981706474174944,0.8160296561848901,0.21304321057928943,treatment,0.2,0.5,0.6862745098039216
1272,7,42,0.67705161964299,0.2012015368622588,0.8377853468736051,treatment,0.2,0.5,0.5714285714285714
1273,7,42,0.33981706474174944,0.8157529916529613,0.20979343634446007,treatment,0.2,0.5,0.5882352941176471
1274,7,43,0.67705161964299,0.20660161054762455,0.8381273131622725,treatment,0.2,0.5,0.5510204081632653
1275,7,43,0.33981706474174944,0.8199547857888441,0.21312170848565787,treatment,0.2,0.5,0.6666666666666666
1276,7,44,0.67705161964299,0.21126235509995467,0.8407128115669892,treatment,0.2,0.5,0.4897959183673469
1277,7,44,0.33981706474174944,0.7915878210116082,0.20897280837282217,treatment,0.2,0.5,0.6862745098039216
1278,7,45,0.67705161964299,0.20313970476800922,0.8372866081567578,treatment,0.2,0.5,0.5510204081632653
1279,7,45,0.33981706474174944,0.8147800470614976,0.20599570218941796,treatment,0.2,0.5,0.5686274509803921
1280,7,46,0.67705161964299,0.20244255234670255,0.8388241414459434,treatment,0.2,0.5,0.5306122448979592
1281,7,46,0.33981706474174944,0.7859334827618877,0.20754551864030413,treatment,0.2,0.5,0.5686274509803921
1282,7,47,0.67705161964299,0.2008998237393946,0.8373429416576953,treatment,0.2,0.5,0.5714285714285714
1283,7,47,0.33981706474174944,0.8130181992024381,0.20926943846864304,treatment,0.2,0.5,0.5882352941176471
1284,7,48,0.67705161964299,0.19934851208398616,0.8368094155528476,treatment,0.2,0.5,0.5918367346938775
1285,7,48,0.33981706474174944,0.8119010520141433,0.20984341824627226,treatment,0.2,0.5,0.5882352941176471
1286,7,49,0.67705161964299,0.20131811500114627,0.8382624018908194,treatment,0.2,0.5,0.5510204081632653
1287,7,49,0.33981706474174944,0.8150263362149417,0.21006666315064124,treatment,0.2,0.5,0.5882352941176471
1288,7,50,0.67705161964299,0.20585997149965024,0.8407494331550917,treatment,0.2,0.5,0.4897959183673469
1289,7,50,0.33981706474174944,0.7913914579103423,0.2112980306978791,treatment,0.2,0.5,0.6078431372549019
1290,7,51,0.67705161964299,0.2079443281777518,0.8372283385073314,treatment,0.2,0.5,0.5510204081632653
1291,7,51,0.33981706474174944,0.8206714811020264,0.21356930515840467,treatment,0.2,0.5,0.6862745098039216
1292,7,52,0.67705161964299,0.20342149364923756,0.8393734422878536,treatment,0.2,0.5,0.5102040816326531
1293,7,52,0.33981706474174944,0.7917436737060908,0.2095790196838734,treatment,0.2,0.5,0.5686274509803921
1294,7,53,0.67705161964299,0.20156278265255217,0.8368510340970383,treatment,0.2,0.5,0.5714285714285714
1295,7,53,0.33981706474174944,0.8160769146009919,0.21130979152081675,treatment,0.2,0.5,0.5882352941176471
1296,7,54,0.67705161964299,0.20517683608472956,0.8368041318621333,treatment,0.2,0.5,0.5714285714285714
1297,7,54,0.33981706474174944,0.8190913439263224,0.21400612908543487,treatment,0.2,0.5,0.6666666666666666
1298,7,55,0.67705161964299,0.20133278053552361,0.8372996260189566,treatment,0.2,0.5,0.5510204081632653
1299,7,55,0.33981706474174944,0.8177629508681791,0.21029606777138535,treatment,0.2,0.5,0.5686274509803921
1300,7,56,0.67705161964299,0.20572793433630135,0.839209529031765,treatment,0.2,0.5,0.5102040816326531
1301,7,56,0.33981706474174944,0.7909667432588393,0.21301002829395113,treatment,0.2,0.5,0.6078431372549019
1302,7,57,0.67705161964299,0.20774161288500456,0.837189508472492,treatment,0.2,0.5,0.5510204081632653
1303,7,57,0.33981706474174944,0.822018723040021,0.21486867114249586,treatment,0.2,0.5,0.6862745098039216
1304,7,58,0.67705161964299,0.2033955984846757,0.839209840894197,treatment,0.2,0.5,0.5102040816326531
1305,7,58,0.33981706474174944,0.7927045742291047,0.2104807340127735,treatment,0.2,0.5,0.5686274509803921
1306,7,59,0.67705161964299,0.20003741559891386,0.8366179308868213,treatment,0.2,0.5,0.5714285714285714
1307,7,59,0.33981706474174944,0.8157995085104153,0.21116535861428948,treatment,0.2,0.5,0.5686274509803921
1308,7,60,0.67705161964299,0.20699052690718747,0.8365476571019178,treatment,0.2,0.5,0.5714285714285714
1309,7,60,0.33981706474174944,0.8209871667210797,0.21610605808100058,treatment,0.2,0.5,0.7058823529411765
1310,7,61,0.67705161964299,0.20171597085671347,0.8370282837396305,treatment,0.2,0.5,0.5510204081632653
1311,7,61,0.33981706474174944,0.8199484406081172,0.21105309264038774,treatment,0.2,0.5,0.5686274509803921
1312,7,62,0.67705161964299,0.2093289195339113,0.8396419191364354,treatment,0.2,0.5,0.4897959183673469
1313,7,62,0.33981706474174944,0.7989443524713553,0.2148538379293233,treatment,0.2,0.5,0.6666666666666666
1314,7,63,0.67705161964299,0.20739824796218898,0.8356727774401135,treatment,0.2,0.5,0.5714285714285714
1315,7,63,0.33981706474174944,0.8149855106899901,0.2096364265111908,treatment,0.2,0.5,0.6862745098039216
1316,7,64,0.67705161964299,0.19402855891791465,0.8340261488679327,treatment,0.2,0.5,0.6326530612244898
1317,7,64,0.33981706474174944,0.8086411769490408,0.20607409950941377,treatment,0.2,0.5,0.5490196078431373
1318,7,65,0.67705161964299,0.19662021298187615,0.8378385009140464,treatment,0.2,0.5,0.5510204081632653
1319,7,65,0.33981706474174944,0.8135703363452523,0.20773786473366077,treatment,0.2,0.5,0.5490196078431373
1320,7,66,0.67705161964299,0.2030105090377579,0.8395188785608776,treatment,0.2,0.5,0.5102040816326531
1321,7,66,0.33981706474174944,0.7905288471173765,0.21149594337150002,treatment,0.2,0.5,0.6078431372549019
1322,7,67,0.67705161964299,0.19819629816909617,0.8372289663649609,treatment,0.2,0.5,0.5510204081632653
1323,7,67,0.33981706474174944,0.8157373619195338,0.20873628572079272,treatment,0.2,0.5,0.5490196078431373
1324,7,68,0.67705161964299,0.2011971947510574,0.8398152052224573,treatment,0.2,0.5,0.4897959183673469
1325,7,68,0.33981706474174944,0.7908148752172108,0.20940306063797684,treatment,0.2,0.5,0.5490196078431373
1326,7,69,0.67705161964299,0.1994147946664024,0.8363856147651284,treatment,0.2,0.5,0.5510204081632653
1327,7,69,0.33981706474174944,0.8151053744435623,0.20988015257722809,treatment,0.2,0.5,0.5490196078431373
1328,7,70,0.67705161964299,0.20283540744618342,0.8385620801527168,treatment,0.2,0.5,0.5102040816326531
1329,7,70,0.33981706474174944,0.7911024185260408,0.21094447595707636,treatment,0.2,0.5,0.5882352941176471
1330,7,71,0.67705161964299,0.20781096557910048,0.836527403359553,treatment,0.2,0.5,0.5510204081632653
1331,7,71,0.33981706474174944,0.8228402133072029,0.21474440115734472,treatment,0.2,0.5,0.7058823529411765
1332,7,72,0.67705161964299,0.2015121722828861,0.8379026014517204,treatment,0.2,0.5,0.5306122448979592
1333,7,72,0.33981706474174944,0.7926829396616445,0.20988254212539317,treatment,0.2,0.5,0.5686274509803921
1334,7,73,0.67705161964299,0.20306250753451194,0.8365015242640438,treatment,0.2,0.5,0.5714285714285714
1335,7,73,0.33981706474174944,0.8208891144050964,0.2135007507023012,treatment,0.2,0.5,0.6470588235294118
1336,7,74,0.67705161964299,0.1989024134254962,0.8368700140943388,treatment,0.2,0.5,0.5510204081632653
1337,7,74,0.33981706474174944,0.8196283227246532,0.20963539291919303,treatment,0.2,0.5,0.5490196078431373
1338,7,75,0.67705161964299,0.2018147790223861,0.8394342886933561,treatment,0.2,0.5,0.4897959183673469
1339,7,75,0.33981706474174944,0.7937191243539914,0.21031915537001472,treatment,0.2,0.5,0.5490196078431373
1340,7,76,0.67705161964299,0.20520715067586745,0.8355435181248047,treatment,0.2,0.5,0.5714285714285714
1341,7,76,0.33981706474174944,0.8211417077850193,0.21535182576501818,treatment,0.2,0.5,0.6666666666666666
1342,7,77,0.67705161964299,0.1996369025764372,0.8361438933448708,treatment,0.2,0.5,0.5510204081632653
1343,7,77,0.33981706474174944,0.8197033398768605,0.21020695875577042,treatment,0.2,0.5,0.5490196078431373
1344,7,78,0.67705161964299,0.20608315634519853,0.838834764357469,treatment,0.2,0.5,0.4897959183673469
1345,7,78,0.33981706474174944,0.7979021367332734,0.2133801129409893,treatment,0.2,0.5,0.6078431372549019
1346,7,79,0.67705161964299,0.20528987746417354,0.834501690549222,treatment,0.2,0.5,0.5918367346938775
1347,7,79,0.33981706474174944,0.8194398092949412,0.2139089884842231,treatment,0.2,0.5,0.6862745098039216
1348,7,80,0.67705161964299,0.19607133097547882,0.8352795008865458,treatment,0.2,0.5,0.5918367346938775
1349,7,80,0.33981706474174944,0.816067457214665,0.2089985851389371,treatment,0.2,0.5,0.5490196078431373
1350,7,81,0.67705161964299,0.19783054408982467,0.836758847697907,treatment,0.2,0.5,0.5510204081632653
1351,7,81,0.33981706474174944,0.8174933275996134,0.20995314787384614,treatment,0.2,0.5,0.5490196078431373
1352,7,82,0.67705161964299,0.20498347149643575,0.8386500462721798,treatment,0.2,0.5,0.5102040816326531
1353,7,82,0.33981706474174944,0.7967491114146966,0.21427410407414008,treatment,0.2,0.5,0.6470588235294118
1354,7,83,0.67705161964299,0.20482882875178846,0.8363574685479365,treatment,0.2,0.5,0.5510204081632653
1355,7,83,0.33981706474174944,0.8181378983690867,0.20966785572026883,treatment,0.2,0.5,0.6470588235294118
1356,7,84,0.67705161964299,0.2027831496629984,0.8389515638007415,treatment,0.2,0.5,0.4897959183673469
1357,7,84,0.33981706474174944,0.794124042972424,0.20716710427573595,treatment,0.2,0.5,0.5490196078431373
1358,7,85,0.67705161964299,0.19884205186061368,0.8355774714781543,treatment,0.2,0.5,0.5510204081632653
1359,7,85,0.33981706474174944,0.8175281866451727,0.2073645963109422,treatment,0.2,0.5,0.5294117647058824
1360,7,86,0.67705161964299,0.20235578516828798,0.8377543774193905,treatment,0.2,0.5,0.5102040816326531
1361,7,86,0.33981706474174944,0.7930866248580968,0.20906721248709303,treatment,0.2,0.5,0.5686274509803921
1362,7,87,0.67705161964299,0.20103230721408505,0.8357951470328843,treatment,0.2,0.5,0.5510204081632653
1363,7,87,0.33981706474174944,0.8187946518649659,0.20957906318964145,treatment,0.2,0.5,0.5686274509803921
1364,7,88,0.67705161964299,0.1961849236507894,0.8365057191341689,treatment,0.2,0.5,0.5510204081632653
1365,7,88,0.33981706474174944,0.7876287886161435,0.20839814854552313,treatment,0.2,0.5,0.5294117647058824
1366,7,89,0.67705161964299,0.19757407727888976,0.8368246336335323,treatment,0.2,0.5,0.5510204081632653
1367,7,89,0.33981706474174944,0.8176973479035905,0.21004849584901977,treatment,0.2,0.5,0.5490196078431373
1368,7,90,0.67705161964299,0.19934054828962075,0.839200909546525,treatment,0.2,0.5,0.4897959183673469
1369,7,90,0.33981706474174944,0.7926054649651271,0.2091961211444538,treatment,0.2,0.5,0.5294117647058824
1370,7,91,0.67705161964299,0.19899836479818256,0.8356785417976358,treatment,0.2,0.5,0.5510204081632653
1371,7,91,0.33981706474174944,0.8180160141905284,0.21051829928347673,treatment,0.2,0.5,0.5490196078431373
1372,7,92,0.67705161964299,0.20221430100774246,0.8368224775696453,treatment,0.2,0.5,0.5102040816326531
1373,7,92,0.33981706474174944,0.792255180651964,0.2118474296906488,treatment,0.2,0.5,0.5686274509803921
1374,7,93,0.67705161964299,0.20482965536108894,0.8355672663785552,treatment,0.2,0.5,0.5510204081632653
1375,7,93,0.33981706474174944,0.8235914578394972,0.21398529167792996,treatment,0.2,0.5,0.6470588235294118
1376,7,94,0.67705161964299,0.20329475800508712,0.837688789907598,treatment,0.2,0.5,0.5102040816326531
1377,7,94,0.33981706474174944,0.7982202452330686,0.21091729558722602,treatment,0.2,0.5,0.5882352941176471
1378,7,95,0.67705161964299,0.19724776355578003,0.8345623280004267,treatment,0.2,0.5,0.5918367346938775
1379,7,95,0.33981706474174944,0.8168571537519232,0.2094554056280942,treatment,0.2,0.5,0.5686274509803921
1380,7,96,0.67705161964299,0.20378095867015286,0.8362359946221011,treatment,0.2,0.5,0.5510204081632653
1381,7,96,0.33981706474174944,0.8244865037402768,0.21341056006054182,treatment,0.2,0.5,0.6470588235294118
1382,7,97,0.67705161964299,0.19709647526982832,0.837361077120786,treatment,0.2,0.5,0.5306122448979592
1383,7,97,0.33981706474174944,0.7927549393554916,0.20850035878750622,treatment,0.2,0.5,0.5294117647058824
1384,7,98,0.67705161964299,0.1959133522145998,0.8364773563646347,treatment,0.2,0.5,0.5510204081632653
1385,7,98,0.33981706474174944,0.8192919942873693,0.2092785174099313,treatment,0.2,0.5,0.5294117647058824
1386,7,99,0.67705161964299,0.20063519119957632,0.838958832174294,treatment,0.2,0.5,0.4897959183673469
1387,7,99,0.33981706474174944,0.7952923066983283,0.21080756288781227,treatment,0.2,0.5,0.5490196078431373
1388,8,1,0.6659562186362744,0.22785987355617687,0.7835162921961708,treatment,0.2,0.5,0.6808510638297872
1389,8,1,0.32204706900315244,0.7546867226831141,0.26725126897275947,treatment,0.2,0.5,0.8301886792452831
1390,8,2,0.6659562186362744,0.1927514041355615,0.8081674063755678,treatment,0.2,0.5,0.574468085106383
1391,8,2,0.32204706900315244,0.7691217695522252,0.2247003909439465,treatment,0.2,0.5,0.6981132075471698
1392,8,3,0.6659562186362744,0.1919918250902053,0.8198003071757962,treatment,0.2,0.5,0.5106382978723404
1393,8,3,0.32204706900315244,0.783248718593058,0.1998873845526391,treatment,0.2,0.5,0.7358490566037735
1394,8,4,0.6659562186362744,0.18758095534791563,0.8228853822707335,treatment,0.2,0.5,0.48936170212765956
1395,8,4,0.32204706900315244,0.7881767084646022,0.19151815775051717,treatment,0.2,0.5,0.6415094339622641
1396,8,5,0.6659562186362744,0.1884168710919901,0.83103338352628,treatment,0.2,0.5,0.44680851063829785
1397,8,5,0.32204706900315244,0.7691887513864897,0.18908685603305747,treatment,0.2,0.5,0.6226415094339622
1398,8,6,0.6659562186362744,0.18844862865718542,0.8291981670301404,treatment,0.2,0.5,0.48936170212765956
1399,8,6,0.32204706900315244,0.792454262767687,0.18992017488007099,treatment,0.2,0.5,0.6415094339622641
1400,8,7,0.6659562186362744,0.18825004377661292,0.8291509968471938,treatment,0.2,0.5,0.5106382978723404
1401,8,7,0.32204706900315244,0.7912345151911586,0.19091348058183114,treatment,0.2,0.5,0.6226415094339622
1402,8,8,0.6659562186362744,0.18957627604660834,0.8310505381883101,treatment,0.2,0.5,0.48936170212765956
1403,8,8,0.32204706900315244,0.7959435549178516,0.19088069905254215,treatment,0.2,0.5,0.6415094339622641
1404,8,9,0.6659562186362744,0.18973042878596008,0.8331742580349253,treatment,0.2,0.5,0.44680851063829785
1405,8,9,0.32204706900315244,0.7741959717020229,0.1894821791291099,treatment,0.2,0.5,0.6037735849056604
1406,8,10,0.6659562186362744,0.19073593799140753,0.8311650344383562,treatment,0.2,0.5,0.48936170212765956
1407,8,10,0.32204706900315244,0.7981380858481986,0.19098803758650706,treatment,0.2,0.5,0.6415094339622641
1408,8,11,0.6659562186362744,0.1897370955455908,0.8322011820965416,treatment,0.2,0.5,0.46808510638297873
1409,8,11,0.32204706900315244,0.7998096153992815,0.18952459731703622,treatment,0.2,0.5,0.6037735849056604
1410,8,12,0.6659562186362744,0.19043474240344152,0.8316451167025559,treatment,0.2,0.5,0.48936170212765956
1411,8,12,0.32204706900315244,0.7744668028069368,0.1909539937046998,treatment,0.2,0.5,0.6415094339622641
1412,8,13,0.6659562186362744,0.18926862228545002,0.8328531295410179,treatment,0.2,0.5,0.46808510638297873
1413,8,13,0.32204706900315244,0.800889708808233,0.18948626057210544,treatment,0.2,0.5,0.6037735849056604
1414,8,14,0.6659562186362744,0.19166325726525615,0.8326535832564287,treatment,0.2,0.5,0.46808510638297873
1415,8,14,0.32204706900315244,0.7774032352130623,0.19088806654119642,treatment,0.2,0.5,0.6415094339622641
1416,8,15,0.6659562186362744,0.19210788497819628,0.8327118258220773,treatment,0.2,0.5,0.46808510638297873
1417,8,15,0.32204706900315244,0.801108167551905,0.190927526765809,treatment,0.2,0.5,0.6415094339622641
1418,8,16,0.6659562186362744,0.1875439964577023,0.8325775619865713,treatment,0.2,0.5,0.46808510638297873
1419,8,16,0.32204706900315244,0.784402724901454,0.18721782139476859,treatment,0.2,0.5,0.5660377358490566
1420,8,17,0.6659562186362744,0.1880966509552922,0.8321220052916076,treatment,0.2,0.5,0.48936170212765956
1421,8,17,0.32204706900315244,0.8115968822929287,0.18909616920565317,treatment,0.2,0.5,0.6037735849056604
1422,8,18,0.6659562186362744,0.18439475212561712,0.8303431231744659,treatment,0.2,0.5,0.5106382978723404
1423,8,18,0.32204706900315244,0.8038117270793632,0.18749577964720973,treatment,0.2,0.5,0.5660377358490566
1424,8,19,0.6659562186362744,0.18967769527716713,0.8323591897010462,treatment,0.2,0.5,0.46808510638297873
1425,8,19,0.32204706900315244,0.8153540585641597,0.190325972270079,treatment,0.2,0.5,0.6226415094339622
1426,8,20,0.6659562186362744,0.18897560687796996,0.8320881102699798,treatment,0.2,0.5,0.46808510638297873
1427,8,20,0.32204706900315244,0.7824953884079119,0.18891758316966442,treatment,0.2,0.5,0.6037735849056604
1428,8,21,0.6659562186362744,0.18684474597662934,0.8320445973081623,treatment,0.2,0.5,0.46808510638297873
1429,8,21,0.32204706900315244,0.8127341076463096,0.18720509865694995,treatment,0.2,0.5,0.5660377358490566
1430,8,22,0.6659562186362744,0.18896008587227422,0.831317011858248,treatment,0.2,0.5,0.48936170212765956
1431,8,22,0.32204706900315244,0.784204075034579,0.18927272736284154,treatment,0.2,0.5,0.6226415094339622
1432,8,23,0.6659562186362744,0.18631645708327446,0.8323867650734789,treatment,0.2,0.5,0.46808510638297873
1433,8,23,0.32204706900315244,0.8152258670977993,0.18666853231670755,treatment,0.2,0.5,0.5660377358490566
1434,8,24,0.6659562186362744,0.18880454807458208,0.8320669440776964,treatment,0.2,0.5,0.46808510638297873
1435,8,24,0.32204706900315244,0.7858290094895621,0.18845454223771818,treatment,0.2,0.5,0.6037735849056604
1436,8,25,0.6659562186362744,0.18913698394463152,0.8320229258195586,treatment,0.2,0.5,0.46808510638297873
1437,8,25,0.32204706900315244,0.8142359275686759,0.18860631512352802,treatment,0.2,0.5,0.6037735849056604
1438,8,26,0.6659562186362744,0.18696527341698685,0.8318043857899858,treatment,0.2,0.5,0.46808510638297873
1439,8,26,0.32204706900315244,0.7836090086485601,0.18694092834200726,treatment,0.2,0.5,0.5660377358490566
1440,8,27,0.6659562186362744,0.18905637621235494,0.831301088845555,treatment,0.2,0.5,0.48936170212765956
1441,8,27,0.32204706900315244,0.8155323579571362,0.18892915263680476,treatment,0.2,0.5,0.6226415094339622
1442,8,28,0.6659562186362744,0.1836536959421019,0.8306600664332605,treatment,0.2,0.5,0.5106382978723404
1443,8,28,0.32204706900315244,0.8124958436669051,0.1862294352135882,treatment,0.2,0.5,0.5660377358490566
1444,8,29,0.6659562186362744,0.18753230392820452,0.832543604148509,treatment,0.2,0.5,0.46808510638297873
1445,8,29,0.32204706900315244,0.817137835940659,0.18800092844172073,treatment,0.2,0.5,0.6037735849056604
1446,8,30,0.6659562186362744,0.18636577085574235,0.8315269303859482,treatment,0.2,0.5,0.48936170212765956
1447,8,30,0.32204706900315244,0.7821653689131023,0.18815731752213713,treatment,0.2,0.5,0.6037735849056604
1448,8,31,0.6659562186362744,0.18493918547773908,0.8327026399087079,treatment,0.2,0.5,0.46808510638297873
1449,8,31,0.32204706900315244,0.8143572671060254,0.18651995367074065,treatment,0.2,0.5,0.5660377358490566
1450,8,32,0.6659562186362744,0.18441257393191166,0.8311310359381815,treatment,0.2,0.5,0.5106382978723404
1451,8,32,0.32204706900315244,0.7824664534159321,0.1882164012667442,treatment,0.2,0.5,0.6037735849056604
1452,8,33,0.6659562186362744,0.18515270834813094,0.833266189988046,treatment,0.2,0.5,0.46808510638297873
1453,8,33,0.32204706900315244,0.8166491972827785,0.18706754998067968,treatment,0.2,0.5,0.5849056603773585
1454,8,34,0.6659562186362744,0.18687151278240574,0.8327264916439346,treatment,0.2,0.5,0.46808510638297873
1455,8,34,0.32204706900315244,0.7871171632164555,0.18749700150207943,treatment,0.2,0.5,0.6037735849056604
1456,8,35,0.6659562186362744,0.18879033689518882,0.8325008849899659,treatment,0.2,0.5,0.46808510638297873
1457,8,35,0.32204706900315244,0.8164150804988257,0.18819149321099882,treatment,0.2,0.5,0.6226415094339622
1458,8,36,0.6659562186362744,0.1856519965865181,0.8321468788445974,treatment,0.2,0.5,0.46808510638297873
1459,8,36,0.32204706900315244,0.7853459631237066,0.18549438509744295,treatment,0.2,0.5,0.5660377358490566
1460,8,37,0.6659562186362744,0.1877958865737878,0.8315456512863201,treatment,0.2,0.5,0.48936170212765956
1461,8,37,0.32204706900315244,0.8170962028614793,0.18766517323660578,treatment,0.2,0.5,0.6226415094339622
1462,8,38,0.6659562186362744,0.1844882680029777,0.8313747152321093,treatment,0.2,0.5,0.48936170212765956
1463,8,38,0.32204706900315244,0.8158507002093599,0.18521302636516454,treatment,0.2,0.5,0.5660377358490566
1464,8,39,0.6659562186362744,0.1884559218146852,0.8330411416781055,treatment,0.2,0.5,0.44680851063829785
1465,8,39,0.32204706900315244,0.7898586251215742,0.18711113808432472,treatment,0.2,0.5,0.6037735849056604
1466,8,40,0.6659562186362744,0.1888660136749145,0.8308521685972189,treatment,0.2,0.5,0.48936170212765956
1467,8,40,0.32204706900315244,0.815151549773894,0.18790930663293617,treatment,0.2,0.5,0.6226415094339622
1468,8,41,0.6659562186362744,0.18625888012308275,0.8316402872647999,treatment,0.2,0.5,0.46808510638297873
1469,8,41,0.32204706900315244,0.8165606335346586,0.18518099217200157,treatment,0.2,0.5,0.5660377358490566
1470,8,42,0.6659562186362744,0.18707410099775817,0.8309326272101762,treatment,0.2,0.5,0.48936170212765956
1471,8,42,0.32204706900315244,0.7860867991726702,0.18703973737550567,treatment,0.2,0.5,0.6037735849056604
1472,8,43,0.6659562186362744,0.18556687426834223,0.8319481413190358,treatment,0.2,0.5,0.46808510638297873
1473,8,43,0.32204706900315244,0.8172384566911103,0.18552178992457793,treatment,0.2,0.5,0.5660377358490566
1474,8,44,0.6659562186362744,0.18787183875715713,0.8295133945561116,treatment,0.2,0.5,0.48936170212765956
1475,8,44,0.32204706900315244,0.7867892453798175,0.18786276580849867,treatment,0.2,0.5,0.6226415094339622
1476,8,45,0.6659562186362744,0.18521467312367068,0.8305336062237848,treatment,0.2,0.5,0.46808510638297873
1477,8,45,0.32204706900315244,0.8178619428743001,0.1851675402982022,treatment,0.2,0.5,0.5660377358490566
1478,8,46,0.6659562186362744,0.1877861675621341,0.8300971426941158,treatment,0.2,0.5,0.46808510638297873
1479,8,46,0.32204706900315244,0.7883481726447973,0.18699446635524522,treatment,0.2,0.5,0.6037735849056604
1480,8,47,0.6659562186362744,0.1867591031079097,0.8294417265508615,treatment,0.2,0.5,0.48936170212765956
1481,8,47,0.32204706900315244,0.8146854713616956,0.18720410259911655,treatment,0.2,0.5,0.6037735849056604
1482,8,48,0.6659562186362744,0.184510939649587,0.8292481922885503,treatment,0.2,0.5,0.48936170212765956
1483,8,48,0.32204706900315244,0.8145863318598818,0.18562644318208676,treatment,0.2,0.5,0.5660377358490566
1484,8,49,0.6659562186362744,0.18849053549906847,0.8308885400426969,treatment,0.2,0.5,0.44680851063829785
1485,8,49,0.32204706900315244,0.7901005578269034,0.187366119490193,treatment,0.2,0.5,0.6037735849056604
1486,8,50,0.6659562186362744,0.1875679822384143,0.8287008428781569,treatment,0.2,0.5,0.48936170212765956
1487,8,50,0.32204706900315244,0.8146202041929606,0.18746983190184024,treatment,0.2,0.5,0.6037735849056604
1488,8,51,0.6659562186362744,0.1858282066993142,0.8287230558419187,treatment,0.2,0.5,0.48936170212765956
1489,8,51,0.32204706900315244,0.8152741312949228,0.186344458787209,treatment,0.2,0.5,0.5849056603773585
1490,8,52,0.6659562186362744,0.18662728872868894,0.8284663271003782,treatment,0.2,0.5,0.5106382978723404
1491,8,52,0.32204706900315244,0.8167289723940694,0.18718542291795076,treatment,0.2,0.5,0.6226415094339622
1492,8,53,0.6659562186362744,0.18313318127062722,0.8290911783046151,treatment,0.2,0.5,0.48936170212765956
1493,8,53,0.32204706900315244,0.8163208694722958,0.1848036929893923,treatment,0.2,0.5,0.5660377358490566
1494,8,54,0.6659562186362744,0.18431778004344446,0.8291999957803904,treatment,0.2,0.5,0.48936170212765956
1495,8,54,0.32204706900315244,0.8174622930911001,0.185488420720972,treatment,0.2,0.5,0.5849056603773585
1496,8,55,0.6659562186362744,0.18190088341817257,0.8300553076661734,treatment,0.2,0.5,0.46808510638297873
1497,8,55,0.32204706900315244,0.787126766467516,0.18400199291664424,treatment,0.2,0.5,0.5471698113207547
1498,8,56,0.6659562186362744,0.1839114344271183,0.8292066479326208,treatment,0.2,0.5,0.48936170212765956
1499,8,56,0.32204706900315244,0.816884280498141,0.17873555625070847,treatment,0.2,0.5,0.5849056603773585
1500,8,57,0.6659562186362744,0.1811367351229127,0.8293097074564992,treatment,0.2,0.5,0.48936170212765956
1501,8,57,0.32204706900315244,0.8160538871364329,0.17701288807711246,treatment,0.2,0.5,0.5471698113207547
1502,8,58,0.6659562186362744,0.1844719972419159,0.830017323588638,treatment,0.2,0.5,0.46808510638297873
1503,8,58,0.32204706900315244,0.7881423811658813,0.17892730339230414,treatment,0.2,0.5,0.5849056603773585
1504,8,59,0.6659562186362744,0.18342367614868663,0.8290451949334409,treatment,0.2,0.5,0.48936170212765956
1505,8,59,0.32204706900315244,0.8143542572576892,0.17903603875560795,treatment,0.2,0.5,0.5849056603773585
1506,8,60,0.6659562186362744,0.18111265507296972,0.8290129770290169,treatment,0.2,0.5,0.48936170212765956
1507,8,60,0.32204706900315244,0.8145404273512495,0.17725928892717988,treatment,0.2,0.5,0.5471698113207547
1508,8,61,0.6659562186362744,0.18533450349807945,0.8306610614138225,treatment,0.2,0.5,0.44680851063829785
1509,8,61,0.32204706900315244,0.7900716342314966,0.17911145771491685,treatment,0.2,0.5,0.5849056603773585
1510,8,62,0.6659562186362744,0.18317350590632225,0.8279672102400113,treatment,0.2,0.5,0.5106382978723404
1511,8,62,0.32204706900315244,0.8128744676362959,0.17916290452285435,treatment,0.2,0.5,0.5849056603773585
1512,8,63,0.6659562186362744,0.17852627186321793,0.8283476874104804,treatment,0.2,0.5,0.5106382978723404
1513,8,63,0.32204706900315244,0.8122989448593932,0.1773631991599476,treatment,0.2,0.5,0.5471698113207547
1514,8,64,0.6659562186362744,0.18347053998839896,0.8294382162982715,treatment,0.2,0.5,0.48936170212765956
1515,8,64,0.32204706900315244,0.8177568607524052,0.17973496721861745,treatment,0.2,0.5,0.6037735849056604
1516,8,65,0.6659562186362744,0.18203956824682602,0.8309308425358282,treatment,0.2,0.5,0.44680851063829785
1517,8,65,0.32204706900315244,0.7895752402628583,0.17677309080782716,treatment,0.2,0.5,0.5471698113207547
1518,8,66,0.6659562186362744,0.1835755901058434,0.8285585600482522,treatment,0.2,0.5,0.48936170212765956
1519,8,66,0.32204706900315244,0.8171035814967217,0.17868306871422318,treatment,0.2,0.5,0.5849056603773585
1520,8,67,0.6659562186362744,0.18218925597389038,0.8287651761535397,treatment,0.2,0.5,0.48936170212765956
1521,8,67,0.32204706900315244,0.8173501928737853,0.1774282850469719,treatment,0.2,0.5,0.5660377358490566
1522,8,68,0.6659562186362744,0.18554682723061686,0.8295230509629126,treatment,0.2,0.5,0.46808510638297873
1523,8,68,0.32204706900315244,0.7900590668200452,0.17879344420908452,treatment,0.2,0.5,0.6037735849056604
1524,8,69,0.6659562186362744,0.18489958334784437,0.8293102071878161,treatment,0.2,0.5,0.46808510638297873
1525,8,69,0.32204706900315244,0.8178856692277044,0.17787178251102168,treatment,0.2,0.5,0.5849056603773585
1526,8,70,0.6659562186362744,0.18270467708654237,0.8289531048181514,treatment,0.2,0.5,0.46808510638297873
1527,8,70,0.32204706900315244,0.7868960819975059,0.17630986084576655,treatment,0.2,0.5,0.5471698113207547
1528,8,71,0.6659562186362744,0.18526609153016285,0.8288812660899271,treatment,0.2,0.5,0.46808510638297873
1529,8,71,0.32204706900315244,0.8194872158230648,0.17833193417896323,treatment,0.2,0.5,0.5849056603773585
1530,8,72,0.6659562186362744,0.18560623589242312,0.8281012596009427,treatment,0.2,0.5,0.48936170212765956
1531,8,72,0.32204706900315244,0.7859608649258378,0.17912803960082768,treatment,0.2,0.5,0.6037735849056604
1532,8,73,0.6659562186362744,0.18255719668050363,0.8291181771394334,treatment,0.2,0.5,0.46808510638297873
1533,8,73,0.32204706900315244,0.8176036359920986,0.17621160189154042,treatment,0.2,0.5,0.5471698113207547
1534,8,74,0.6659562186362744,0.1852241821702365,0.8287491959549355,treatment,0.2,0.5,0.46808510638297873
1535,8,74,0.32204706900315244,0.7894350070901193,0.17822747927383958,treatment,0.2,0.5,0.5849056603773585
1536,8,75,0.6659562186362744,0.18559358034108003,0.828657333081857,treatment,0.2,0.5,0.46808510638297873
1537,8,75,0.32204706900315244,0.8177230342213427,0.17842186796347376,treatment,0.2,0.5,0.5849056603773585
1538,8,76,0.6659562186362744,0.1847948800085174,0.8283971095993149,treatment,0.2,0.5,0.46808510638297873
1539,8,76,0.32204706900315244,0.7880506251517321,0.17730770800470663,treatment,0.2,0.5,0.5660377358490566
1540,8,77,0.6659562186362744,0.1844776177834413,0.827878685315552,treatment,0.2,0.5,0.48936170212765956
1541,8,77,0.32204706900315244,0.8184377717008184,0.17796280194185982,treatment,0.2,0.5,0.5849056603773585
1542,8,78,0.6659562186362744,0.18200803227775214,0.8277887124877242,treatment,0.2,0.5,0.48936170212765956
1543,8,78,0.32204706900315244,0.8174777410265763,0.17635786818145813,treatment,0.2,0.5,0.5471698113207547
1544,8,79,0.6659562186362744,0.18601781282037327,0.8294610842616756,treatment,0.2,0.5,0.44680851063829785
1545,8,79,0.32204706900315244,0.791530966257003,0.178317276417524,treatment,0.2,0.5,0.5849056603773585
1546,8,80,0.6659562186362744,0.18647250810989946,0.8273311934994274,treatment,0.2,0.5,0.48936170212765956
1547,8,80,0.32204706900315244,0.8168741133581702,0.17915908892106325,treatment,0.2,0.5,0.6037735849056604
1548,8,81,0.6659562186362744,0.1851124518970839,0.8281450518758989,treatment,0.2,0.5,0.46808510638297873
1549,8,81,0.32204706900315244,0.8192893747431592,0.17697456799851863,treatment,0.2,0.5,0.5660377358490566
1550,8,82,0.6659562186362744,0.18269248941657532,0.8263928763627482,treatment,0.2,0.5,0.5319148936170213
1551,8,82,0.32204706900315244,0.7855776092327732,0.17799279547035288,treatment,0.2,0.5,0.6037735849056604
1552,8,83,0.6659562186362744,0.1808633762251897,0.8296082927258426,treatment,0.2,0.5,0.46808510638297873
1553,8,83,0.32204706900315244,0.8196258501216843,0.17542857139395154,treatment,0.2,0.5,0.5471698113207547
1554,8,84,0.6659562186362744,0.18244892331985832,0.8282249278544854,treatment,0.2,0.5,0.48936170212765956
1555,8,84,0.32204706900315244,0.7878832901109885,0.17758152594319312,treatment,0.2,0.5,0.5849056603773585
1556,8,85,0.6659562186362744,0.18113617039307933,0.8292977944460184,treatment,0.2,0.5,0.46808510638297873
1557,8,85,0.32204706900315244,0.8191766600686238,0.17597845193007666,treatment,0.2,0.5,0.5471698113207547
1558,8,86,0.6659562186362744,0.18415649591679714,0.8288157934236622,treatment,0.2,0.5,0.46808510638297873
1559,8,86,0.32204706900315244,0.7896883463747584,0.17796546325604454,treatment,0.2,0.5,0.5849056603773585
1560,8,87,0.6659562186362744,0.18334594733406379,0.8281457212733927,treatment,0.2,0.5,0.48936170212765956
1561,8,87,0.32204706900315244,0.8160246647836588,0.1781298606089361,treatment,0.2,0.5,0.5849056603773585
1562,8,88,0.6659562186362744,0.17926773988182373,0.8272375262532994,treatment,0.2,0.5,0.5106382978723404
1563,8,88,0.32204706900315244,0.8139489783865395,0.17639828329742507,treatment,0.2,0.5,0.5471698113207547
1564,8,89,0.6659562186362744,0.18347148428632645,0.8290357351076673,treatment,0.2,0.5,0.46808510638297873
1565,8,89,0.32204706900315244,0.8199621525313042,0.17828983020645606,treatment,0.2,0.5,0.5849056603773585
1566,8,90,0.6659562186362744,0.18426253138216722,0.8286079753763937,treatment,0.2,0.5,0.46808510638297873
1567,8,90,0.32204706900315244,0.7871607090195104,0.17837523136955374,treatment,0.2,0.5,0.5849056603773585
1568,8,91,0.6659562186362744,0.18221637423883774,0.828432888293331,treatment,0.2,0.5,0.46808510638297873
1569,8,91,0.32204706900315244,0.8173148238424299,0.17660900112542288,treatment,0.2,0.5,0.5471698113207547
1570,8,92,0.6659562186362744,0.18347476193766132,0.8276205872686091,treatment,0.2,0.5,0.48936170212765956
1571,8,92,0.32204706900315244,0.7872841782168621,0.17845527251311258,treatment,0.2,0.5,0.5849056603773585
1572,8,93,0.6659562186362744,0.18361387477573368,0.8285952689807672,treatment,0.2,0.5,0.46808510638297873
1573,8,93,0.32204706900315244,0.8192680160757635,0.17776781328629052,treatment,0.2,0.5,0.5660377358490566
1574,8,94,0.6659562186362744,0.18474947282867774,0.8274504136651586,treatment,0.2,0.5,0.48936170212765956
1575,8,94,0.32204706900315244,0.7881878038614245,0.17895564605779457,treatment,0.2,0.5,0.6037735849056604
1576,8,95,0.6659562186362744,0.18333225845931306,0.8286462571318066,treatment,0.2,0.5,0.46808510638297873
1577,8,95,0.32204706900315244,0.8203508087757878,0.17657825255563886,treatment,0.2,0.5,0.5660377358490566
1578,8,96,0.6659562186362744,0.18472069518828632,0.8282491692842462,treatment,0.2,0.5,0.46808510638297873
1579,8,96,0.32204706900315244,0.790453993809368,0.17721451051533565,treatment,0.2,0.5,0.5849056603773585
1580,8,97,0.6659562186362744,0.1849778640275381,0.8276134506951134,treatment,0.2,0.5,0.48936170212765956
1581,8,97,0.32204706900315244,0.81767496860762,0.17796695926925593,treatment,0.2,0.5,0.6037735849056604
1582,8,98,0.6659562186362744,0.18139961580107344,0.8274305217545788,treatment,0.2,0.5,0.48936170212765956
1583,8,98,0.32204706900315244,0.8170123540610703,0.17530937236060198,treatment,0.2,0.5,0.5471698113207547
1584,8,99,0.6659562186362744,0.1854986123945768,0.8290677875052489,treatment,0.2,0.5,0.44680851063829785
1585,8,99,0.32204706900315244,0.7922804252115984,0.17741805951057674,treatment,0.2,0.5,0.5849056603773585
1586,9,1,0.6651510256752446,0.2217778745279277,0.7775241505914974,treatment,0.2,0.5,0.7307692307692307
1587,9,1,0.30091819221598826,0.7184168650816568,0.2670812994137728,treatment,0.2,0.5,0.8125
1588,9,2,0.6651510256752446,0.20728962471365459,0.8106076538597912,treatment,0.2,0.5,0.5192307692307693
1589,9,2,0.30091819221598826,0.7485552676080243,0.2236664107410445,treatment,0.2,0.5,0.875
1590,9,3,0.6651510256752446,0.20328824372204965,0.8235034272071844,treatment,0.2,0.5,0.46153846153846156
1591,9,3,0.30091819221598826,0.7626795186378672,0.1911389906030211,treatment,0.2,0.5,0.7708333333333334
1592,9,4,0.6651510256752446,0.19922970870033546,0.829529554176723,treatment,0.2,0.5,0.4807692307692308
1593,9,4,0.30091819221598826,0.7456036474075206,0.18619922599585817,treatment,0.2,0.5,0.7291666666666666
1594,9,5,0.6651510256752446,0.19943279648976717,0.8304994750153939,treatment,0.2,0.5,0.46153846153846156
1595,9,5,0.30091819221598826,0.7733767990046495,0.18581229644691435,treatment,0.2,0.5,0.7291666666666666
1596,9,6,0.6651510256752446,0.19791761517318968,0.8300351689853799,treatment,0.2,0.5,0.4807692307692308
1597,9,6,0.30091819221598826,0.7534485793097024,0.18550218579380381,treatment,0.2,0.5,0.7291666666666666
1598,9,7,0.6651510256752446,0.19664733713221236,0.8300297454237581,treatment,0.2,0.5,0.5
1599,9,7,0.30091819221598826,0.7774947091927636,0.18507612051881592,treatment,0.2,0.5,0.75
1600,9,8,0.6651510256752446,0.19687717128634957,0.8315089981119743,treatment,0.2,0.5,0.46153846153846156
1601,9,8,0.30091819221598826,0.7817744971581003,0.18400504939533366,treatment,0.2,0.5,0.7291666666666666
1602,9,9,0.6651510256752446,0.19858283004410948,0.8309408514682439,treatment,0.2,0.5,0.46153846153846156
1603,9,9,0.30091819221598826,0.7627111163944789,0.185078128133638,treatment,0.2,0.5,0.75
1604,9,10,0.6651510256752446,0.19512243786190722,0.8294212004128917,treatment,0.2,0.5,0.5
1605,9,10,0.30091819221598826,0.7828729255470224,0.183517847183839,treatment,0.2,0.5,0.7291666666666666
1606,9,11,0.6651510256752446,0.1961848461589861,0.8309498978849145,treatment,0.2,0.5,0.46153846153846156
1607,9,11,0.30091819221598826,0.7863728165119976,0.18352261046075166,treatment,0.2,0.5,0.7291666666666666
1608,9,12,0.6651510256752446,0.1966138694376442,0.8304178052541425,treatment,0.2,0.5,0.46153846153846156
1609,9,12,0.30091819221598826,0.7652872121694209,0.18349275390220607,treatment,0.2,0.5,0.7291666666666666
1610,9,13,0.6651510256752446,0.19666657412601699,0.8294507939899981,treatment,0.2,0.5,0.4807692307692308
1611,9,13,0.30091819221598826,0.7879625929580044,0.18361792504328855,treatment,0.2,0.5,0.75
1612,9,14,0.6651510256752446,0.19357621491760157,0.8292096102371709,treatment,0.2,0.5,0.5
1613,9,14,0.30091819221598826,0.7870667746984612,0.18269554326087167,treatment,0.2,0.5,0.7291666666666666
1614,9,15,0.6651510256752446,0.196025538946955,0.8306412629390392,treatment,0.2,0.5,0.46153846153846156
1615,9,15,0.30091819221598826,0.7912371641329118,0.1828592640861162,treatment,0.2,0.5,0.75
1616,9,16,0.6651510256752446,0.19304382360554795,0.8294480325964406,treatment,0.2,0.5,0.4807692307692308
1617,9,16,0.30091819221598826,0.7679210828042571,0.18049082084769275,treatment,0.2,0.5,0.7083333333333334
1618,9,17,0.6651510256752446,0.18956691268584297,0.8299893746040197,treatment,0.2,0.5,0.46153846153846156
1619,9,17,0.30091819221598826,0.8129356104998577,0.1768351799899811,treatment,0.2,0.5,0.6458333333333334
1620,9,18,0.6651510256752446,0.1834084300603698,0.8286668857533193,treatment,0.2,0.5,0.5
1621,9,18,0.30091819221598826,0.7894062245414991,0.16675791127153886,treatment,0.2,0.5,0.6041666666666666
1622,9,19,0.6651510256752446,0.1857528466803104,0.8296525665538012,treatment,0.2,0.5,0.4807692307692308
1623,9,19,0.30091819221598826,0.8144749363903258,0.1686384658448544,treatment,0.2,0.5,0.6458333333333334
1624,9,20,0.6651510256752446,0.1837157707450283,0.830025800349219,treatment,0.2,0.5,0.46153846153846156
1625,9,20,0.30091819221598826,0.8165129964915013,0.16637291717599714,treatment,0.2,0.5,0.6041666666666666
1626,9,21,0.6651510256752446,0.18499599360111935,0.8290811866101456,treatment,0.2,0.5,0.4807692307692308
1627,9,21,0.30091819221598826,0.7819064709039593,0.16861310226477597,treatment,0.2,0.5,0.6458333333333334
1628,9,22,0.6651510256752446,0.1792177654827561,0.8285941667026712,treatment,0.2,0.5,0.5
1629,9,22,0.30091819221598826,0.8112087508909118,0.1651213380283939,treatment,0.2,0.5,0.5833333333333334
1630,9,23,0.6651510256752446,0.18417949857173682,0.8299351362852558,treatment,0.2,0.5,0.46153846153846156
1631,9,23,0.30091819221598826,0.817591435833748,0.16879870383682397,treatment,0.2,0.5,0.6458333333333334
1632,9,24,0.6651510256752446,0.18476818406199091,0.8292913516602638,treatment,0.2,0.5,0.46153846153846156
1633,9,24,0.30091819221598826,0.7817174650272379,0.1680153426433987,treatment,0.2,0.5,0.6458333333333334
1634,9,25,0.6651510256752446,0.18147051656247418,0.8282907371962313,treatment,0.2,0.5,0.4807692307692308
1635,9,25,0.30091819221598826,0.8130378556675879,0.16548886151567513,treatment,0.2,0.5,0.6041666666666666
1636,9,26,0.6651510256752446,0.18329353086013367,0.8284253411225339,treatment,0.2,0.5,0.4807692307692308
1637,9,26,0.30091819221598826,0.816755248120821,0.16806756981075244,treatment,0.2,0.5,0.6458333333333334
1638,9,27,0.6651510256752446,0.17802352838182595,0.828380104184457,treatment,0.2,0.5,0.4807692307692308
1639,9,27,0.30091819221598826,0.8147545350458548,0.16461032800799166,treatment,0.2,0.5,0.5833333333333334
1640,9,28,0.6651510256752446,0.18045456300701074,0.8281437592179086,treatment,0.2,0.5,0.5
1641,9,28,0.30091819221598826,0.8148197858733841,0.1681116569077885,treatment,0.2,0.5,0.6458333333333334
1642,9,29,0.6651510256752446,0.17770402433159,0.8294830765121469,treatment,0.2,0.5,0.46153846153846156
1643,9,29,0.30091819221598826,0.8166613059139348,0.16456200668152704,treatment,0.2,0.5,0.5833333333333334
1644,9,30,0.6651510256752446,0.18108570812432248,0.8283355996944187,treatment,0.2,0.5,0.4807692307692308
1645,9,30,0.30091819221598826,0.7840705857491358,0.1679743458367747,treatment,0.2,0.5,0.6458333333333334
1646,9,31,0.6651510256752446,0.17999064239580423,0.8282606578619809,treatment,0.2,0.5,0.4807692307692308
1647,9,31,0.30091819221598826,0.817208587029928,0.16604309499865735,treatment,0.2,0.5,0.625
1648,9,32,0.6651510256752446,0.18185146460637963,0.8287170168077209,treatment,0.2,0.5,0.46153846153846156
1649,9,32,0.30091819221598826,0.8202863851970111,0.1666400347885874,treatment,0.2,0.5,0.6458333333333334
1650,9,33,0.6651510256752446,0.18374263405583655,0.8282190473204241,treatment,0.2,0.5,0.46153846153846156
1651,9,33,0.30091819221598826,0.7853331509402216,0.16703314993481425,treatment,0.2,0.5,0.6666666666666666
1652,9,34,0.6651510256752446,0.1763646588640731,0.8268620801487773,treatment,0.2,0.5,0.5
1653,9,34,0.30091819221598826,0.8129933037741063,0.16257447254390875,treatment,0.2,0.5,0.5833333333333334
1654,9,35,0.6651510256752446,0.17997478751050233,0.8280118181660915,treatment,0.2,0.5,0.4807692307692308
1655,9,35,0.30091819221598826,0.8184002317979884,0.16678468665723853,treatment,0.2,0.5,0.6458333333333334
1656,9,36,0.6651510256752446,0.17699359703835088,0.8284303481497447,treatment,0.2,0.5,0.46153846153846156
1657,9,36,0.30091819221598826,0.8185185836474825,0.1633811963201662,treatment,0.2,0.5,0.5833333333333334
1658,9,37,0.6651510256752446,0.18033247991742823,0.8269491106766286,treatment,0.2,0.5,0.5
1659,9,37,0.30091819221598826,0.7848647695459308,0.1675763931838318,treatment,0.2,0.5,0.6666666666666666
1660,9,38,0.6651510256752446,0.17522249673193785,0.8280295844709351,treatment,0.2,0.5,0.4807692307692308
1661,9,38,0.30091819221598826,0.8166749661411915,0.1629817668469265,treatment,0.2,0.5,0.5833333333333334
1662,9,39,0.6651510256752446,0.17859456091965895,0.827674143406693,treatment,0.2,0.5,0.4807692307692308
1663,9,39,0.30091819221598826,0.8182463398160819,0.16655720994359688,treatment,0.2,0.5,0.6458333333333334
1664,9,40,0.6651510256752446,0.17804414575411254,0.8278005931574223,treatment,0.2,0.5,0.4807692307692308
1665,9,40,0.30091819221598826,0.8192784359509182,0.16527816264158238,treatment,0.2,0.5,0.625
1666,9,41,0.6651510256752446,0.17982609447108727,0.8282294413200965,treatment,0.2,0.5,0.46153846153846156
1667,9,41,0.30091819221598826,0.82213139444896,0.16555428989382545,treatment,0.2,0.5,0.6458333333333334
1668,9,42,0.6651510256752446,0.1781296387589521,0.8268879130335474,treatment,0.2,0.5,0.5
1669,9,42,0.30091819221598826,0.7819060968218002,0.16518487040332627,treatment,0.2,0.5,0.6458333333333334
1670,9,43,0.6651510256752446,0.1758695180796674,0.8277408433649576,treatment,0.2,0.5,0.4807692307692308
1671,9,43,0.30091819221598826,0.8162710867418498,0.162913680356246,treatment,0.2,0.5,0.6041666666666666
1672,9,44,0.6651510256752446,0.1794034347752005,0.8280780698033905,treatment,0.2,0.5,0.46153846153846156
1673,9,44,0.30091819221598826,0.8219735542220654,0.1657020927399582,treatment,0.2,0.5,0.6458333333333334
1674,9,45,0.6651510256752446,0.1801089773512399,0.8275150862082918,treatment,0.2,0.5,0.46153846153846156
1675,9,45,0.30091819221598826,0.7856980570571884,0.16523462634299851,treatment,0.2,0.5,0.6458333333333334
1676,9,46,0.6651510256752446,0.174239249919126,0.8261364468710226,treatment,0.2,0.5,0.5
1677,9,46,0.30091819221598826,0.8137985196854,0.16213104584388252,treatment,0.2,0.5,0.5833333333333334
1678,9,47,0.6651510256752446,0.18058036548507686,0.8276533282073367,treatment,0.2,0.5,0.46153846153846156
1679,9,47,0.30091819221598826,0.8226519528172626,0.16694177578645467,treatment,0.2,0.5,0.6666666666666666
1680,9,48,0.6651510256752446,0.18006742765865294,0.8271176232574688,treatment,0.2,0.5,0.46153846153846156
1681,9,48,0.30091819221598826,0.7861625367755517,0.16496860859908535,treatment,0.2,0.5,0.6458333333333334
1682,9,49,0.6651510256752446,0.1755993845307506,0.825899061287266,treatment,0.2,0.5,0.5
1683,9,49,0.30091819221598826,0.8152370738900735,0.1627239658126157,treatment,0.2,0.5,0.6041666666666666
1684,9,50,0.6651510256752446,0.17811165998960138,0.8269606010460943,treatment,0.2,0.5,0.4807692307692308
1685,9,50,0.30091819221598826,0.8203556096919948,0.16549746646446475,treatment,0.2,0.5,0.6458333333333334
1686,9,51,0.6651510256752446,0.17521058861080024,0.8273634841254146,treatment,0.2,0.5,0.46153846153846156
1687,9,51,0.30091819221598826,0.8202767097579103,0.1622407241444865,treatment,0.2,0.5,0.5833333333333334
1688,9,52,0.6651510256752446,0.17861137442198488,0.8263108432775984,treatment,0.2,0.5,0.4807692307692308
1689,9,52,0.30091819221598826,0.7873331696667404,0.1658660807058441,treatment,0.2,0.5,0.6458333333333334
1690,9,53,0.6651510256752446,0.17548334051036843,0.8269005540027224,treatment,0.2,0.5,0.46153846153846156
1691,9,53,0.30091819221598826,0.8196742620116545,0.162472926313293,treatment,0.2,0.5,0.5833333333333334
1692,9,54,0.6651510256752446,0.17966174820740186,0.8264876627337755,treatment,0.2,0.5,0.46153846153846156
1693,9,54,0.30091819221598826,0.7890692677626033,0.1659768146940717,treatment,0.2,0.5,0.6458333333333334
1694,9,55,0.6651510256752446,0.1778940500026114,0.8247952056035884,treatment,0.2,0.5,0.5192307692307693
1695,9,55,0.30091819221598826,0.8134480548472464,0.16589094950229652,treatment,0.2,0.5,0.6666666666666666
1696,9,56,0.6651510256752446,0.17140488604146562,0.8265292348587912,treatment,0.2,0.5,0.5
1697,9,56,0.30091819221598826,0.8140756213106809,0.1615975714493817,treatment,0.2,0.5,0.5833333333333334
1698,9,57,0.6651510256752446,0.17709650241322025,0.8278471463447585,treatment,0.2,0.5,0.46153846153846156
1699,9,57,0.30091819221598826,0.821752831727899,0.16572378187623404,treatment,0.2,0.5,0.6458333333333334
1700,9,58,0.6651510256752446,0.17867108619645666,0.8265872632958643,treatment,0.2,0.5,0.4807692307692308
1701,9,58,0.30091819221598826,0.7849500350323169,0.16589444847341983,treatment,0.2,0.5,0.6666666666666666
1702,9,59,0.6651510256752446,0.1731977738942758,0.8266021641168864,treatment,0.2,0.5,0.4807692307692308
1703,9,59,0.30091819221598826,0.8161892714302863,0.1613992472645777,treatment,0.2,0.5,0.5833333333333334
1704,9,60,0.6651510256752446,0.17807090187201055,0.8270324217747226,treatment,0.2,0.5,0.46153846153846156
1705,9,60,0.30091819221598826,0.822110611473716,0.16553000284246389,treatment,0.2,0.5,0.6458333333333334
1706,9,61,0.6651510256752446,0.17908343690552733,0.8259567703717927,treatment,0.2,0.5,0.4807692307692308
1707,9,61,0.30091819221598826,0.7852654406690492,0.1654997050124358,treatment,0.2,0.5,0.6666666666666666
1708,9,62,0.6651510256752446,0.17481429628955988,0.8265438988630126,treatment,0.2,0.5,0.46153846153846156
1709,9,62,0.30091819221598826,0.818312388664021,0.161248924294633,treatment,0.2,0.5,0.5833333333333334
1710,9,63,0.6651510256752446,0.17913518781428237,0.8257644811470833,treatment,0.2,0.5,0.4807692307692308
1711,9,63,0.30091819221598826,0.7890250446855717,0.16610170639587044,treatment,0.2,0.5,0.6666666666666666
1712,9,64,0.6651510256752446,0.17243031421330593,0.8254636506338845,treatment,0.2,0.5,0.5
1713,9,64,0.30091819221598826,0.8172852474455577,0.16151320022301865,treatment,0.2,0.5,0.5833333333333334
1714,9,65,0.6651510256752446,0.17765635455198872,0.8268520678981984,treatment,0.2,0.5,0.46153846153846156
1715,9,65,0.30091819221598826,0.8225314682733815,0.16515476684212416,treatment,0.2,0.5,0.6458333333333334
1716,9,66,0.6651510256752446,0.1785088697795829,0.8262478550435506,treatment,0.2,0.5,0.46153846153846156
1717,9,66,0.30091819221598826,0.7863337792934333,0.16455214625430087,treatment,0.2,0.5,0.6458333333333334
1718,9,67,0.6651510256752446,0.17725279614343434,0.8253160647519243,treatment,0.2,0.5,0.4807692307692308
1719,9,67,0.30091819221598826,0.8183290324257992,0.16354080229492485,treatment,0.2,0.5,0.625
1720,9,68,0.6651510256752446,0.1777123244009885,0.8255190117700436,treatment,0.2,0.5,0.4807692307692308
1721,9,68,0.30091819221598826,0.8215008851182325,0.16444707082786328,treatment,0.2,0.5,0.6458333333333334
1722,9,69,0.6651510256752446,0.17465716157110595,0.8260820049700719,treatment,0.2,0.5,0.46153846153846156
1723,9,69,0.30091819221598826,0.8212796653336953,0.16126505578347813,treatment,0.2,0.5,0.5833333333333334
1724,9,70,0.6651510256752446,0.17666381437619622,0.8248107812203795,treatment,0.2,0.5,0.5
1725,9,70,0.30091819221598826,0.7864176522481848,0.1649634940213562,treatment,0.2,0.5,0.6458333333333334
1726,9,71,0.6651510256752446,0.17397168744659627,0.8263209817351366,treatment,0.2,0.5,0.46153846153846156
1727,9,71,0.30091819221598826,0.8203254230064458,0.16161528545977885,treatment,0.2,0.5,0.5833333333333334
1728,9,72,0.6651510256752446,0.18111871725970535,0.8257757655319184,treatment,0.2,0.5,0.46153846153846156
1729,9,72,0.30091819221598826,0.7921647152419614,0.1670346906906186,treatment,0.2,0.5,0.6875
1730,9,73,0.6651510256752446,0.17819815771946906,0.8245308093667875,treatment,0.2,0.5,0.5
1731,9,73,0.30091819221598826,0.8175036390667678,0.1650140137251707,treatment,0.2,0.5,0.6666666666666666
1732,9,74,0.6651510256752446,0.17426010659834318,0.8260623108500131,treatment,0.2,0.5,0.46153846153846156
1733,9,74,0.30091819221598826,0.8198734863025733,0.16063108146095786,treatment,0.2,0.5,0.5833333333333334
1734,9,75,0.6651510256752446,0.17722186915882746,0.8251156296369678,treatment,0.2,0.5,0.4807692307692308
1735,9,75,0.30091819221598826,0.7887930140673166,0.16445250028776184,treatment,0.2,0.5,0.6458333333333334
1736,9,76,0.6651510256752446,0.17310205120192823,0.8253021459654661,treatment,0.2,0.5,0.4807692307692308
1737,9,76,0.30091819221598826,0.8192360193029025,0.16116574458448332,treatment,0.2,0.5,0.5833333333333334
1738,9,77,0.6651510256752446,0.17554054998822222,0.8250583527377869,treatment,0.2,0.5,0.5
1739,9,77,0.30091819221598826,0.8191819092886526,0.16479769285174647,treatment,0.2,0.5,0.6458333333333334
1740,9,78,0.6651510256752446,0.17159583865653927,0.825667377294715,treatment,0.2,0.5,0.4807692307692308
1741,9,78,0.30091819221598826,0.8186715706976851,0.16142222760126598,treatment,0.2,0.5,0.5833333333333334
1742,9,79,0.6651510256752446,0.1784263078487466,0.825732103068779,treatment,0.2,0.5,0.4807692307692308
1743,9,79,0.30091819221598826,0.8230914940277337,0.16628350653833016,treatment,0.2,0.5,0.6875
1744,9,80,0.6651510256752446,0.17609568010942606,0.8261317725934609,treatment,0.2,0.5,0.46153846153846156
1745,9,80,0.30091819221598826,0.8234794147950893,0.16291980133931258,treatment,0.2,0.5,0.625
1746,9,81,0.6651510256752446,0.17689542981197814,0.8251495416974733,treatment,0.2,0.5,0.4807692307692308
1747,9,81,0.30091819221598826,0.7866791956127352,0.16390569553440948,treatment,0.2,0.5,0.6458333333333334
1748,9,82,0.6651510256752446,0.17270713140118488,0.825161614375252,treatment,0.2,0.5,0.4807692307692308
1749,9,82,0.30091819221598826,0.8177438868365682,0.16080339569558588,treatment,0.2,0.5,0.5833333333333334
1750,9,83,0.6651510256752446,0.17754708498465324,0.8251058396524352,treatment,0.2,0.5,0.4807692307692308
1751,9,83,0.30091819221598826,0.8219368730673272,0.1656281958583177,treatment,0.2,0.5,0.6666666666666666
1752,9,84,0.6651510256752446,0.17197499686520532,0.8254395799023412,treatment,0.2,0.5,0.4807692307692308
1753,9,84,0.30091819221598826,0.819873783929944,0.16089383452316444,treatment,0.2,0.5,0.5833333333333334
1754,9,85,0.6651510256752446,0.17623926370450188,0.8249415186084644,treatment,0.2,0.5,0.5
1755,9,85,0.30091819221598826,0.8206103041796561,0.16513568260880082,treatment,0.2,0.5,0.6666666666666666
1756,9,86,0.6651510256752446,0.17263327297590275,0.8262470646295251,treatment,0.2,0.5,0.46153846153846156
1757,9,86,0.30091819221598826,0.8217528276703074,0.16068026755303516,treatment,0.2,0.5,0.5833333333333334
1758,9,87,0.6651510256752446,0.17724154745272347,0.8255913019379549,treatment,0.2,0.5,0.46153846153846156
1759,9,87,0.30091819221598826,0.7906769064658455,0.16435624936053658,treatment,0.2,0.5,0.6458333333333334
1760,9,88,0.6651510256752446,0.17688798368903177,0.8246190705909436,treatment,0.2,0.5,0.4807692307692308
1761,9,88,0.30091819221598826,0.8174370193240277,0.16378105228479048,treatment,0.2,0.5,0.6458333333333334
1762,9,89,0.6651510256752446,0.1725662083694428,0.824790626763191,treatment,0.2,0.5,0.4807692307692308
1763,9,89,0.30091819221598826,0.8170473007421376,0.16069830594444914,treatment,0.2,0.5,0.5833333333333334
1764,9,90,0.6651510256752446,0.17730389366734614,0.8253404433523621,treatment,0.2,0.5,0.46153846153846156
1765,9,90,0.30091819221598826,0.8227577786582,0.1648004394611773,treatment,0.2,0.5,0.6458333333333334
1766,9,91,0.6651510256752446,0.17704678979142516,0.8240556186313623,treatment,0.2,0.5,0.5
1767,9,91,0.30091819221598826,0.7840908217807403,0.1647032186564277,treatment,0.2,0.5,0.6666666666666666
1768,9,92,0.6651510256752446,0.17321252807799636,0.8255612224312284,treatment,0.2,0.5,0.46153846153846156
1769,9,92,0.30091819221598826,0.8188004480555334,0.16045197455593355,treatment,0.2,0.5,0.5833333333333334
1770,9,93,0.6651510256752446,0.17658319441779977,0.8245506499629922,treatment,0.2,0.5,0.4807692307692308
1771,9,93,0.30091819221598826,0.7884641563985397,0.1646024904652169,treatment,0.2,0.5,0.6458333333333334
1772,9,94,0.6651510256752446,0.17099009638351348,0.8242084321120685,treatment,0.2,0.5,0.5
1773,9,94,0.30091819221598826,0.817073182086427,0.16128012438127046,treatment,0.2,0.5,0.5833333333333334
1774,9,95,0.6651510256752446,0.1776654525413356,0.8257131273286921,treatment,0.2,0.5,0.46153846153846156
1775,9,95,0.30091819221598826,0.823954652076481,0.16547269549207883,treatment,0.2,0.5,0.6666666666666666
1776,9,96,0.6651510256752446,0.17736680229975138,0.8251100830510713,treatment,0.2,0.5,0.46153846153846156
1777,9,96,0.30091819221598826,0.7874188481319621,0.16347988567128177,treatment,0.2,0.5,0.6458333333333334
1778,9,97,0.6651510256752446,0.17324149931919308,0.823771643941928,treatment,0.2,0.5,0.5
1779,9,97,0.30091819221598826,0.8165715229328695,0.1612775778655158,treatment,0.2,0.5,0.6041666666666666
1780,9,98,0.6651510256752446,0.17566828253045508,0.8249277056309887,treatment,0.2,0.5,0.4807692307692308
1781,9,98,0.30091819221598826,0.821621433808874,0.16405208286060038,treatment,0.2,0.5,0.6458333333333334
1782,9,99,0.6651510256752446,0.1729058831469486,0.8253400241948547,treatment,0.2,0.5,0.46153846153846156
1783,9,99,0.30091819221598826,0.8215393729271779,0.16085848969247005,treatment,0.2,0.5,0.5833333333333334
